velocity_1min,velocity_5min,velocity_60min,velocity_1440min,ip_novelty,device_novelty,geo_novelty,impossible_travel,travel_speed_kmh,device_consistency_score,user_agent_consistency,sparse_history,label
5.0,27.0,62.0,72.0,1.0,1.0,1.0,0.0,0.0,0.2247817,0.10675084,0.0,1.0
5.0,28.0,77.0,193.0,1.0,1.0,1.0,0.0,0.0,0.22110328,0.17043461,0.0,1.0
1.0,1.0,7.0,19.0,0.0,0.0,0.0,0.0,0.0,0.84209514,0.85220367,0.0,0.0
1.0,1.0,2.0,25.0,0.0,0.0,0.0,0.0,0.0,0.9372605,0.9564426,0.0,0.0
1.0,2.0,6.0,7.0,0.0,0.0,0.0,0.0,0.0,0.8128041,0.9494917,0.0,0.0
0.0,1.0,8.0,5.0,0.0,0.0,0.0,0.0,0.0,0.8200655,0.9775438,0.0,0.0
1.0,0.0,8.0,10.0,0.0,0.0,0.0,0.0,0.0,0.86204815,0.9159121,0.0,0.0
1.0,3.0,8.0,20.0,0.0,0.0,0.0,0.0,0.0,0.9412811,0.86184776,0.0,0.0
0.0,1.0,1.0,12.0,0.0,0.0,0.0,0.0,0.0,0.9273719,0.98873806,0.0,0.0
0.0,3.0,4.0,12.0,1.0,0.0,1.0,1.0,1026.0,0.7104982,0.9055138,0.0,1.0
0.0,0.0,5.0,1.0,0.5,0.5,0.5,0.0,0.0,0.5,0.5,1.0,0.0
5.0,30.0,42.0,114.0,1.0,0.0,0.0,0.0,0.0,0.15581995,0.09722472,0.0,1.0
0.0,4.0,7.0,9.0,1.0,0.0,1.0,1.0,1891.0,0.703668,0.7522848,0.0,1.0
0.0,1.0,4.0,16.0,1.0,0.0,1.0,1.0,1998.0,0.917405,0.9541659,0.0,1.0
0.0,1.0,4.0,19.0,0.0,0.0,0.0,0.0,0.0,0.83261675,0.8927774,0.0,0.0
2.0,7.0,11.0,12.0,0.0,0.0,1.0,0.0,0.0,0.4077791,0.675276,1.0,1.0
1.0,2.0,4.0,25.0,0.0,0.0,0.0,0.0,0.0,0.95036197,0.8811717,0.0,0.0
2.0,3.0,6.0,8.0,1.0,0.0,1.0,1.0,3996.0,0.76764345,0.7116235,0.0,1.0
13.0,38.0,66.0,106.0,1.0,0.0,0.0,0.0,0.0,0.09992304,0.26403973,0.0,1.0
0.0,0.0,2.0,23.0,0.0,0.0,0.0,0.0,0.0,0.93738395,0.9240374,0.0,0.0
1.0,2.0,5.0,18.0,0.0,0.0,0.0,0.0,0.0,0.83384013,0.8595849,0.0,0.0
0.0,2.0,3.0,4.0,0.5,0.5,0.5,0.0,0.0,0.5,0.5,1.0,0.0
0.0,2.0,8.0,17.0,0.0,0.0,0.0,0.0,0.0,0.9311747,0.9845692,0.0,0.0
0.0,3.0,8.0,28.0,0.0,0.0,0.0,0.0,0.0,0.86565113,0.96305597,0.0,0.0
10.0,31.0,38.0,199.0,1.0,1.0,1.0,0.0,0.0,0.25905272,0.14839594,0.0,1.0
9.0,18.0,75.0,78.0,1.0,0.0,0.0,0.0,0.0,0.084927514,0.20606548,0.0,1.0
1.0,2.0,1.0,4.0,0.5,0.5,0.5,0.0,0.0,0.5,0.5,1.0,0.0
3.0,8.0,8.0,10.0,0.0,0.0,1.0,0.0,0.0,0.6541903,0.7110934,1.0,1.0
0.0,3.0,4.0,7.0,0.0,0.0,0.0,0.0,0.0,0.88477826,0.91781706,0.0,0.0
0.0,0.0,7.0,12.0,0.0,0.0,0.0,0.0,0.0,0.94279027,0.95412874,0.0,0.0
15.0,16.0,95.0,73.0,1.0,1.0,0.0,0.0,0.0,0.09992829,0.16219208,0.0,1.0
11.0,23.0,32.0,135.0,1.0,0.0,1.0,0.0,0.0,0.054736394,0.09504758,0.0,1.0
1.0,0.0,3.0,28.0,0.0,0.0,0.0,0.0,0.0,0.9442847,0.89805853,0.0,0.0
0.0,2.0,6.0,27.0,0.0,0.0,0.0,0.0,0.0,0.9382701,0.9425051,0.0,0.0
1.0,1.0,2.0,7.0,0.0,0.0,0.0,0.0,0.0,0.975682,0.9847527,0.0,0.0
2.0,0.0,8.0,19.0,1.0,0.0,1.0,1.0,4387.0,0.90721846,0.95455617,0.0,1.0
0.0,2.0,7.0,24.0,0.0,0.0,0.0,0.0,0.0,0.8644338,0.8748061,0.0,0.0
1.0,3.0,4.0,14.0,0.0,0.0,0.0,0.0,0.0,0.91917676,0.9186351,0.0,0.0
2.0,1.0,3.0,22.0,1.0,0.0,1.0,1.0,4090.0,0.7398644,0.89930713,0.0,1.0
9.0,15.0,81.0,55.0,1.0,1.0,0.0,0.0,0.0,0.25033054,0.20453131,0.0,1.0
1.0,1.0,3.0,26.0,0.0,0.0,0.0,0.0,0.0,0.870211,0.90641135,0.0,0.0
0.0,3.0,2.0,29.0,0.0,0.0,0.0,0.0,0.0,0.8834613,0.96454734,0.0,0.0
1.0,0.0,7.0,11.0,0.0,0.0,0.0,0.0,0.0,0.8825797,0.85924226,0.0,0.0
2.0,1.0,3.0,9.0,1.0,0.0,1.0,1.0,4431.0,0.63088524,0.72202224,0.0,1.0
12.0,26.0,72.0,122.0,1.0,1.0,1.0,0.0,0.0,0.18788221,0.08014888,0.0,1.0
0.0,1.0,1.0,11.0,0.0,0.0,0.0,0.0,0.0,0.8866011,0.8703216,0.0,0.0
8.0,17.0,81.0,159.0,1.0,1.0,0.0,0.0,0.0,0.15020831,0.07384627,0.0,1.0
0.0,0.0,7.0,14.0,0.0,0.0,0.0,0.0,0.0,0.8078502,0.906513,0.0,0.0
6.0,24.0,35.0,111.0,1.0,0.0,1.0,0.0,0.0,0.27063897,0.18443438,0.0,1.0
1.0,2.0,7.0,11.0,0.0,0.0,0.0,0.0,0.0,0.9110553,0.9726813,0.0,0.0
0.0,2.0,2.0,17.0,0.0,0.0,0.0,0.0,0.0,0.94204587,0.8512502,0.0,0.0
0.0,1.0,2.0,14.0,0.0,0.0,0.0,0.0,0.0,0.81656283,0.8685528,0.0,0.0
0.0,4.0,3.0,10.0,0.0,0.0,1.0,0.0,0.0,0.47037533,0.3287311,0.0,0.0
1.0,0.0,1.0,10.0,0.0,0.0,0.0,0.0,0.0,0.82293105,0.8552297,0.0,0.0
2.0,4.0,7.0,15.0,1.0,0.0,1.0,1.0,2438.0,0.7929372,0.81854486,0.0,1.0
0.0,2.0,5.0,13.0,0.0,0.0,0.0,0.0,0.0,0.9152478,0.89603615,0.0,0.0
1.0,2.0,3.0,9.0,0.0,0.0,0.0,0.0,0.0,0.8960583,0.87615293,0.0,0.0
15.0,34.0,80.0,60.0,1.0,1.0,0.0,0.0,0.0,0.21574076,0.10574365,0.0,1.0
6.0,22.0,39.0,120.0,1.0,0.0,1.0,0.0,0.0,0.20215319,0.28410065,0.0,1.0
0.0,1.0,6.0,26.0,0.0,0.0,0.0,0.0,0.0,0.92632705,0.93612933,0.0,0.0
15.0,31.0,85.0,95.0,1.0,1.0,1.0,0.0,0.0,0.18671618,0.07179606,0.0,1.0
1.0,0.0,6.0,10.0,0.0,0.0,0.0,0.0,0.0,0.97533464,0.96935904,0.0,0.0
5.0,16.0,77.0,112.0,1.0,1.0,1.0,0.0,0.0,0.14156695,0.26475525,0.0,1.0
1.0,2.0,8.0,25.0,0.0,0.0,0.0,0.0,0.0,0.91055804,0.93171847,0.0,0.0
1.0,0.0,8.0,20.0,0.0,0.0,0.0,0.0,0.0,0.9347694,0.9692756,0.0,0.0
0.0,0.0,6.0,29.0,0.0,0.0,0.0,0.0,0.0,0.91124564,0.9336145,0.0,0.0
13.0,34.0,67.0,193.0,1.0,0.0,1.0,0.0,0.0,0.20461774,0.06898384,0.0,1.0
0.0,2.0,3.0,28.0,0.0,0.0,0.0,0.0,0.0,0.8408208,0.94936544,0.0,0.0
0.0,0.0,7.0,19.0,0.0,0.0,0.0,0.0,0.0,0.83596337,0.9119167,0.0,0.0
1.0,3.0,3.0,29.0,0.0,0.0,0.0,0.0,0.0,0.8437428,0.91225904,0.0,0.0
1.0,2.0,2.0,27.0,0.0,0.0,0.0,0.0,0.0,0.8959019,0.9115462,0.0,0.0
12.0,40.0,40.0,168.0,1.0,0.0,1.0,0.0,0.0,0.2376532,0.18228023,0.0,1.0
7.0,15.0,64.0,144.0,1.0,1.0,0.0,0.0,0.0,0.117953025,0.21457346,0.0,1.0
1.0,2.0,6.0,20.0,0.0,0.0,0.0,0.0,0.0,0.8225258,0.9570399,0.0,0.0
12.0,26.0,82.0,163.0,1.0,0.0,0.0,0.0,0.0,0.111178294,0.18683541,0.0,1.0
1.0,3.0,1.0,21.0,0.0,0.0,0.0,0.0,0.0,0.92957014,0.9347167,0.0,0.0
1.0,0.0,4.0,7.0,0.0,0.0,0.0,0.0,0.0,0.9507677,0.9720082,0.0,0.0
1.0,2.0,4.0,26.0,0.0,0.0,0.0,0.0,0.0,0.8205016,0.97362393,0.0,0.0
0.0,0.0,2.0,8.0,0.0,0.0,0.0,0.0,0.0,0.9709544,0.94008285,0.0,0.0
1.0,8.0,5.0,12.0,1.0,0.0,1.0,0.0,0.0,0.7637549,0.55936617,0.0,1.0
0.0,0.0,3.0,11.0,0.0,0.0,0.0,0.0,0.0,0.95054096,0.8676814,0.0,0.0
3.0,4.0,14.0,13.0,1.0,0.0,0.0,0.0,0.0,0.7986949,0.76015157,1.0,1.0
0.0,2.0,6.0,20.0,0.0,0.0,0.0,0.0,0.0,0.9246902,0.9192928,0.0,0.0
13.0,30.0,35.0,117.0,1.0,0.0,0.0,0.0,0.0,0.2430507,0.17671025,0.0,1.0
1.0,0.0,6.0,16.0,0.0,0.0,0.0,0.0,0.0,0.8212808,0.88299555,0.0,0.0
0.0,3.0,4.0,5.0,0.0,0.0,0.0,0.0,0.0,0.9407691,0.9420098,0.0,0.0
0.0,5.0,5.0,24.0,1.0,0.0,1.0,1.0,3204.0,0.8006321,0.85852015,0.0,1.0
1.0,1.0,5.0,15.0,0.0,0.0,0.0,0.0,0.0,0.8862035,0.8841332,0.0,0.0
1.0,1.0,1.0,26.0,0.0,0.0,0.0,0.0,0.0,0.945782,0.9883401,0.0,0.0
1.0,3.0,6.0,17.0,0.0,0.0,0.0,0.0,0.0,0.8022539,0.94410944,0.0,0.0
1.0,3.0,6.0,5.0,0.0,0.0,0.0,0.0,0.0,0.8787571,0.90976155,0.0,0.0
1.0,3.0,6.0,14.0,0.0,0.0,0.0,0.0,0.0,0.9509569,0.8943761,0.0,0.0
0.0,2.0,3.0,17.0,0.0,0.0,0.0,0.0,0.0,0.94518834,0.9263426,0.0,0.0
0.0,2.0,4.0,29.0,0.0,0.0,0.0,0.0,0.0,0.8157782,0.95065886,0.0,0.0
0.0,0.0,5.0,1.0,0.5,0.5,0.5,0.0,0.0,0.5,0.5,1.0,0.0
15.0,16.0,45.0,126.0,1.0,1.0,1.0,0.0,0.0,0.23397233,0.28042495,0.0,1.0
1.0,0.0,0.0,3.0,0.5,0.5,0.5,0.0,0.0,0.5,0.5,1.0,0.0
1.0,0.0,6.0,17.0,0.0,0.0,0.0,0.0,0.0,0.93115443,0.905694,0.0,0.0
0.0,4.0,10.0,24.0,1.0,0.0,1.0,1.0,4488.0,0.6350429,0.7328785,0.0,1.0
1.0,3.0,6.0,4.0,1.0,0.0,1.0,0.0,0.0,0.6044499,0.46288413,0.0,1.0
6.0,21.0,60.0,62.0,1.0,1.0,1.0,0.0,0.0,0.27933136,0.16524887,0.0,1.0
0.0,1.0,7.0,23.0,0.0,0.0,0.0,0.0,0.0,0.9181782,0.88421476,0.0,0.0
0.0,0.0,3.0,22.0,0.0,0.0,0.0,0.0,0.0,0.81557727,0.948041,0.0,0.0
2.0,6.0,15.0,6.0,1.0,1.0,1.0,0.0,0.0,0.31482345,0.6101207,1.0,1.0
1.0,1.0,3.0,20.0,0.0,0.0,0.0,0.0,0.0,0.9480394,0.957043,0.0,0.0
10.0,18.0,43.0,70.0,1.0,1.0,1.0,0.0,0.0,0.15697704,0.15518004,0.0,1.0
1.0,0.0,1.0,17.0,0.0,0.0,0.0,0.0,0.0,0.94407314,0.86955696,0.0,0.0
0.0,2.0,7.0,15.0,0.0,0.0,0.0,0.0,0.0,0.8791517,0.87099314,0.0,0.0
1.0,1.0,4.0,1.0,0.5,0.5,0.5,0.0,0.0,0.5,0.5,1.0,0.0
0.0,0.0,7.0,24.0,0.0,0.0,0.0,0.0,0.0,0.93788964,0.9737259,0.0,0.0
0.0,1.0,5.0,30.0,0.0,0.0,0.0,0.0,0.0,0.82674205,0.88460404,0.0,0.0
0.0,0.0,5.0,30.0,0.0,0.0,0.0,0.0,0.0,0.9747968,0.8809101,0.0,0.0
1.0,1.0,3.0,23.0,0.0,0.0,0.0,0.0,0.0,0.8969667,0.88392997,0.0,0.0
7.0,39.0,66.0,53.0,1.0,1.0,0.0,0.0,0.0,0.12627952,0.16779758,0.0,1.0
1.0,4.0,4.0,8.0,1.0,0.0,1.0,1.0,2840.0,0.7395234,0.9213988,0.0,1.0
0.0,0.0,5.0,2.0,0.5,0.5,0.5,0.0,0.0,0.5,0.5,1.0,0.0
0.0,6.0,14.0,9.0,1.0,1.0,1.0,0.0,0.0,0.71437573,0.32026485,1.0,1.0
0.0,1.0,3.0,29.0,0.0,0.0,0.0,0.0,0.0,0.9504039,0.9841555,0.0,0.0
0.0,0.0,8.0,7.0,0.0,0.0,0.0,0.0,0.0,0.95963174,0.9722485,0.0,0.0
5.0,19.0,34.0,98.0,1.0,0.0,1.0,0.0,0.0,0.2640213,0.10380323,0.0,1.0
0.0,1.0,8.0,18.0,0.0,0.0,0.0,0.0,0.0,0.9634883,0.9697512,0.0,0.0
0.0,3.0,2.0,28.0,0.0,0.0,0.0,0.0,0.0,0.83598715,0.9512671,0.0,0.0
0.0,0.0,4.0,5.0,0.0,0.0,0.0,0.0,0.0,0.91094273,0.9755491,0.0,0.0
1.0,2.0,1.0,0.0,0.5,0.5,0.5,0.0,0.0,0.5,0.5,1.0,0.0
1.0,2.0,1.0,5.0,0.0,0.0,0.0,0.0,0.0,0.82842356,0.9084753,0.0,0.0
0.0,3.0,6.0,5.0,1.0,1.0,1.0,0.0,0.0,0.74802715,0.31709513,0.0,1.0
0.0,2.0,8.0,6.0,0.0,0.0,0.0,0.0,0.0,0.85910094,0.8562238,0.0,0.0
0.0,3.0,5.0,20.0,0.0,0.0,0.0,0.0,0.0,0.87186307,0.94980466,0.0,0.0
1.0,2.0,7.0,24.0,1.0,0.0,1.0,1.0,3553.0,0.89035577,0.72147995,0.0,1.0
0.0,2.0,4.0,28.0,0.0,0.0,0.0,0.0,0.0,0.80418754,0.86184496,0.0,0.0
1.0,1.0,1.0,12.0,0.0,0.0,0.0,0.0,0.0,0.96621364,0.93373054,0.0,0.0
1.0,2.0,3.0,24.0,0.0,0.0,0.0,0.0,0.0,0.8249902,0.86834306,0.0,0.0
0.0,0.0,4.0,11.0,0.0,0.0,0.0,0.0,0.0,0.8558049,0.8909857,0.0,0.0
0.0,1.0,2.0,3.0,0.5,0.5,0.5,0.0,0.0,0.5,0.5,1.0,0.0
0.0,1.0,10.0,15.0,1.0,0.0,1.0,1.0,4217.0,0.89910424,0.7559766,0.0,1.0
1.0,0.0,2.0,13.0,0.0,0.0,0.0,0.0,0.0,0.83214223,0.9847548,0.0,0.0
0.0,3.0,7.0,11.0,0.0,0.0,0.0,0.0,0.0,0.85292107,0.9063769,0.0,0.0
0.0,3.0,3.0,26.0,0.0,0.0,0.0,0.0,0.0,0.90521836,0.98282135,0.0,0.0
0.0,1.0,7.0,10.0,0.0,0.0,0.0,0.0,0.0,0.9480509,0.98663825,0.0,0.0
1.0,1.0,3.0,11.0,0.0,0.0,0.0,0.0,0.0,0.9218323,0.97307616,0.0,0.0
1.0,0.0,3.0,12.0,0.0,0.0,0.0,0.0,0.0,0.9149857,0.89235747,0.0,0.0
0.0,1.0,7.0,28.0,0.0,0.0,0.0,0.0,0.0,0.81899256,0.9394074,0.0,0.0
1.0,2.0,8.0,8.0,0.0,0.0,0.0,0.0,0.0,0.9232543,0.9798572,0.0,0.0
6.0,33.0,33.0,111.0,1.0,1.0,1.0,0.0,0.0,0.1985109,0.09439592,0.0,1.0
0.0,0.0,6.0,5.0,1.0,0.0,1.0,1.0,2540.0,0.78921723,0.7244622,0.0,1.0
0.0,3.0,2.0,19.0,0.0,0.0,0.0,0.0,0.0,0.9260504,0.9697192,0.0,0.0
0.0,1.0,3.0,20.0,0.0,0.0,0.0,0.0,0.0,0.95743054,0.8952673,0.0,0.0
0.0,2.0,6.0,7.0,0.0,0.0,0.0,0.0,0.0,0.8088257,0.90837395,0.0,0.0
0.0,1.0,6.0,19.0,0.0,0.0,0.0,0.0,0.0,0.8057878,0.88863134,0.0,0.0
0.0,3.0,2.0,29.0,0.0,0.0,0.0,0.0,0.0,0.94614,0.87938297,0.0,0.0
0.0,2.0,5.0,7.0,0.0,0.0,0.0,0.0,0.0,0.88315374,0.855709,0.0,0.0
0.0,0.0,5.0,2.0,0.5,0.5,0.5,0.0,0.0,0.5,0.5,1.0,0.0
1.0,0.0,6.0,23.0,0.0,0.0,0.0,0.0,0.0,0.8279562,0.9716607,0.0,0.0
0.0,0.0,4.0,18.0,0.0,0.0,0.0,0.0,0.0,0.86072177,0.96702546,0.0,0.0
5.0,35.0,87.0,198.0,1.0,0.0,0.0,0.0,0.0,0.050117616,0.24848045,0.0,1.0
0.0,3.0,3.0,7.0,0.0,0.0,0.0,0.0,0.0,0.9208506,0.8515695,0.0,0.0
13.0,31.0,93.0,182.0,1.0,1.0,0.0,0.0,0.0,0.22029012,0.2115862,0.0,1.0
1.0,2.0,2.0,6.0,0.0,0.0,0.0,0.0,0.0,0.8231869,0.8788722,0.0,0.0
0.0,0.0,8.0,12.0,0.0,0.0,0.0,0.0,0.0,0.9476175,0.8717868,0.0,0.0
0.0,2.0,2.0,6.0,0.0,0.0,0.0,0.0,0.0,0.89735085,0.8523672,0.0,0.0
1.0,2.0,5.0,20.0,0.0,0.0,0.0,0.0,0.0,0.89930093,0.8746078,0.0,0.0
14.0,15.0,74.0,99.0,1.0,1.0,0.0,0.0,0.0,0.09657243,0.08192907,0.0,1.0
1.0,1.0,8.0,22.0,0.0,0.0,0.0,0.0,0.0,0.9482639,0.9873586,0.0,0.0
1.0,0.0,8.0,8.0,0.0,0.0,0.0,0.0,0.0,0.86415327,0.89203924,0.0,0.0
13.0,28.0,83.0,189.0,1.0,0.0,1.0,0.0,0.0,0.22540857,0.25307426,0.0,1.0
1.0,3.0,7.0,12.0,0.0,0.0,0.0,0.0,0.0,0.81523556,0.8811951,0.0,0.0
15.0,22.0,95.0,79.0,1.0,0.0,0.0,0.0,0.0,0.25155666,0.0767624,0.0,1.0
0.0,3.0,6.0,15.0,0.0,0.0,0.0,0.0,0.0,0.92177624,0.90605754,0.0,0.0
0.0,3.0,2.0,28.0,0.0,0.0,0.0,0.0,0.0,0.8408152,0.9419836,0.0,0.0
0.0,4.0,3.0,15.0,1.0,0.0,1.0,1.0,1258.0,0.6422609,0.7409587,0.0,1.0
1.0,3.0,7.0,10.0,0.0,0.0,0.0,0.0,0.0,0.9368611,0.8807795,0.0,0.0
9.0,16.0,64.0,63.0,1.0,0.0,0.0,0.0,0.0,0.18364874,0.05034999,0.0,1.0
2.0,0.0,10.0,12.0,1.0,0.0,1.0,1.0,2327.0,0.63281846,0.8382246,0.0,1.0
1.0,2.0,2.0,4.0,0.5,0.5,0.5,0.0,0.0,0.5,0.5,1.0,0.0
0.0,0.0,13.0,7.0,0.0,1.0,0.0,0.0,0.0,0.35548502,0.4193037,1.0,1.0
1.0,1.0,6.0,7.0,0.0,0.0,0.0,0.0,0.0,0.97474873,0.9034991,0.0,0.0
1.0,2.0,4.0,6.0,0.0,0.0,0.0,0.0,0.0,0.8332794,0.9684756,0.0,0.0
1.0,2.0,6.0,16.0,0.0,0.0,0.0,0.0,0.0,0.900863,0.98045826,0.0,0.0
1.0,0.0,10.0,11.0,0.0,0.0,1.0,0.0,0.0,0.6549145,0.81278586,1.0,1.0
12.0,34.0,32.0,62.0,1.0,1.0,0.0,0.0,0.0,0.25082162,0.1214411,0.0,1.0
1.0,3.0,5.0,18.0,0.0,0.0,0.0,0.0,0.0,0.9312071,0.88958144,0.0,0.0
1.0,2.0,3.0,13.0,0.0,0.0,0.0,0.0,0.0,0.9645288,0.9821863,0.0,0.0
1.0,0.0,6.0,16.0,0.0,0.0,0.0,0.0,0.0,0.93803155,0.9274052,0.0,0.0
11.0,18.0,30.0,65.0,1.0,0.0,1.0,0.0,0.0,0.27685001,0.08660671,0.0,1.0
0.0,1.0,1.0,23.0,0.0,0.0,0.0,0.0,0.0,0.8068284,0.9859946,0.0,0.0
0.0,2.0,4.0,11.0,0.0,0.0,0.0,0.0,0.0,0.8437281,0.8873748,0.0,0.0
0.0,3.0,6.0,18.0,0.0,0.0,0.0,0.0,0.0,0.8739984,0.97093713,0.0,0.0
1.0,2.0,3.0,29.0,0.0,0.0,0.0,0.0,0.0,0.9094374,0.8933143,0.0,0.0
1.0,1.0,6.0,11.0,0.0,0.0,0.0,0.0,0.0,0.91732657,0.93704796,0.0,0.0
0.0,1.0,4.0,4.0,0.5,0.5,0.5,0.0,0.0,0.5,0.5,1.0,0.0
1.0,1.0,1.0,27.0,0.0,0.0,0.0,0.0,0.0,0.94118434,0.8785601,0.0,0.0
8.0,13.0,47.0,51.0,1.0,1.0,1.0,0.0,0.0,0.19207376,0.2661228,0.0,1.0
0.0,1.0,8.0,24.0,0.0,0.0,0.0,0.0,0.0,0.93027127,0.9105999,0.0,0.0
15.0,23.0,43.0,109.0,1.0,1.0,0.0,0.0,0.0,0.20488672,0.2857923,0.0,1.0
0.0,7.0,14.0,9.0,0.0,1.0,0.0,0.0,0.0,0.7838222,0.8041184,1.0,0.0
0.0,2.0,0.0,3.0,0.5,0.5,0.5,0.0,0.0,0.5,0.5,1.0,0.0
5.0,30.0,62.0,73.0,1.0,0.0,0.0,0.0,0.0,0.25568518,0.27529457,0.0,1.0
1.0,6.0,14.0,14.0,1.0,1.0,0.0,0.0,0.0,0.6635451,0.37586713,0.0,1.0
1.0,1.0,2.0,9.0,0.0,0.0,0.0,0.0,0.0,0.95350873,0.913286,0.0,0.0
0.0,1.0,8.0,20.0,0.0,0.0,0.0,0.0,0.0,0.8848681,0.9703715,0.0,0.0
0.0,1.0,7.0,30.0,0.0,0.0,0.0,0.0,0.0,0.9593586,0.9810203,0.0,0.0
1.0,2.0,5.0,3.0,0.5,0.5,0.5,0.0,0.0,0.5,0.5,1.0,0.0
1.0,3.0,8.0,8.0,0.0,0.0,0.0,0.0,0.0,0.92036694,0.8591649,0.0,0.0
0.0,3.0,6.0,22.0,0.0,0.0,0.0,0.0,0.0,0.89305955,0.9383912,0.0,0.0
0.0,0.0,2.0,2.0,0.5,0.5,0.5,0.0,0.0,0.5,0.5,1.0,0.0
2.0,2.0,10.0,11.0,1.0,0.0,0.0,0.0,0.0,0.8316726,0.69229114,1.0,0.0
1.0,0.0,7.0,21.0,0.0,0.0,0.0,0.0,0.0,0.9214338,0.8867919,0.0,0.0
1.0,2.0,2.0,19.0,0.0,0.0,0.0,0.0,0.0,0.80290616,0.9032041,0.0,0.0
0.0,1.0,4.0,3.0,0.5,0.5,0.5,0.0,0.0,0.5,0.5,1.0,0.0
1.0,0.0,1.0,12.0,0.0,0.0,0.0,0.0,0.0,0.9660086,0.8926898,0.0,0.0
1.0,1.0,3.0,21.0,0.0,0.0,0.0,0.0,0.0,0.8122718,0.9207196,0.0,0.0
15.0,12.0,69.0,73.0,1.0,0.0,1.0,0.0,0.0,0.23457411,0.27137053,0.0,1.0
2.0,4.0,9.0,24.0,1.0,0.0,1.0,1.0,3454.0,0.83135307,0.86645657,0.0,1.0
1.0,0.0,2.0,15.0,0.0,0.0,0.0,0.0,0.0,0.95668405,0.9114087,0.0,0.0
1.0,1.0,3.0,1.0,0.5,0.5,0.5,0.0,0.0,0.5,0.5,1.0,0.0
0.0,1.0,4.0,13.0,0.0,0.0,0.0,0.0,0.0,0.8241755,0.9712642,0.0,0.0
1.0,3.0,5.0,13.0,0.0,0.0,0.0,0.0,0.0,0.9011849,0.9294968,0.0,0.0
0.0,1.0,0.0,1.0,0.5,0.5,0.5,0.0,0.0,0.5,0.5,1.0,0.0
0.0,0.0,8.0,18.0,0.0,0.0,0.0,0.0,0.0,0.9402444,0.94578767,0.0,0.0
1.0,4.0,10.0,23.0,1.0,0.0,1.0,1.0,1737.0,0.73465437,0.81722337,0.0,1.0
1.0,2.0,8.0,23.0,0.0,0.0,0.0,0.0,0.0,0.8477627,0.9493517,0.0,0.0
1.0,3.0,3.0,17.0,0.0,0.0,0.0,0.0,0.0,0.8820922,0.9822637,0.0,0.0
0.0,2.0,0.0,2.0,0.5,0.5,0.5,0.0,0.0,0.5,0.5,1.0,0.0
0.0,0.0,2.0,18.0,0.0,0.0,0.0,0.0,0.0,0.8580773,0.97612154,0.0,0.0
2.0,7.0,12.0,10.0,1.0,0.0,1.0,0.0,0.0,0.5685818,0.43278602,0.0,1.0
1.0,0.0,8.0,18.0,0.0,0.0,0.0,0.0,0.0,0.89625645,0.8728455,0.0,0.0
0.0,1.0,4.0,12.0,0.0,0.0,0.0,0.0,0.0,0.86674106,0.9451479,0.0,0.0
1.0,1.0,1.0,13.0,0.0,0.0,0.0,0.0,0.0,0.81220764,0.96863353,0.0,0.0
10.0,37.0,43.0,81.0,1.0,0.0,0.0,0.0,0.0,0.09988033,0.23651601,0.0,1.0
0.0,1.0,3.0,10.0,0.0,0.0,0.0,0.0,0.0,0.86272925,0.87694,0.0,0.0
10.0,30.0,60.0,68.0,1.0,0.0,1.0,0.0,0.0,0.22042304,0.1982927,0.0,1.0
0.0,0.0,2.0,10.0,0.0,0.0,0.0,0.0,0.0,0.9540021,0.96349055,0.0,0.0
0.0,0.0,2.0,10.0,0.0,0.0,0.0,0.0,0.0,0.8262463,0.87244755,0.0,0.0
0.0,2.0,4.0,1.0,0.5,0.5,0.5,0.0,0.0,0.5,0.5,1.0,0.0
1.0,3.0,1.0,22.0,0.0,0.0,0.0,0.0,0.0,0.8339193,0.855272,0.0,0.0
0.0,3.0,1.0,22.0,0.0,0.0,0.0,0.0,0.0,0.8023632,0.86363995,0.0,0.0
6.0,14.0,50.0,191.0,1.0,1.0,0.0,0.0,0.0,0.17616025,0.28925043,0.0,1.0
1.0,1.0,1.0,26.0,0.0,0.0,0.0,0.0,0.0,0.82277596,0.9378224,0.0,0.0
1.0,0.0,5.0,11.0,0.0,0.0,0.0,0.0,0.0,0.9346934,0.9764965,0.0,0.0
0.0,1.0,6.0,23.0,0.0,0.0,0.0,0.0,0.0,0.86063343,0.97933567,0.0,0.0
0.0,3.0,7.0,24.0,0.0,0.0,0.0,0.0,0.0,0.88000095,0.85515344,0.0,0.0
0.0,0.0,5.0,15.0,0.0,0.0,0.0,0.0,0.0,0.96070194,0.86641216,0.0,0.0
13.0,20.0,81.0,168.0,1.0,0.0,0.0,0.0,0.0,0.06278416,0.09926843,0.0,1.0
0.0,0.0,3.0,5.0,0.0,0.0,0.0,0.0,0.0,0.9233446,0.90580314,0.0,0.0
3.0,8.0,3.0,8.0,0.0,0.0,0.0,0.0,0.0,0.68343747,0.8269089,0.0,0.0
1.0,0.0,5.0,0.0,0.5,0.5,0.5,0.0,0.0,0.5,0.5,1.0,0.0
1.0,3.0,5.0,24.0,0.0,0.0,0.0,0.0,0.0,0.92635834,0.8754323,0.0,0.0
1.0,3.0,8.0,22.0,0.0,0.0,0.0,0.0,0.0,0.83937657,0.8535363,0.0,0.0
1.0,2.0,4.0,27.0,0.0,0.0,0.0,0.0,0.0,0.964845,0.9890003,0.0,0.0
15.0,33.0,95.0,153.0,1.0,0.0,0.0,0.0,0.0,0.07817337,0.14686301,0.0,1.0
0.0,2.0,1.0,27.0,0.0,0.0,0.0,0.0,0.0,0.9673546,0.9778938,0.0,0.0
3.0,0.0,6.0,12.0,1.0,1.0,0.0,0.0,0.0,0.56449664,0.60748756,1.0,1.0
1.0,2.0,6.0,17.0,0.0,0.0,0.0,0.0,0.0,0.94764763,0.9561819,0.0,0.0
1.0,3.0,8.0,10.0,1.0,0.0,1.0,1.0,3483.0,0.81337184,0.73195773,0.0,1.0
1.0,1.0,4.0,19.0,0.0,0.0,0.0,0.0,0.0,0.80564964,0.85712343,0.0,0.0
0.0,0.0,8.0,9.0,0.0,0.0,0.0,0.0,0.0,0.9301399,0.9426405,0.0,0.0
0.0,3.0,2.0,10.0,0.0,0.0,0.0,0.0,0.0,0.8099788,0.8845085,0.0,0.0
1.0,1.0,4.0,14.0,1.0,0.0,1.0,1.0,4512.0,0.8476519,0.9336751,0.0,1.0
0.0,2.0,3.0,24.0,0.0,0.0,0.0,0.0,0.0,0.971838,0.8857116,0.0,0.0
1.0,0.0,6.0,25.0,0.0,0.0,0.0,0.0,0.0,0.9798335,0.954489,0.0,0.0
14.0,29.0,56.0,195.0,1.0,1.0,1.0,0.0,0.0,0.20777436,0.10922539,0.0,1.0
1.0,0.0,8.0,6.0,0.0,0.0,0.0,0.0,0.0,0.9634595,0.8996618,0.0,0.0
2.0,7.0,3.0,16.0,1.0,0.0,1.0,0.0,0.0,0.3456838,0.73826814,0.0,1.0
0.0,4.0,5.0,25.0,1.0,0.0,1.0,1.0,2244.0,0.7266325,0.97107464,0.0,1.0
1.0,2.0,3.0,16.0,0.0,0.0,0.0,0.0,0.0,0.8807172,0.9865652,0.0,0.0
1.0,3.0,8.0,12.0,0.0,0.0,0.0,0.0,0.0,0.9497435,0.9229093,0.0,0.0
8.0,30.0,96.0,93.0,1.0,1.0,0.0,0.0,0.0,0.08471002,0.12528281,0.0,1.0
1.0,0.0,2.0,20.0,0.0,0.0,0.0,0.0,0.0,0.8070219,0.871459,0.0,0.0
0.0,2.0,4.0,22.0,0.0,0.0,0.0,0.0,0.0,0.92199874,0.9384968,0.0,0.0
1.0,2.0,4.0,27.0,0.0,0.0,0.0,0.0,0.0,0.9671747,0.9744815,0.0,0.0
1.0,2.0,5.0,9.0,0.0,0.0,0.0,0.0,0.0,0.8387565,0.95688915,0.0,0.0
1.0,2.0,3.0,2.0,0.5,0.5,0.5,0.0,0.0,0.5,0.5,1.0,0.0
0.0,2.0,5.0,23.0,0.0,0.0,0.0,0.0,0.0,0.8270457,0.97891515,0.0,0.0
1.0,2.0,8.0,6.0,0.0,0.0,0.0,0.0,0.0,0.92522675,0.92881316,0.0,0.0
0.0,2.0,4.0,3.0,0.5,0.5,0.5,0.0,0.0,0.5,0.5,1.0,0.0
1.0,3.0,7.0,21.0,0.0,0.0,0.0,0.0,0.0,0.9409293,0.9711044,0.0,0.0
1.0,1.0,3.0,11.0,1.0,0.0,1.0,1.0,2268.0,0.75127023,0.90580475,0.0,1.0
0.0,1.0,2.0,22.0,0.0,0.0,0.0,0.0,0.0,0.86993897,0.8545124,0.0,0.0
1.0,1.0,0.0,2.0,0.5,0.5,0.5,0.0,0.0,0.5,0.5,1.0,0.0
1.0,4.0,8.0,7.0,0.0,1.0,0.0,0.0,0.0,0.8743877,0.54530364,0.0,0.0
0.0,2.0,6.0,17.0,0.0,0.0,0.0,0.0,0.0,0.92099214,0.96125656,0.0,0.0
0.0,1.0,4.0,0.0,0.5,0.5,0.5,0.0,0.0,0.5,0.5,1.0,0.0
0.0,0.0,2.0,0.0,0.5,0.5,0.5,0.0,0.0,0.5,0.5,1.0,0.0
1.0,2.0,2.0,4.0,0.5,0.5,0.5,0.0,0.0,0.5,0.5,1.0,0.0
13.0,22.0,65.0,141.0,1.0,1.0,0.0,0.0,0.0,0.10289323,0.242324,0.0,1.0
1.0,2.0,13.0,9.0,1.0,1.0,1.0,0.0,0.0,0.63006234,0.81421846,0.0,1.0
0.0,1.0,4.0,17.0,1.0,0.0,1.0,1.0,2524.0,0.8401998,0.9718967,0.0,1.0
6.0,14.0,84.0,135.0,1.0,0.0,0.0,0.0,0.0,0.28314364,0.051564388,0.0,1.0
3.0,6.0,12.0,13.0,0.0,1.0,0.0,0.0,0.0,0.4937235,0.63157547,1.0,1.0
0.0,3.0,7.0,8.0,0.0,0.0,0.0,0.0,0.0,0.8576103,0.88454944,0.0,0.0
0.0,0.0,4.0,26.0,0.0,0.0,0.0,0.0,0.0,0.9448096,0.8961832,0.0,0.0
0.0,0.0,1.0,14.0,0.0,0.0,0.0,0.0,0.0,0.8417583,0.91310674,0.0,0.0
0.0,1.0,1.0,29.0,0.0,0.0,0.0,0.0,0.0,0.9450945,0.8878295,0.0,0.0
12.0,39.0,32.0,137.0,1.0,1.0,0.0,0.0,0.0,0.1537341,0.2649121,0.0,1.0
1.0,1.0,5.0,21.0,0.0,0.0,0.0,0.0,0.0,0.97482944,0.8850305,0.0,0.0
2.0,0.0,15.0,6.0,0.0,1.0,0.0,0.0,0.0,0.6819526,0.64163643,1.0,1.0
0.0,2.0,1.0,15.0,0.0,0.0,0.0,0.0,0.0,0.905206,0.9379112,0.0,0.0
1.0,5.0,6.0,18.0,1.0,0.0,1.0,1.0,1782.0,0.6736146,0.7263294,0.0,1.0
0.0,4.0,8.0,14.0,1.0,0.0,1.0,1.0,2386.0,0.83967113,0.7435183,0.0,1.0
0.0,3.0,7.0,21.0,0.0,0.0,0.0,0.0,0.0,0.8600731,0.9117877,0.0,0.0
3.0,7.0,3.0,18.0,0.0,0.0,1.0,0.0,0.0,0.31730217,0.83655906,0.0,1.0
1.0,1.0,6.0,12.0,0.0,0.0,0.0,0.0,0.0,0.8478106,0.86832297,0.0,0.0
0.0,2.0,5.0,17.0,0.0,0.0,0.0,0.0,0.0,0.9758142,0.9562291,0.0,0.0
0.0,2.0,1.0,30.0,0.0,0.0,0.0,0.0,0.0,0.82507026,0.9577987,0.0,0.0
1.0,1.0,6.0,13.0,0.0,0.0,0.0,0.0,0.0,0.96903265,0.9060092,0.0,0.0
1.0,1.0,6.0,28.0,0.0,0.0,0.0,0.0,0.0,0.89815736,0.9661641,0.0,0.0
0.0,2.0,2.0,20.0,0.0,0.0,0.0,0.0,0.0,0.846231,0.93338615,0.0,0.0
3.0,1.0,2.0,17.0,1.0,1.0,1.0,0.0,0.0,0.87340105,0.45485002,1.0,1.0
0.0,1.0,2.0,18.0,1.0,0.0,1.0,1.0,4416.0,0.8960311,0.71625394,0.0,1.0
3.0,6.0,12.0,9.0,0.0,0.0,0.0,0.0,0.0,0.7183158,0.4809496,0.0,0.0
2.0,5.0,13.0,6.0,1.0,0.0,0.0,0.0,0.0,0.7524909,0.4353688,1.0,0.0
9.0,21.0,50.0,195.0,1.0,1.0,1.0,0.0,0.0,0.22826971,0.21831968,0.0,1.0
1.0,0.0,1.0,27.0,0.0,0.0,0.0,0.0,0.0,0.8131822,0.94590783,0.0,0.0
0.0,2.0,3.0,2.0,0.5,0.5,0.5,0.0,0.0,0.5,0.5,1.0,0.0
3.0,3.0,12.0,10.0,1.0,0.0,0.0,0.0,0.0,0.3561003,0.5275584,1.0,1.0
12.0,12.0,46.0,125.0,1.0,0.0,1.0,0.0,0.0,0.12956128,0.2611154,0.0,1.0
0.0,1.0,8.0,30.0,0.0,0.0,0.0,0.0,0.0,0.80175364,0.9090129,0.0,0.0
0.0,1.0,7.0,11.0,0.0,0.0,0.0,0.0,0.0,0.83070815,0.95121354,0.0,0.0
14.0,37.0,74.0,99.0,1.0,0.0,0.0,0.0,0.0,0.14768653,0.26417014,0.0,1.0
2.0,0.0,2.0,21.0,1.0,0.0,1.0,1.0,2933.0,0.6566984,0.9546742,0.0,1.0
1.0,0.0,2.0,12.0,0.0,0.0,0.0,0.0,0.0,0.9480132,0.9525864,0.0,0.0
1.0,0.0,3.0,20.0,0.0,0.0,0.0,0.0,0.0,0.82708967,0.8785959,0.0,0.0
0.0,2.0,1.0,6.0,0.0,0.0,0.0,0.0,0.0,0.97016186,0.9025268,0.0,0.0
1.0,1.0,1.0,6.0,0.0,0.0,0.0,0.0,0.0,0.85452384,0.98349833,0.0,0.0
1.0,5.0,5.0,12.0,1.0,0.0,1.0,1.0,2016.0,0.6185001,0.94272906,0.0,1.0
1.0,0.0,8.0,26.0,0.0,0.0,0.0,0.0,0.0,0.89967394,0.9622026,0.0,0.0
1.0,2.0,2.0,2.0,0.5,0.5,0.5,0.0,0.0,0.5,0.5,1.0,0.0
1.0,0.0,5.0,26.0,0.0,0.0,0.0,0.0,0.0,0.9766402,0.8670787,0.0,0.0
1.0,0.0,1.0,14.0,0.0,0.0,0.0,0.0,0.0,0.8630125,0.9187179,0.0,0.0
1.0,3.0,8.0,18.0,1.0,0.0,1.0,1.0,4695.0,0.6249293,0.9495484,0.0,1.0
1.0,8.0,10.0,14.0,0.0,1.0,1.0,0.0,0.0,0.530116,0.8829603,0.0,1.0
0.0,2.0,7.0,27.0,0.0,0.0,0.0,0.0,0.0,0.9366232,0.8947292,0.0,0.0
1.0,2.0,1.0,19.0,0.0,0.0,0.0,0.0,0.0,0.8024804,0.9130657,0.0,0.0
14.0,19.0,37.0,57.0,1.0,1.0,0.0,0.0,0.0,0.19771177,0.20716701,0.0,1.0
1.0,0.0,5.0,18.0,1.0,0.0,1.0,1.0,2588.0,0.8727092,0.9102047,0.0,1.0
1.0,1.0,8.0,20.0,0.0,0.0,0.0,0.0,0.0,0.89270204,0.9897136,0.0,0.0
1.0,0.0,6.0,28.0,0.0,0.0,0.0,0.0,0.0,0.8851357,0.97788024,0.0,0.0
1.0,1.0,6.0,23.0,0.0,0.0,0.0,0.0,0.0,0.9174067,0.92215496,0.0,0.0
1.0,2.0,4.0,0.0,0.5,0.5,0.5,0.0,0.0,0.5,0.5,1.0,0.0
14.0,28.0,55.0,59.0,1.0,1.0,1.0,0.0,0.0,0.06199463,0.10714505,0.0,1.0
12.0,21.0,33.0,82.0,1.0,0.0,1.0,0.0,0.0,0.12215388,0.20923048,0.0,1.0
0.0,1.0,1.0,8.0,0.0,0.0,0.0,0.0,0.0,0.87439424,0.95043015,0.0,0.0
0.0,0.0,9.0,16.0,1.0,0.0,1.0,1.0,4934.0,0.62538606,0.904316,0.0,1.0
1.0,3.0,6.0,19.0,0.0,0.0,0.0,0.0,0.0,0.9771613,0.9342538,0.0,0.0
0.0,2.0,4.0,18.0,0.0,0.0,0.0,0.0,0.0,0.9350638,0.93913203,0.0,0.0
2.0,8.0,10.0,5.0,1.0,0.0,1.0,0.0,0.0,0.73260367,0.5198648,0.0,1.0
0.0,2.0,1.0,29.0,0.0,0.0,0.0,0.0,0.0,0.92319876,0.85728556,0.0,0.0
0.0,1.0,2.0,12.0,0.0,0.0,0.0,0.0,0.0,0.90333515,0.92388976,0.0,0.0
8.0,37.0,89.0,198.0,1.0,0.0,0.0,0.0,0.0,0.23114817,0.2690364,0.0,1.0
1.0,3.0,5.0,20.0,0.0,0.0,0.0,0.0,0.0,0.89075255,0.8659231,0.0,0.0
0.0,1.0,5.0,3.0,0.5,0.5,0.5,0.0,0.0,0.5,0.5,1.0,0.0
1.0,2.0,5.0,5.0,0.0,0.0,0.0,0.0,0.0,0.89056474,0.92101204,0.0,0.0
1.0,3.0,7.0,23.0,0.0,0.0,0.0,0.0,0.0,0.90083164,0.9406289,0.0,0.0
1.0,2.0,7.0,16.0,1.0,0.0,1.0,1.0,3007.0,0.8646932,0.7985759,0.0,1.0
1.0,1.0,2.0,9.0,0.0,0.0,0.0,0.0,0.0,0.92531055,0.8582105,0.0,0.0
0.0,2.0,5.0,19.0,0.0,0.0,0.0,0.0,0.0,0.914069,0.93646896,0.0,0.0
1.0,0.0,3.0,30.0,0.0,0.0,0.0,0.0,0.0,0.9731474,0.9042389,0.0,0.0
1.0,0.0,3.0,16.0,0.0,0.0,0.0,0.0,0.0,0.8629576,0.8726117,0.0,0.0
1.0,0.0,3.0,20.0,1.0,1.0,0.0,0.0,0.0,0.8679288,0.77973294,0.0,0.0
1.0,0.0,7.0,28.0,0.0,0.0,0.0,0.0,0.0,0.81585634,0.93741673,0.0,0.0
0.0,1.0,6.0,26.0,0.0,0.0,0.0,0.0,0.0,0.95448375,0.8741224,0.0,0.0
0.0,2.0,4.0,7.0,0.0,0.0,0.0,0.0,0.0,0.44178608,0.3468987,1.0,0.0
0.0,0.0,3.0,24.0,1.0,0.0,1.0,1.0,1230.0,0.6011635,0.7722497,0.0,1.0
1.0,3.0,5.0,27.0,0.0,0.0,0.0,0.0,0.0,0.83066094,0.8692869,0.0,0.0
0.0,1.0,5.0,6.0,0.0,0.0,0.0,0.0,0.0,0.84947354,0.9252652,0.0,0.0
5.0,19.0,97.0,135.0,1.0,0.0,1.0,0.0,0.0,0.086659096,0.16742569,0.0,1.0
1.0,2.0,5.0,4.0,0.5,0.5,0.5,0.0,0.0,0.5,0.5,1.0,0.0
2.0,5.0,3.0,25.0,1.0,0.0,1.0,1.0,4667.0,0.6688402,0.8287,0.0,1.0
2.0,3.0,10.0,20.0,1.0,0.0,1.0,1.0,4786.0,0.7779165,0.9671371,0.0,1.0
2.0,8.0,8.0,12.0,1.0,0.0,0.0,0.0,0.0,0.63918406,0.8845365,0.0,0.0
1.0,3.0,5.0,27.0,0.0,0.0,0.0,0.0,0.0,0.9448268,0.9320669,0.0,0.0
0.0,0.0,3.0,19.0,0.0,0.0,0.0,0.0,0.0,0.85322106,0.8868689,0.0,0.0
2.0,5.0,8.0,5.0,1.0,0.0,1.0,1.0,1391.0,0.7277439,0.9094864,0.0,1.0
15.0,37.0,69.0,55.0,1.0,1.0,1.0,0.0,0.0,0.25411332,0.23645112,0.0,1.0
0.0,2.0,9.0,23.0,1.0,0.0,1.0,1.0,3372.0,0.8520042,0.7856058,0.0,1.0
0.0,3.0,4.0,9.0,0.0,0.0,0.0,0.0,0.0,0.8022353,0.8841152,0.0,0.0
1.0,3.0,8.0,19.0,0.0,0.0,0.0,0.0,0.0,0.877851,0.90145165,0.0,0.0
1.0,0.0,8.0,8.0,0.0,0.0,0.0,0.0,0.0,0.8555036,0.90564543,0.0,0.0
0.0,1.0,7.0,30.0,0.0,0.0,0.0,0.0,0.0,0.90792716,0.8574272,0.0,0.0
1.0,3.0,8.0,6.0,0.0,0.0,0.0,0.0,0.0,0.8404007,0.9031058,0.0,0.0
12.0,32.0,68.0,183.0,1.0,0.0,0.0,0.0,0.0,0.24109001,0.12051125,0.0,1.0
1.0,1.0,1.0,15.0,0.0,0.0,0.0,0.0,0.0,0.80829126,0.88493395,0.0,0.0
1.0,3.0,1.0,12.0,0.0,0.0,0.0,0.0,0.0,0.8520731,0.96247953,0.0,0.0
1.0,2.0,1.0,3.0,0.5,0.5,0.5,0.0,0.0,0.5,0.5,1.0,0.0
0.0,0.0,3.0,8.0,0.0,0.0,0.0,0.0,0.0,0.95354545,0.85046595,0.0,0.0
1.0,0.0,7.0,10.0,0.0,0.0,0.0,0.0,0.0,0.89998084,0.8741659,0.0,0.0
0.0,1.0,7.0,13.0,0.0,0.0,0.0,0.0,0.0,0.8757984,0.9177924,0.0,0.0
1.0,2.0,3.0,6.0,0.0,0.0,0.0,0.0,0.0,0.86504227,0.8598926,0.0,0.0
0.0,3.0,3.0,10.0,0.0,0.0,0.0,0.0,0.0,0.83590716,0.93480486,0.0,0.0
1.0,2.0,2.0,7.0,0.0,0.0,0.0,0.0,0.0,0.8590256,0.8913896,0.0,0.0
1.0,0.0,8.0,8.0,0.0,0.0,0.0,0.0,0.0,0.9376973,0.9485858,0.0,0.0
1.0,2.0,4.0,3.0,0.5,0.5,0.5,0.0,0.0,0.5,0.5,1.0,0.0
1.0,0.0,2.0,12.0,0.0,0.0,0.0,0.0,0.0,0.93037015,0.9501852,0.0,0.0
2.0,0.0,7.0,8.0,1.0,0.0,1.0,1.0,4250.0,0.6670753,0.775683,0.0,1.0
1.0,6.0,8.0,9.0,1.0,1.0,1.0,0.0,0.0,0.7652402,0.8285848,0.0,1.0
2.0,6.0,15.0,6.0,0.0,1.0,0.0,0.0,0.0,0.5111138,0.66126955,1.0,1.0
1.0,2.0,1.0,10.0,0.0,0.0,0.0,0.0,0.0,0.8643946,0.9698175,0.0,0.0
6.0,33.0,99.0,180.0,1.0,0.0,1.0,0.0,0.0,0.27442786,0.16527165,0.0,1.0
1.0,1.0,3.0,22.0,0.0,0.0,0.0,0.0,0.0,0.86257964,0.95253634,0.0,0.0
1.0,1.0,8.0,14.0,0.0,0.0,0.0,0.0,0.0,0.8969112,0.9444535,0.0,0.0
1.0,1.0,5.0,2.0,0.5,0.5,0.5,0.0,0.0,0.5,0.5,1.0,0.0
0.0,2.0,1.0,1.0,0.5,0.5,0.5,0.0,0.0,0.5,0.5,1.0,0.0
1.0,2.0,2.0,6.0,0.0,0.0,0.0,0.0,0.0,0.85023665,0.93536466,0.0,0.0
1.0,1.0,7.0,7.0,0.0,0.0,0.0,0.0,0.0,0.95969486,0.86826795,0.0,0.0
0.0,6.0,9.0,5.0,1.0,1.0,1.0,0.0,0.0,0.5404438,0.41035822,1.0,1.0
1.0,0.0,8.0,24.0,0.0,0.0,0.0,0.0,0.0,0.9527033,0.8580496,0.0,0.0
1.0,0.0,7.0,19.0,0.0,0.0,0.0,0.0,0.0,0.80827504,0.8866258,0.0,0.0
1.0,2.0,3.0,0.0,0.5,0.5,0.5,0.0,0.0,0.5,0.5,1.0,0.0
0.0,4.0,5.0,11.0,1.0,0.0,1.0,1.0,4611.0,0.8356589,0.82662857,0.0,1.0
1.0,0.0,1.0,3.0,0.5,0.5,0.5,0.0,0.0,0.5,0.5,1.0,0.0
1.0,3.0,6.0,6.0,0.0,0.0,0.0,0.0,0.0,0.95426875,0.86970115,0.0,0.0
1.0,2.0,2.0,23.0,1.0,0.0,1.0,1.0,3235.0,0.64806527,0.94256383,0.0,1.0
7.0,27.0,41.0,83.0,1.0,1.0,1.0,0.0,0.0,0.15084837,0.29133195,0.0,1.0
0.0,3.0,3.0,29.0,0.0,0.0,0.0,0.0,0.0,0.9574333,0.9833641,0.0,0.0
0.0,2.0,2.0,25.0,0.0,0.0,0.0,0.0,0.0,0.9209157,0.87877065,0.0,0.0
1.0,0.0,2.0,8.0,0.0,0.0,0.0,0.0,0.0,0.9036212,0.96021706,0.0,0.0
1.0,3.0,2.0,25.0,0.0,0.0,0.0,0.0,0.0,0.87488645,0.98418456,0.0,0.0
0.0,0.0,7.0,19.0,0.0,0.0,0.0,0.0,0.0,0.9430398,0.95387584,0.0,0.0
2.0,1.0,7.0,6.0,1.0,0.0,1.0,1.0,1760.0,0.86618423,0.70840806,0.0,1.0
0.0,2.0,8.0,14.0,0.0,0.0,0.0,0.0,0.0,0.81163096,0.89126176,0.0,0.0
1.0,2.0,4.0,7.0,0.0,0.0,0.0,0.0,0.0,0.87460935,0.8754645,0.0,0.0
0.0,0.0,3.0,3.0,0.5,0.5,0.5,0.0,0.0,0.5,0.5,1.0,0.0
1.0,1.0,3.0,3.0,0.5,0.5,0.5,0.0,0.0,0.5,0.5,1.0,0.0
6.0,28.0,62.0,146.0,1.0,0.0,1.0,0.0,0.0,0.1382245,0.26692986,0.0,1.0
0.0,8.0,6.0,13.0,0.0,1.0,1.0,0.0,0.0,0.39910042,0.5860345,0.0,1.0
3.0,3.0,11.0,8.0,1.0,0.0,1.0,0.0,0.0,0.60478586,0.54378057,1.0,1.0
0.0,1.0,8.0,6.0,0.0,0.0,0.0,0.0,0.0,0.87395453,0.9446908,0.0,0.0
2.0,5.0,10.0,21.0,1.0,0.0,1.0,1.0,1275.0,0.9495256,0.7444657,0.0,1.0
0.0,3.0,7.0,24.0,0.0,0.0,0.0,0.0,0.0,0.8856122,0.8729026,0.0,0.0
0.0,0.0,5.0,0.0,0.5,0.5,0.5,0.0,0.0,0.5,0.5,1.0,0.0
1.0,2.0,4.0,2.0,0.5,0.5,0.5,0.0,0.0,0.5,0.5,1.0,0.0
1.0,2.0,8.0,28.0,0.0,0.0,0.0,0.0,0.0,0.9706853,0.9791443,0.0,0.0
5.0,14.0,80.0,91.0,1.0,1.0,1.0,0.0,0.0,0.092974395,0.089728825,0.0,1.0
11.0,16.0,78.0,107.0,1.0,1.0,1.0,0.0,0.0,0.19731489,0.26983544,0.0,1.0
1.0,1.0,1.0,19.0,0.0,0.0,0.0,0.0,0.0,0.81863034,0.97587776,0.0,0.0
1.0,1.0,4.0,17.0,1.0,1.0,1.0,0.0,0.0,0.5509614,0.35533485,0.0,1.0
1.0,3.0,5.0,30.0,0.0,0.0,0.0,0.0,0.0,0.9776206,0.97003025,0.0,0.0
1.0,0.0,2.0,15.0,0.0,0.0,0.0,0.0,0.0,0.8404685,0.8789001,0.0,0.0
1.0,2.0,1.0,12.0,0.0,0.0,0.0,0.0,0.0,0.85079724,0.9258195,0.0,0.0
0.0,0.0,7.0,27.0,0.0,0.0,0.0,0.0,0.0,0.9434164,0.8956218,0.0,0.0
0.0,3.0,4.0,20.0,0.0,0.0,0.0,0.0,0.0,0.8571964,0.9347109,0.0,0.0
1.0,2.0,2.0,25.0,0.0,0.0,0.0,0.0,0.0,0.95556504,0.96974105,0.0,0.0
3.0,6.0,5.0,18.0,1.0,1.0,0.0,0.0,0.0,0.42227218,0.8816247,1.0,1.0
0.0,1.0,8.0,21.0,0.0,0.0,0.0,0.0,0.0,0.83052075,0.94168365,0.0,0.0
11.0,15.0,83.0,88.0,1.0,0.0,0.0,0.0,0.0,0.28123203,0.19067094,0.0,1.0
0.0,0.0,4.0,16.0,0.0,0.0,0.0,0.0,0.0,0.87030613,0.9738355,0.0,0.0
3.0,7.0,13.0,5.0,1.0,0.0,0.0,0.0,0.0,0.7834264,0.36015695,0.0,0.0
0.0,0.0,7.0,17.0,0.0,0.0,0.0,0.0,0.0,0.85501057,0.916073,0.0,0.0
9.0,14.0,81.0,85.0,1.0,1.0,1.0,0.0,0.0,0.094256535,0.08522832,0.0,1.0
1.0,4.0,3.0,11.0,0.0,1.0,1.0,0.0,0.0,0.34945232,0.6987053,0.0,1.0
1.0,1.0,1.0,11.0,0.0,0.0,0.0,0.0,0.0,0.8841083,0.92218,0.0,0.0
0.0,2.0,1.0,11.0,0.0,0.0,0.0,0.0,0.0,0.8522122,0.9619014,0.0,0.0
3.0,2.0,4.0,14.0,1.0,0.0,0.0,0.0,0.0,0.42920175,0.7508974,1.0,1.0
0.0,3.0,3.0,30.0,0.0,0.0,0.0,0.0,0.0,0.9079744,0.884621,0.0,0.0
0.0,1.0,1.0,26.0,0.0,0.0,0.0,0.0,0.0,0.83476335,0.8959567,0.0,0.0
2.0,1.0,3.0,15.0,1.0,0.0,1.0,1.0,2918.0,0.6796888,0.8050391,0.0,1.0
1.0,2.0,6.0,7.0,0.0,0.0,0.0,0.0,0.0,0.9381506,0.95901096,0.0,0.0
1.0,0.0,7.0,8.0,0.0,0.0,0.0,0.0,0.0,0.96782625,0.96118766,0.0,0.0
3.0,7.0,1.0,5.0,1.0,1.0,0.0,0.0,0.0,0.69230527,0.48791918,1.0,1.0
0.0,1.0,0.0,4.0,0.5,0.5,0.5,0.0,0.0,0.5,0.5,1.0,0.0
0.0,1.0,2.0,4.0,0.5,0.5,0.5,0.0,0.0,0.5,0.5,1.0,0.0
8.0,22.0,80.0,138.0,1.0,0.0,0.0,0.0,0.0,0.20070262,0.18826842,0.0,1.0
1.0,3.0,8.0,11.0,0.0,0.0,0.0,0.0,0.0,0.8653591,0.86689067,0.0,0.0
0.0,0.0,7.0,27.0,0.0,0.0,0.0,0.0,0.0,0.8139508,0.86781955,0.0,0.0
0.0,0.0,1.0,3.0,0.5,0.5,0.5,0.0,0.0,0.5,0.5,1.0,0.0
0.0,2.0,2.0,15.0,0.0,0.0,0.0,0.0,0.0,0.8889403,0.85813093,0.0,0.0
0.0,3.0,2.0,28.0,0.0,0.0,0.0,0.0,0.0,0.9526526,0.96193904,0.0,0.0
10.0,22.0,77.0,138.0,1.0,1.0,0.0,0.0,0.0,0.27831176,0.08719913,0.0,1.0
0.0,0.0,5.0,9.0,0.0,0.0,0.0,0.0,0.0,0.9689477,0.93394923,0.0,0.0
1.0,1.0,3.0,11.0,0.0,0.0,0.0,0.0,0.0,0.8195039,0.9674861,0.0,0.0
0.0,2.0,7.0,7.0,0.0,0.0,0.0,0.0,0.0,0.87643015,0.9270214,0.0,0.0
1.0,1.0,2.0,6.0,0.0,0.0,0.0,0.0,0.0,0.96404517,0.9005202,0.0,0.0
0.0,1.0,6.0,23.0,0.0,0.0,0.0,0.0,0.0,0.8424832,0.96108323,0.0,0.0
11.0,30.0,51.0,174.0,1.0,1.0,0.0,0.0,0.0,0.18070982,0.07214324,0.0,1.0
1.0,1.0,3.0,0.0,0.5,0.5,0.5,0.0,0.0,0.5,0.5,1.0,0.0
0.0,3.0,3.0,12.0,0.0,0.0,0.0,0.0,0.0,0.82499546,0.9192261,0.0,0.0
0.0,1.0,2.0,16.0,0.0,0.0,0.0,0.0,0.0,0.8434598,0.94763684,0.0,0.0
1.0,0.0,5.0,25.0,0.0,0.0,0.0,0.0,0.0,0.9541606,0.9091622,0.0,0.0
1.0,4.0,3.0,18.0,1.0,0.0,1.0,1.0,4376.0,0.77621025,0.7365243,0.0,1.0
1.0,2.0,2.0,0.0,0.5,0.5,0.5,0.0,0.0,0.5,0.5,1.0,0.0
1.0,2.0,3.0,22.0,0.0,0.0,0.0,0.0,0.0,0.8524184,0.98007214,0.0,0.0
0.0,0.0,4.0,7.0,0.0,0.0,0.0,0.0,0.0,0.84005326,0.97748315,0.0,0.0
6.0,27.0,83.0,168.0,1.0,0.0,1.0,0.0,0.0,0.25870055,0.105724886,0.0,1.0
1.0,0.0,3.0,19.0,0.0,0.0,0.0,0.0,0.0,0.9721368,0.9424858,0.0,0.0
12.0,38.0,58.0,144.0,1.0,0.0,0.0,0.0,0.0,0.12354443,0.09435648,0.0,1.0
0.0,0.0,2.0,4.0,0.5,0.5,0.5,0.0,0.0,0.5,0.5,1.0,0.0
0.0,0.0,6.0,10.0,0.0,0.0,0.0,0.0,0.0,0.8310579,0.9307307,0.0,0.0
11.0,12.0,81.0,64.0,1.0,1.0,1.0,0.0,0.0,0.21144818,0.084982574,0.0,1.0
8.0,38.0,33.0,89.0,1.0,0.0,1.0,0.0,0.0,0.11544961,0.079092115,0.0,1.0
1.0,3.0,2.0,28.0,0.0,0.0,0.0,0.0,0.0,0.89552295,0.92092234,0.0,0.0
1.0,0.0,5.0,4.0,0.5,0.5,0.5,0.0,0.0,0.5,0.5,1.0,0.0
1.0,0.0,8.0,11.0,0.0,0.0,0.0,0.0,0.0,0.81797767,0.93251264,0.0,0.0
0.0,3.0,2.0,9.0,0.0,0.0,0.0,0.0,0.0,0.85821533,0.96077883,0.0,0.0
0.0,6.0,6.0,18.0,0.0,1.0,0.0,0.0,0.0,0.45880824,0.72443765,1.0,1.0
1.0,2.0,3.0,0.0,0.5,0.5,0.5,0.0,0.0,0.5,0.5,1.0,0.0
1.0,0.0,1.0,11.0,0.0,0.0,0.0,0.0,0.0,0.8356085,0.8743805,0.0,0.0
0.0,2.0,6.0,23.0,0.0,0.0,0.0,0.0,0.0,0.81480175,0.87209517,0.0,0.0
0.0,1.0,2.0,14.0,0.0,0.0,0.0,0.0,0.0,0.902217,0.9303519,0.0,0.0
0.0,0.0,6.0,11.0,0.0,0.0,0.0,0.0,0.0,0.9223927,0.858844,0.0,0.0
1.0,0.0,2.0,7.0,1.0,0.0,0.0,0.0,0.0,0.605704,0.6784047,1.0,0.0
0.0,3.0,7.0,19.0,1.0,1.0,0.0,0.0,0.0,0.50840735,0.39935553,1.0,1.0
1.0,1.0,1.0,8.0,0.0,0.0,0.0,0.0,0.0,0.9769587,0.9062514,0.0,0.0
1.0,0.0,8.0,28.0,0.0,0.0,0.0,0.0,0.0,0.8001027,0.97028273,0.0,0.0
1.0,3.0,8.0,13.0,0.0,0.0,0.0,0.0,0.0,0.9504275,0.9465863,0.0,0.0
7.0,27.0,37.0,148.0,1.0,1.0,0.0,0.0,0.0,0.12003989,0.060920253,0.0,1.0
0.0,0.0,1.0,30.0,0.0,0.0,0.0,0.0,0.0,0.9491386,0.86716723,0.0,0.0
1.0,3.0,3.0,18.0,0.0,0.0,0.0,0.0,0.0,0.9497825,0.8802168,0.0,0.0
2.0,3.0,9.0,8.0,1.0,0.0,1.0,1.0,2971.0,0.8337994,0.7807072,0.0,1.0
0.0,2.0,8.0,30.0,0.0,0.0,0.0,0.0,0.0,0.80529195,0.91984653,0.0,0.0
0.0,1.0,6.0,18.0,0.0,0.0,0.0,0.0,0.0,0.95210284,0.9773407,0.0,0.0
2.0,4.0,6.0,7.0,1.0,0.0,1.0,1.0,3130.0,0.93497676,0.8802591,0.0,1.0
0.0,0.0,7.0,26.0,0.0,0.0,0.0,0.0,0.0,0.81172264,0.89709085,0.0,0.0
1.0,4.0,3.0,16.0,1.0,0.0,1.0,1.0,4753.0,0.87334615,0.7035836,0.0,1.0
15.0,25.0,84.0,143.0,1.0,0.0,0.0,0.0,0.0,0.12759449,0.1846815,0.0,1.0
0.0,1.0,3.0,15.0,0.0,0.0,0.0,0.0,0.0,0.8806267,0.9640465,0.0,0.0
15.0,33.0,81.0,172.0,1.0,0.0,0.0,0.0,0.0,0.21846345,0.10451282,0.0,1.0
0.0,0.0,8.0,14.0,0.0,0.0,0.0,0.0,0.0,0.9602053,0.8713006,0.0,0.0
1.0,2.0,6.0,6.0,0.0,0.0,0.0,0.0,0.0,0.8545754,0.8901716,0.0,0.0
0.0,2.0,1.0,30.0,0.0,0.0,0.0,0.0,0.0,0.9640313,0.9436154,0.0,0.0
11.0,22.0,76.0,182.0,1.0,0.0,1.0,0.0,0.0,0.16517888,0.2394746,0.0,1.0
1.0,3.0,5.0,9.0,0.0,0.0,0.0,0.0,0.0,0.89547956,0.9108628,0.0,0.0
1.0,2.0,8.0,27.0,0.0,0.0,0.0,0.0,0.0,0.9182901,0.9502279,0.0,0.0
1.0,3.0,2.0,28.0,0.0,0.0,0.0,0.0,0.0,0.8862544,0.9539229,0.0,0.0
0.0,2.0,5.0,11.0,0.0,0.0,0.0,0.0,0.0,0.96115404,0.9229872,0.0,0.0
11.0,24.0,80.0,108.0,1.0,1.0,1.0,0.0,0.0,0.17004034,0.17677955,0.0,1.0
0.0,0.0,5.0,9.0,0.0,0.0,0.0,0.0,0.0,0.8158004,0.94589967,0.0,0.0
2.0,6.0,4.0,17.0,1.0,0.0,1.0,0.0,0.0,0.32693025,0.5975935,0.0,1.0
1.0,3.0,1.0,14.0,0.0,0.0,0.0,0.0,0.0,0.85986894,0.90702707,0.0,0.0
6.0,36.0,50.0,129.0,1.0,0.0,0.0,0.0,0.0,0.2822218,0.19394918,0.0,1.0
0.0,2.0,8.0,8.0,0.0,0.0,0.0,0.0,0.0,0.8541193,0.8546609,0.0,0.0
0.0,0.0,2.0,29.0,0.0,0.0,0.0,0.0,0.0,0.81661505,0.9496253,0.0,0.0
1.0,3.0,5.0,23.0,0.0,0.0,0.0,0.0,0.0,0.8897889,0.9092791,0.0,0.0
0.0,0.0,6.0,23.0,1.0,0.0,1.0,1.0,1894.0,0.81183547,0.91163135,0.0,1.0
2.0,3.0,2.0,21.0,1.0,0.0,1.0,1.0,1742.0,0.762113,0.902168,0.0,1.0
3.0,7.0,6.0,19.0,1.0,1.0,0.0,0.0,0.0,0.7298088,0.45293197,0.0,1.0
3.0,3.0,10.0,6.0,0.0,0.0,0.0,0.0,0.0,0.37279084,0.37146658,0.0,0.0
1.0,2.0,8.0,26.0,0.0,0.0,0.0,0.0,0.0,0.8841284,0.87182605,0.0,0.0
1.0,2.0,5.0,18.0,0.0,0.0,0.0,0.0,0.0,0.8652129,0.95901734,0.0,0.0
0.0,0.0,5.0,4.0,0.5,0.5,0.5,0.0,0.0,0.5,0.5,1.0,0.0
0.0,3.0,4.0,17.0,0.0,0.0,0.0,0.0,0.0,0.851754,0.91993946,0.0,0.0
1.0,0.0,5.0,13.0,1.0,0.0,1.0,0.0,0.0,0.36279246,0.80384743,0.0,1.0
14.0,22.0,58.0,82.0,1.0,1.0,1.0,0.0,0.0,0.051956635,0.18914829,0.0,1.0
1.0,0.0,0.0,0.0,0.5,0.5,0.5,0.0,0.0,0.5,0.5,1.0,0.0
1.0,2.0,3.0,6.0,0.0,0.0,0.0,0.0,0.0,0.9297353,0.9563775,0.0,0.0
0.0,2.0,2.0,0.0,0.5,0.5,0.5,0.0,0.0,0.5,0.5,1.0,0.0
0.0,4.0,6.0,17.0,1.0,0.0,1.0,1.0,4691.0,0.8020362,0.75497264,0.0,1.0
12.0,18.0,47.0,162.0,1.0,0.0,1.0,0.0,0.0,0.24243414,0.19461696,0.0,1.0
1.0,1.0,8.0,19.0,0.0,0.0,0.0,0.0,0.0,0.9383139,0.8725131,0.0,0.0
13.0,38.0,56.0,62.0,1.0,0.0,0.0,0.0,0.0,0.06376599,0.13725495,0.0,1.0
2.0,3.0,14.0,10.0,1.0,1.0,0.0,0.0,0.0,0.34720162,0.7329304,0.0,1.0
1.0,1.0,1.0,7.0,0.0,0.0,0.0,0.0,0.0,0.856021,0.8599278,0.0,0.0
0.0,3.0,2.0,8.0,0.0,0.0,0.0,0.0,0.0,0.86584646,0.97989804,0.0,0.0
0.0,3.0,10.0,18.0,1.0,0.0,1.0,1.0,1901.0,0.83022493,0.8327904,0.0,1.0
11.0,16.0,61.0,58.0,1.0,0.0,0.0,0.0,0.0,0.05473434,0.12842312,0.0,1.0
0.0,1.0,2.0,8.0,0.0,1.0,1.0,0.0,0.0,0.7771013,0.318012,0.0,1.0
1.0,0.0,5.0,2.0,0.5,0.5,0.5,0.0,0.0,0.5,0.5,1.0,0.0
0.0,0.0,4.0,4.0,0.5,0.5,0.5,0.0,0.0,0.5,0.5,1.0,0.0
0.0,1.0,8.0,21.0,1.0,0.0,1.0,1.0,2912.0,0.7745659,0.78947675,0.0,1.0
7.0,17.0,95.0,80.0,1.0,1.0,0.0,0.0,0.0,0.15712695,0.18914965,0.0,1.0
5.0,21.0,50.0,95.0,1.0,1.0,0.0,0.0,0.0,0.06736353,0.06801217,0.0,1.0
12.0,35.0,60.0,194.0,1.0,0.0,0.0,0.0,0.0,0.24086842,0.06729735,0.0,1.0
0.0,2.0,7.0,30.0,0.0,0.0,0.0,0.0,0.0,0.9652784,0.9359867,0.0,0.0
0.0,0.0,4.0,22.0,0.0,0.0,0.0,0.0,0.0,0.86305726,0.8945879,0.0,0.0
0.0,0.0,3.0,18.0,0.0,0.0,0.0,0.0,0.0,0.9175207,0.9732906,0.0,0.0
3.0,0.0,4.0,9.0,0.0,1.0,0.0,0.0,0.0,0.79334164,0.6422258,1.0,1.0
0.0,3.0,4.0,12.0,0.0,0.0,0.0,0.0,0.0,0.9323772,0.97218394,0.0,0.0
2.0,2.0,7.0,8.0,1.0,0.0,1.0,1.0,2543.0,0.6511787,0.94408906,0.0,1.0
1.0,0.0,4.0,1.0,0.5,0.5,0.5,0.0,0.0,0.5,0.5,1.0,0.0
1.0,0.0,7.0,14.0,0.0,0.0,0.0,0.0,0.0,0.9721865,0.94713885,0.0,0.0
1.0,0.0,8.0,13.0,0.0,0.0,0.0,0.0,0.0,0.83389825,0.8552556,0.0,0.0
0.0,0.0,1.0,10.0,0.0,0.0,0.0,0.0,0.0,0.9750199,0.889496,0.0,0.0
14.0,28.0,68.0,76.0,1.0,0.0,0.0,0.0,0.0,0.17455734,0.2837935,0.0,1.0
1.0,1.0,5.0,19.0,0.0,0.0,0.0,0.0,0.0,0.8309786,0.9075665,0.0,0.0
1.0,3.0,7.0,17.0,0.0,0.0,0.0,0.0,0.0,0.9235554,0.884379,0.0,0.0
2.0,2.0,9.0,14.0,1.0,0.0,1.0,1.0,2773.0,0.8322098,0.79087234,0.0,1.0
5.0,33.0,69.0,103.0,1.0,1.0,0.0,0.0,0.0,0.2696991,0.23585078,0.0,1.0
1.0,0.0,2.0,12.0,0.0,0.0,0.0,0.0,0.0,0.92999184,0.959441,0.0,0.0
1.0,4.0,8.0,25.0,1.0,0.0,1.0,1.0,3618.0,0.6543318,0.9673698,0.0,1.0
13.0,39.0,47.0,161.0,1.0,1.0,0.0,0.0,0.0,0.19672039,0.26701835,0.0,1.0
13.0,25.0,43.0,56.0,1.0,0.0,1.0,0.0,0.0,0.18855496,0.19923113,0.0,1.0
10.0,28.0,79.0,92.0,1.0,1.0,0.0,0.0,0.0,0.17638199,0.18762352,0.0,1.0
0.0,3.0,4.0,10.0,0.0,0.0,0.0,0.0,0.0,0.957753,0.8521717,0.0,0.0
1.0,3.0,6.0,9.0,0.0,0.0,0.0,0.0,0.0,0.8946816,0.9001082,0.0,0.0
1.0,2.0,6.0,15.0,0.0,0.0,0.0,0.0,0.0,0.8004927,0.91759175,0.0,0.0
3.0,8.0,8.0,4.0,1.0,0.0,1.0,0.0,0.0,0.57741624,0.3456092,0.0,1.0
1.0,1.0,5.0,26.0,0.0,0.0,0.0,0.0,0.0,0.9415429,0.9636412,0.0,0.0
3.0,5.0,11.0,13.0,0.0,1.0,0.0,0.0,0.0,0.4009198,0.7445403,0.0,1.0
0.0,8.0,9.0,19.0,0.0,1.0,1.0,0.0,0.0,0.48121116,0.51627815,0.0,1.0
0.0,2.0,5.0,28.0,0.0,0.0,0.0,0.0,0.0,0.97804856,0.8509031,0.0,0.0
0.0,2.0,15.0,7.0,0.0,0.0,1.0,0.0,0.0,0.7223812,0.51000404,0.0,0.0
1.0,2.0,7.0,17.0,0.0,0.0,0.0,0.0,0.0,0.9187136,0.945244,0.0,0.0
1.0,0.0,7.0,27.0,0.0,0.0,0.0,0.0,0.0,0.95998,0.95919985,0.0,0.0
1.0,8.0,11.0,5.0,0.0,1.0,1.0,0.0,0.0,0.35927442,0.6805751,0.0,1.0
3.0,7.0,11.0,9.0,1.0,0.0,1.0,0.0,0.0,0.32735428,0.63801104,1.0,1.0
1.0,2.0,5.0,17.0,0.0,0.0,0.0,0.0,0.0,0.86944777,0.96197975,0.0,0.0
0.0,2.0,4.0,11.0,1.0,0.0,1.0,1.0,1955.0,0.91041124,0.75702935,0.0,1.0
0.0,1.0,6.0,5.0,0.0,0.0,0.0,0.0,0.0,0.96056116,0.95595866,0.0,0.0
1.0,3.0,4.0,20.0,0.0,0.0,0.0,0.0,0.0,0.9545188,0.9667898,0.0,0.0
1.0,3.0,7.0,28.0,0.0,0.0,0.0,0.0,0.0,0.93297493,0.88424474,0.0,0.0
2.0,3.0,5.0,13.0,1.0,0.0,1.0,1.0,4714.0,0.746498,0.8125997,0.0,1.0
0.0,2.0,8.0,13.0,0.0,0.0,0.0,0.0,0.0,0.92279416,0.8602887,0.0,0.0
5.0,21.0,41.0,57.0,1.0,1.0,0.0,0.0,0.0,0.123425774,0.06986443,0.0,1.0
1.0,0.0,0.0,1.0,0.5,0.5,0.5,0.0,0.0,0.5,0.5,1.0,0.0
2.0,4.0,11.0,14.0,0.0,0.0,0.0,0.0,0.0,0.3380614,0.38262436,1.0,0.0
15.0,36.0,69.0,119.0,1.0,0.0,1.0,0.0,0.0,0.24802655,0.071317784,0.0,1.0
1.0,0.0,13.0,17.0,1.0,1.0,0.0,0.0,0.0,0.7388727,0.48118418,1.0,1.0
12.0,24.0,75.0,107.0,1.0,0.0,1.0,0.0,0.0,0.20114331,0.19448462,0.0,1.0
1.0,1.0,7.0,11.0,0.0,0.0,0.0,0.0,0.0,0.95713425,0.85053885,0.0,0.0
0.0,1.0,8.0,20.0,0.0,0.0,0.0,0.0,0.0,0.84482765,0.9042225,0.0,0.0
1.0,0.0,2.0,20.0,0.0,0.0,0.0,0.0,0.0,0.88068956,0.9006854,0.0,0.0
2.0,2.0,4.0,14.0,1.0,0.0,1.0,1.0,3199.0,0.8877576,0.7851009,0.0,1.0
0.0,1.0,7.0,19.0,0.0,0.0,0.0,0.0,0.0,0.8692397,0.94227123,0.0,0.0
9.0,15.0,73.0,93.0,1.0,0.0,1.0,0.0,0.0,0.059344407,0.21444194,0.0,1.0
2.0,1.0,1.0,11.0,1.0,0.0,1.0,1.0,4363.0,0.82345265,0.7321745,0.0,1.0
10.0,15.0,62.0,140.0,1.0,0.0,1.0,0.0,0.0,0.23380466,0.27434996,0.0,1.0
2.0,0.0,3.0,24.0,1.0,0.0,1.0,1.0,4542.0,0.81128556,0.71258634,0.0,1.0
1.0,3.0,3.0,18.0,0.0,0.0,0.0,0.0,0.0,0.84705704,0.9606622,0.0,0.0
9.0,29.0,84.0,187.0,1.0,0.0,1.0,0.0,0.0,0.22411983,0.18738803,0.0,1.0
2.0,4.0,7.0,12.0,1.0,0.0,1.0,1.0,2785.0,0.6855273,0.89382875,0.0,1.0
0.0,1.0,3.0,9.0,0.0,0.0,0.0,0.0,0.0,0.9189186,0.98714656,0.0,0.0
1.0,1.0,8.0,5.0,0.0,0.0,0.0,0.0,0.0,0.9539468,0.9262583,0.0,0.0
0.0,1.0,4.0,14.0,0.0,0.0,0.0,0.0,0.0,0.8387887,0.8542869,0.0,0.0
1.0,3.0,4.0,13.0,0.0,0.0,0.0,0.0,0.0,0.8716166,0.89800024,0.0,0.0
0.0,1.0,4.0,19.0,0.0,0.0,0.0,0.0,0.0,0.86030966,0.95250916,0.0,0.0
0.0,3.0,3.0,15.0,0.0,0.0,0.0,0.0,0.0,0.80440956,0.94764805,0.0,0.0
1.0,0.0,5.0,5.0,0.0,0.0,0.0,0.0,0.0,0.9453402,0.9253548,0.0,0.0
1.0,2.0,8.0,26.0,0.0,0.0,0.0,0.0,0.0,0.871891,0.96472245,0.0,0.0
0.0,5.0,2.0,17.0,1.0,0.0,1.0,1.0,4659.0,0.8417627,0.8539669,0.0,1.0
0.0,3.0,2.0,16.0,0.0,0.0,0.0,0.0,0.0,0.9704978,0.89539725,0.0,0.0
1.0,0.0,5.0,14.0,0.0,0.0,0.0,0.0,0.0,0.83880466,0.9646775,0.0,0.0
8.0,31.0,73.0,96.0,1.0,1.0,1.0,0.0,0.0,0.11140845,0.17108583,0.0,1.0
1.0,1.0,3.0,3.0,0.5,0.5,0.5,0.0,0.0,0.5,0.5,1.0,0.0
0.0,1.0,3.0,9.0,0.0,0.0,0.0,0.0,0.0,0.9629569,0.9823485,0.0,0.0
0.0,0.0,1.0,0.0,0.5,0.5,0.5,0.0,0.0,0.5,0.5,1.0,0.0
3.0,8.0,13.0,17.0,1.0,1.0,1.0,0.0,0.0,0.41946784,0.32517877,1.0,1.0
12.0,18.0,88.0,117.0,1.0,1.0,0.0,0.0,0.0,0.2362401,0.21386513,0.0,1.0
1.0,1.0,7.0,12.0,0.0,0.0,0.0,0.0,0.0,0.9052378,0.9061109,0.0,0.0
0.0,0.0,6.0,29.0,0.0,0.0,0.0,0.0,0.0,0.80784565,0.9505759,0.0,0.0
0.0,0.0,7.0,27.0,0.0,0.0,0.0,0.0,0.0,0.80525994,0.98006046,0.0,0.0
0.0,5.0,9.0,24.0,1.0,0.0,1.0,1.0,2660.0,0.77456784,0.9146192,0.0,1.0
1.0,2.0,4.0,28.0,0.0,0.0,0.0,0.0,0.0,0.9103611,0.9842986,0.0,0.0
8.0,26.0,100.0,77.0,1.0,0.0,1.0,0.0,0.0,0.11023089,0.1989391,0.0,1.0
0.0,5.0,8.0,20.0,1.0,0.0,1.0,1.0,1643.0,0.74895954,0.778503,0.0,1.0
2.0,1.0,10.0,9.0,1.0,0.0,1.0,1.0,3610.0,0.7781143,0.80306345,0.0,1.0
0.0,2.0,6.0,15.0,0.0,0.0,0.0,0.0,0.0,0.86234593,0.9122136,0.0,0.0
1.0,0.0,2.0,4.0,0.5,0.5,0.5,0.0,0.0,0.5,0.5,1.0,0.0
0.0,0.0,8.0,29.0,0.0,0.0,0.0,0.0,0.0,0.8710807,0.8907512,0.0,0.0
0.0,3.0,4.0,22.0,0.0,0.0,0.0,0.0,0.0,0.9557052,0.96824557,0.0,0.0
0.0,0.0,6.0,25.0,0.0,0.0,0.0,0.0,0.0,0.81354165,0.8558052,0.0,0.0
0.0,1.0,4.0,7.0,0.0,0.0,0.0,0.0,0.0,0.8792893,0.9144126,0.0,0.0
1.0,2.0,7.0,13.0,0.0,0.0,0.0,0.0,0.0,0.9597845,0.95933634,0.0,0.0
1.0,2.0,3.0,7.0,0.0,0.0,0.0,0.0,0.0,0.9482919,0.8917483,0.0,0.0
1.0,2.0,3.0,16.0,0.0,0.0,0.0,0.0,0.0,0.8228475,0.9593574,0.0,0.0
1.0,2.0,1.0,22.0,1.0,0.0,1.0,1.0,3870.0,0.90677947,0.95089674,0.0,1.0
1.0,0.0,1.0,20.0,0.0,0.0,0.0,0.0,0.0,0.96439844,0.91394526,0.0,0.0
0.0,1.0,8.0,16.0,0.0,0.0,0.0,0.0,0.0,0.8066233,0.9189973,0.0,0.0
5.0,38.0,52.0,99.0,1.0,1.0,1.0,0.0,0.0,0.28056994,0.16977707,0.0,1.0
14.0,36.0,54.0,107.0,1.0,1.0,1.0,0.0,0.0,0.052134033,0.2118058,0.0,1.0
1.0,2.0,3.0,3.0,0.5,0.5,0.5,0.0,0.0,0.5,0.5,1.0,0.0
0.0,3.0,6.0,14.0,0.0,0.0,0.0,0.0,0.0,0.91656744,0.95045805,0.0,0.0
1.0,0.0,5.0,18.0,0.0,0.0,0.0,0.0,0.0,0.81673414,0.8966573,0.0,0.0
0.0,0.0,2.0,28.0,0.0,0.0,0.0,0.0,0.0,0.84158325,0.90394634,0.0,0.0
14.0,30.0,97.0,88.0,1.0,0.0,1.0,0.0,0.0,0.13284986,0.13027053,0.0,1.0
0.0,0.0,2.0,1.0,0.5,0.5,0.5,0.0,0.0,0.5,0.5,1.0,0.0
12.0,26.0,96.0,138.0,1.0,0.0,0.0,0.0,0.0,0.24194542,0.08225824,0.0,1.0
0.0,0.0,3.0,9.0,0.0,0.0,0.0,0.0,0.0,0.95202154,0.90140367,0.0,0.0
1.0,2.0,5.0,7.0,0.0,0.0,0.0,0.0,0.0,0.9257932,0.96944624,0.0,0.0
0.0,3.0,3.0,6.0,0.0,0.0,0.0,0.0,0.0,0.8182264,0.8787771,0.0,0.0
0.0,5.0,6.0,4.0,1.0,1.0,1.0,0.0,0.0,0.7228128,0.5360841,1.0,1.0
0.0,2.0,8.0,8.0,0.0,0.0,0.0,0.0,0.0,0.86061,0.9172608,0.0,0.0
6.0,24.0,71.0,93.0,1.0,0.0,0.0,0.0,0.0,0.16594988,0.19519505,0.0,1.0
2.0,2.0,1.0,24.0,1.0,0.0,1.0,1.0,3010.0,0.75079054,0.9216659,0.0,1.0
0.0,1.0,1.0,26.0,0.0,0.0,0.0,0.0,0.0,0.92881495,0.93392795,0.0,0.0
1.0,0.0,4.0,2.0,0.5,0.5,0.5,0.0,0.0,0.5,0.5,1.0,0.0
0.0,3.0,4.0,16.0,0.0,0.0,0.0,0.0,0.0,0.8813431,0.9831017,0.0,0.0
13.0,17.0,76.0,133.0,1.0,0.0,1.0,0.0,0.0,0.078488745,0.21767536,0.0,1.0
1.0,3.0,7.0,28.0,0.0,0.0,0.0,0.0,0.0,0.810084,0.92295027,0.0,0.0
1.0,3.0,2.0,21.0,0.0,0.0,0.0,0.0,0.0,0.935896,0.8821883,0.0,0.0
1.0,2.0,5.0,23.0,0.0,0.0,0.0,0.0,0.0,0.9593399,0.9585694,0.0,0.0
0.0,0.0,10.0,12.0,1.0,0.0,1.0,1.0,1779.0,0.69955164,0.9246599,0.0,1.0
2.0,5.0,1.0,12.0,1.0,0.0,1.0,1.0,3565.0,0.82178855,0.7310136,0.0,1.0
1.0,0.0,5.0,10.0,0.0,0.0,0.0,0.0,0.0,0.8110319,0.9737804,0.0,0.0
1.0,0.0,6.0,23.0,0.0,0.0,0.0,0.0,0.0,0.9355502,0.8925125,0.0,0.0
1.0,2.0,5.0,21.0,0.0,0.0,0.0,0.0,0.0,0.9036277,0.9640611,0.0,0.0
0.0,2.0,4.0,4.0,0.5,0.5,0.5,0.0,0.0,0.5,0.5,1.0,0.0
1.0,3.0,4.0,8.0,0.0,0.0,0.0,0.0,0.0,0.89408934,0.8804625,0.0,0.0
1.0,0.0,3.0,5.0,0.0,0.0,0.0,0.0,0.0,0.84565175,0.91084355,0.0,0.0
0.0,0.0,7.0,21.0,0.0,0.0,0.0,0.0,0.0,0.97604537,0.87333655,0.0,0.0
1.0,1.0,5.0,22.0,0.0,0.0,0.0,0.0,0.0,0.84842277,0.91118646,0.0,0.0
1.0,0.0,2.0,2.0,0.5,0.5,0.5,0.0,0.0,0.5,0.5,1.0,0.0
0.0,3.0,6.0,14.0,0.0,0.0,0.0,0.0,0.0,0.84712434,0.9202531,0.0,0.0
2.0,0.0,2.0,22.0,1.0,0.0,1.0,1.0,3594.0,0.63624907,0.7028152,0.0,1.0
9.0,19.0,45.0,157.0,1.0,1.0,1.0,0.0,0.0,0.05036316,0.07865268,0.0,1.0
13.0,28.0,89.0,200.0,1.0,1.0,0.0,0.0,0.0,0.065881915,0.26871213,0.0,1.0
12.0,12.0,44.0,142.0,1.0,1.0,0.0,0.0,0.0,0.06448129,0.2695024,0.0,1.0
0.0,1.0,6.0,30.0,0.0,0.0,0.0,0.0,0.0,0.8183204,0.86616457,0.0,0.0
0.0,0.0,8.0,19.0,0.0,0.0,0.0,0.0,0.0,0.94422704,0.9127338,0.0,0.0
1.0,0.0,2.0,7.0,0.0,0.0,0.0,0.0,0.0,0.93139154,0.9822814,0.0,0.0
1.0,1.0,3.0,23.0,0.0,0.0,0.0,0.0,0.0,0.9075652,0.9383466,0.0,0.0
15.0,16.0,70.0,158.0,1.0,0.0,0.0,0.0,0.0,0.25812984,0.077166945,0.0,1.0
2.0,1.0,7.0,10.0,1.0,0.0,0.0,0.0,0.0,0.3231547,0.43679097,1.0,1.0
0.0,8.0,10.0,13.0,1.0,1.0,0.0,0.0,0.0,0.62013453,0.39220342,0.0,1.0
1.0,1.0,3.0,5.0,0.0,0.0,0.0,0.0,0.0,0.82880056,0.8804931,0.0,0.0
1.0,1.0,2.0,27.0,0.0,0.0,0.0,0.0,0.0,0.85608906,0.8799846,0.0,0.0
1.0,2.0,0.0,3.0,0.5,0.5,0.5,0.0,0.0,0.5,0.5,1.0,0.0
9.0,18.0,83.0,108.0,1.0,1.0,1.0,0.0,0.0,0.27923846,0.12225759,0.0,1.0
0.0,2.0,2.0,28.0,0.0,0.0,0.0,0.0,0.0,0.84780174,0.8994377,0.0,0.0
0.0,6.0,12.0,8.0,0.0,0.0,1.0,0.0,0.0,0.52626693,0.5758078,1.0,1.0
0.0,1.0,7.0,7.0,0.0,0.0,0.0,0.0,0.0,0.96505916,0.87756276,0.0,0.0
0.0,2.0,15.0,16.0,1.0,1.0,0.0,0.0,0.0,0.52963763,0.5559984,1.0,1.0
1.0,4.0,8.0,18.0,0.0,1.0,1.0,0.0,0.0,0.7753264,0.49784353,0.0,1.0
1.0,1.0,2.0,0.0,0.5,0.5,0.5,0.0,0.0,0.5,0.5,1.0,0.0
0.0,7.0,7.0,13.0,0.0,0.0,1.0,0.0,0.0,0.8099616,0.6177595,1.0,0.0
1.0,0.0,5.0,7.0,0.0,0.0,0.0,0.0,0.0,0.8389868,0.93491364,0.0,0.0
0.0,0.0,3.0,0.0,0.5,0.5,0.5,0.0,0.0,0.5,0.5,1.0,0.0
0.0,0.0,4.0,10.0,0.0,0.0,0.0,0.0,0.0,0.8731545,0.91739017,0.0,0.0
0.0,3.0,3.0,9.0,0.0,0.0,0.0,0.0,0.0,0.95180225,0.8532242,0.0,0.0
0.0,2.0,5.0,16.0,0.0,0.0,0.0,0.0,0.0,0.89285994,0.89660716,0.0,0.0
8.0,34.0,73.0,154.0,1.0,1.0,0.0,0.0,0.0,0.16483954,0.10281803,0.0,1.0
2.0,1.0,3.0,8.0,1.0,0.0,1.0,1.0,4790.0,0.6604282,0.8607134,0.0,1.0
0.0,1.0,15.0,11.0,0.0,1.0,1.0,0.0,0.0,0.45847502,0.3300481,0.0,1.0
1.0,2.0,7.0,13.0,0.0,0.0,0.0,0.0,0.0,0.8689478,0.91798186,0.0,0.0
9.0,39.0,46.0,180.0,1.0,1.0,0.0,0.0,0.0,0.23182464,0.2461663,0.0,1.0
1.0,0.0,4.0,11.0,0.0,0.0,0.0,0.0,0.0,0.8937567,0.918005,0.0,0.0
1.0,1.0,0.0,1.0,0.5,0.5,0.5,0.0,0.0,0.5,0.5,1.0,0.0
0.0,2.0,6.0,9.0,0.0,0.0,0.0,0.0,0.0,0.8696309,0.9674563,0.0,0.0
2.0,4.0,3.0,7.0,1.0,0.0,1.0,1.0,2578.0,0.90983486,0.80151457,0.0,1.0
0.0,1.0,1.0,4.0,0.5,0.5,0.5,0.0,0.0,0.5,0.5,1.0,0.0
0.0,0.0,3.0,21.0,0.0,0.0,0.0,0.0,0.0,0.9560384,0.97860724,0.0,0.0
0.0,1.0,5.0,24.0,0.0,0.0,0.0,0.0,0.0,0.8939768,0.8878096,0.0,0.0
2.0,4.0,3.0,17.0,0.0,1.0,0.0,0.0,0.0,0.66618115,0.4070653,1.0,1.0
0.0,1.0,5.0,4.0,0.5,0.5,0.5,0.0,0.0,0.5,0.5,1.0,0.0
1.0,2.0,2.0,7.0,0.0,0.0,0.0,0.0,0.0,0.94506913,0.86453366,0.0,0.0
1.0,1.0,2.0,12.0,0.0,0.0,0.0,0.0,0.0,0.9569258,0.93693227,0.0,0.0
1.0,3.0,4.0,10.0,0.0,0.0,0.0,0.0,0.0,0.94642603,0.9807252,0.0,0.0
0.0,1.0,2.0,4.0,0.5,0.5,0.5,0.0,0.0,0.5,0.5,1.0,0.0
1.0,2.0,6.0,28.0,0.0,0.0,0.0,0.0,0.0,0.8356608,0.91090894,0.0,0.0
1.0,1.0,2.0,5.0,0.0,0.0,0.0,0.0,0.0,0.88636094,0.8926771,0.0,0.0
1.0,0.0,5.0,25.0,0.0,0.0,0.0,0.0,0.0,0.82283986,0.971251,0.0,0.0
0.0,2.0,5.0,21.0,0.0,0.0,0.0,0.0,0.0,0.9208166,0.97568876,0.0,0.0
1.0,1.0,8.0,15.0,0.0,0.0,0.0,0.0,0.0,0.84103566,0.89840066,0.0,0.0
1.0,0.0,5.0,25.0,0.0,0.0,0.0,0.0,0.0,0.90917605,0.9700972,0.0,0.0
0.0,1.0,2.0,12.0,0.0,0.0,0.0,0.0,0.0,0.8459633,0.9159933,0.0,0.0
0.0,2.0,6.0,17.0,0.0,0.0,0.0,0.0,0.0,0.9142311,0.98555726,0.0,0.0
1.0,3.0,5.0,5.0,0.0,0.0,0.0,0.0,0.0,0.9505882,0.8706279,0.0,0.0
1.0,0.0,4.0,0.0,0.5,0.5,0.5,0.0,0.0,0.5,0.5,1.0,0.0
14.0,35.0,92.0,53.0,1.0,0.0,1.0,0.0,0.0,0.0826721,0.2535877,0.0,1.0
1.0,3.0,3.0,8.0,0.0,0.0,0.0,0.0,0.0,0.8232448,0.90857786,0.0,0.0
1.0,1.0,3.0,2.0,0.5,0.5,0.5,0.0,0.0,0.5,0.5,1.0,0.0
0.0,2.0,0.0,3.0,0.5,0.5,0.5,0.0,0.0,0.5,0.5,1.0,0.0
1.0,1.0,2.0,1.0,0.5,0.5,0.5,0.0,0.0,0.5,0.5,1.0,0.0
0.0,1.0,4.0,1.0,0.5,0.5,0.5,0.0,0.0,0.5,0.5,1.0,0.0
0.0,0.0,0.0,4.0,0.5,0.5,0.5,0.0,0.0,0.5,0.5,1.0,0.0
3.0,5.0,12.0,8.0,1.0,0.0,0.0,0.0,0.0,0.80084527,0.88878065,1.0,1.0
0.0,7.0,4.0,8.0,0.0,0.0,1.0,0.0,0.0,0.37199882,0.39235106,1.0,1.0
1.0,3.0,2.0,12.0,0.0,0.0,0.0,0.0,0.0,0.86807805,0.8685098,0.0,0.0
1.0,0.0,3.0,6.0,0.0,0.0,0.0,0.0,0.0,0.8003757,0.8748602,0.0,0.0
2.0,3.0,4.0,25.0,1.0,0.0,1.0,1.0,4971.0,0.9467839,0.8747351,0.0,1.0
6.0,38.0,72.0,164.0,1.0,0.0,1.0,0.0,0.0,0.10242107,0.22329402,0.0,1.0
1.0,1.0,7.0,15.0,0.0,0.0,0.0,0.0,0.0,0.8187891,0.9775781,0.0,0.0
1.0,0.0,1.0,11.0,0.0,0.0,0.0,0.0,0.0,0.9539261,0.8723086,0.0,0.0
1.0,0.0,2.0,3.0,0.5,0.5,0.5,0.0,0.0,0.5,0.5,1.0,0.0
0.0,0.0,1.0,17.0,0.0,0.0,0.0,0.0,0.0,0.8942795,0.89726096,0.0,0.0
1.0,0.0,2.0,2.0,0.5,0.5,0.5,0.0,0.0,0.5,0.5,1.0,0.0
1.0,0.0,6.0,26.0,0.0,0.0,0.0,0.0,0.0,0.898398,0.9686948,0.0,0.0
6.0,15.0,61.0,140.0,1.0,0.0,0.0,0.0,0.0,0.19080508,0.2112578,0.0,1.0
1.0,1.0,6.0,16.0,1.0,0.0,1.0,1.0,3880.0,0.78451586,0.81818056,0.0,1.0
1.0,0.0,5.0,17.0,0.0,0.0,0.0,0.0,0.0,0.9602724,0.9640802,0.0,0.0
15.0,30.0,87.0,187.0,1.0,1.0,0.0,0.0,0.0,0.16362852,0.063096225,0.0,1.0
10.0,34.0,48.0,72.0,1.0,1.0,0.0,0.0,0.0,0.23394997,0.2596824,0.0,1.0
0.0,2.0,3.0,3.0,0.5,0.5,0.5,0.0,0.0,0.5,0.5,1.0,0.0
0.0,1.0,5.0,10.0,0.0,0.0,0.0,0.0,0.0,0.8906744,0.98024577,0.0,0.0
14.0,32.0,60.0,189.0,1.0,0.0,1.0,0.0,0.0,0.074045375,0.26511103,0.0,1.0
0.0,0.0,1.0,2.0,0.5,0.5,0.5,0.0,0.0,0.5,0.5,1.0,0.0
0.0,2.0,8.0,23.0,0.0,0.0,0.0,0.0,0.0,0.90294385,0.9126267,0.0,0.0
7.0,14.0,50.0,84.0,1.0,0.0,0.0,0.0,0.0,0.19406046,0.1963078,0.0,1.0
13.0,12.0,64.0,57.0,1.0,0.0,1.0,0.0,0.0,0.22567469,0.12724617,0.0,1.0
1.0,1.0,10.0,13.0,1.0,0.0,1.0,1.0,2127.0,0.90025043,0.70411885,0.0,1.0
1.0,3.0,1.0,15.0,0.0,0.0,0.0,0.0,0.0,0.8412035,0.95503795,0.0,0.0
12.0,26.0,72.0,126.0,1.0,1.0,1.0,0.0,0.0,0.20689635,0.28344294,0.0,1.0
0.0,1.0,5.0,0.0,0.5,0.5,0.5,0.0,0.0,0.5,0.5,1.0,0.0
1.0,3.0,5.0,28.0,0.0,0.0,0.0,0.0,0.0,0.8167312,0.964095,0.0,0.0
1.0,0.0,4.0,14.0,0.0,0.0,0.0,0.0,0.0,0.95746577,0.8545123,0.0,0.0
0.0,0.0,3.0,26.0,0.0,0.0,0.0,0.0,0.0,0.82685894,0.92437583,0.0,0.0
2.0,1.0,6.0,13.0,1.0,1.0,1.0,0.0,0.0,0.72216195,0.47384462,0.0,1.0
0.0,1.0,3.0,1.0,0.5,0.5,0.5,0.0,0.0,0.5,0.5,1.0,0.0
6.0,39.0,32.0,199.0,1.0,1.0,0.0,0.0,0.0,0.19268014,0.15114033,0.0,1.0
11.0,15.0,31.0,63.0,1.0,1.0,1.0,0.0,0.0,0.17396702,0.2105909,0.0,1.0
1.0,2.0,3.0,19.0,0.0,0.0,0.0,0.0,0.0,0.8122915,0.9119091,0.0,0.0
1.0,0.0,5.0,27.0,0.0,0.0,0.0,0.0,0.0,0.95718426,0.9114305,0.0,0.0
0.0,2.0,4.0,12.0,0.0,0.0,0.0,0.0,0.0,0.9473638,0.974203,0.0,0.0
0.0,2.0,2.0,23.0,0.0,0.0,0.0,0.0,0.0,0.8043358,0.9571966,0.0,0.0
8.0,27.0,100.0,110.0,1.0,0.0,1.0,0.0,0.0,0.10275188,0.21672057,0.0,1.0
14.0,36.0,85.0,66.0,1.0,1.0,1.0,0.0,0.0,0.26700163,0.27982405,0.0,1.0
11.0,16.0,65.0,137.0,1.0,1.0,0.0,0.0,0.0,0.29378238,0.14094631,0.0,1.0
1.0,3.0,2.0,20.0,0.0,0.0,0.0,0.0,0.0,0.8590029,0.8976253,0.0,0.0
1.0,0.0,1.0,5.0,0.0,0.0,0.0,0.0,0.0,0.8248316,0.85019815,0.0,0.0
1.0,0.0,6.0,9.0,0.0,0.0,0.0,0.0,0.0,0.8322637,0.8923111,0.0,0.0
1.0,2.0,3.0,8.0,0.0,0.0,0.0,0.0,0.0,0.91082186,0.93215626,0.0,0.0
1.0,3.0,8.0,24.0,0.0,0.0,0.0,0.0,0.0,0.9186149,0.93064547,0.0,0.0
1.0,1.0,4.0,1.0,0.5,0.5,0.5,0.0,0.0,0.5,0.5,1.0,0.0
0.0,4.0,2.0,21.0,1.0,0.0,1.0,1.0,3088.0,0.6678663,0.92510617,0.0,1.0
0.0,2.0,2.0,10.0,0.0,0.0,0.0,0.0,0.0,0.94497615,0.92566895,0.0,0.0
11.0,39.0,56.0,65.0,1.0,1.0,1.0,0.0,0.0,0.2674116,0.055677477,0.0,1.0
1.0,1.0,8.0,14.0,0.0,0.0,0.0,0.0,0.0,0.93168163,0.9328537,0.0,0.0
0.0,2.0,5.0,9.0,0.0,0.0,0.0,0.0,0.0,0.9312388,0.9090821,0.0,0.0
5.0,13.0,55.0,84.0,1.0,1.0,1.0,0.0,0.0,0.21669294,0.18184541,0.0,1.0
0.0,1.0,8.0,25.0,0.0,0.0,0.0,0.0,0.0,0.84571594,0.88574576,0.0,0.0
0.0,2.0,7.0,22.0,0.0,0.0,0.0,0.0,0.0,0.88831615,0.87600344,0.0,0.0
1.0,1.0,2.0,1.0,0.5,0.5,0.5,0.0,0.0,0.5,0.5,1.0,0.0
0.0,1.0,2.0,19.0,0.0,0.0,0.0,0.0,0.0,0.9704246,0.9736818,0.0,0.0
0.0,1.0,3.0,4.0,0.5,0.5,0.5,0.0,0.0,0.5,0.5,1.0,0.0
1.0,1.0,8.0,24.0,0.0,0.0,0.0,0.0,0.0,0.9110004,0.91410065,0.0,0.0
3.0,2.0,6.0,8.0,1.0,1.0,0.0,0.0,0.0,0.5010631,0.66512,1.0,1.0
1.0,1.0,6.0,23.0,0.0,0.0,0.0,0.0,0.0,0.96668065,0.96786004,0.0,0.0
0.0,0.0,1.0,24.0,0.0,0.0,0.0,0.0,0.0,0.97996694,0.9536563,0.0,0.0
0.0,0.0,8.0,13.0,0.0,0.0,0.0,0.0,0.0,0.8376888,0.95829594,0.0,0.0
0.0,2.0,12.0,3.0,1.0,1.0,1.0,0.0,0.0,0.3248684,0.5956256,1.0,1.0
1.0,2.0,2.0,30.0,0.0,0.0,0.0,0.0,0.0,0.864201,0.9688892,0.0,0.0
1.0,0.0,1.0,5.0,0.0,0.0,0.0,0.0,0.0,0.81046426,0.85303503,0.0,0.0
0.0,0.0,2.0,7.0,0.0,0.0,0.0,0.0,0.0,0.9541593,0.868187,0.0,0.0
0.0,2.0,12.0,8.0,0.0,1.0,0.0,0.0,0.0,0.7893746,0.49360776,0.0,0.0
1.0,3.0,3.0,7.0,0.0,0.0,0.0,0.0,0.0,0.92276126,0.8591578,0.0,0.0
0.0,3.0,2.0,26.0,0.0,0.0,0.0,0.0,0.0,0.9375981,0.95025533,0.0,0.0
8.0,31.0,44.0,151.0,1.0,0.0,1.0,0.0,0.0,0.25531453,0.05067321,0.0,1.0
6.0,12.0,79.0,70.0,1.0,1.0,1.0,0.0,0.0,0.138868,0.19772026,0.0,1.0
1.0,3.0,8.0,9.0,1.0,0.0,1.0,1.0,1029.0,0.6939858,0.78105456,0.0,1.0
11.0,38.0,82.0,146.0,1.0,1.0,0.0,0.0,0.0,0.25418115,0.17205413,0.0,1.0
0.0,1.0,6.0,19.0,0.0,0.0,0.0,0.0,0.0,0.96753055,0.9756172,0.0,0.0
1.0,1.0,4.0,3.0,0.5,0.5,0.5,0.0,0.0,0.5,0.5,1.0,0.0
0.0,0.0,1.0,3.0,0.5,0.5,0.5,0.0,0.0,0.5,0.5,1.0,0.0
1.0,3.0,8.0,28.0,0.0,0.0,0.0,0.0,0.0,0.9127767,0.94559205,0.0,0.0
1.0,3.0,3.0,25.0,0.0,0.0,0.0,0.0,0.0,0.834768,0.879509,0.0,0.0
1.0,2.0,5.0,11.0,0.0,0.0,0.0,0.0,0.0,0.807398,0.9228109,0.0,0.0
0.0,3.0,3.0,14.0,0.0,0.0,0.0,0.0,0.0,0.8078695,0.89895344,0.0,0.0
0.0,2.0,3.0,22.0,0.0,0.0,0.0,0.0,0.0,0.8646513,0.95639515,0.0,0.0
0.0,2.0,8.0,10.0,0.0,0.0,0.0,0.0,0.0,0.8356148,0.9107423,0.0,0.0
0.0,1.0,4.0,28.0,0.0,0.0,0.0,0.0,0.0,0.8871558,0.9514419,0.0,0.0
6.0,22.0,98.0,145.0,1.0,1.0,0.0,0.0,0.0,0.06933133,0.26057947,0.0,1.0
1.0,0.0,1.0,18.0,0.0,0.0,0.0,0.0,0.0,0.9584226,0.8666788,0.0,0.0
0.0,2.0,7.0,15.0,0.0,0.0,0.0,0.0,0.0,0.9109705,0.8753734,0.0,0.0
12.0,20.0,66.0,80.0,1.0,1.0,0.0,0.0,0.0,0.2705703,0.22003019,0.0,1.0
0.0,3.0,1.0,24.0,0.0,0.0,0.0,0.0,0.0,0.8509417,0.85938525,0.0,0.0
13.0,20.0,87.0,128.0,1.0,1.0,0.0,0.0,0.0,0.12367185,0.19596866,0.0,1.0
0.0,2.0,6.0,8.0,0.0,0.0,0.0,0.0,0.0,0.8076509,0.9380522,0.0,0.0
0.0,3.0,3.0,10.0,0.0,0.0,0.0,0.0,0.0,0.86066335,0.93116224,0.0,0.0
15.0,37.0,93.0,141.0,1.0,1.0,0.0,0.0,0.0,0.21259588,0.1452572,0.0,1.0
0.0,3.0,6.0,25.0,0.0,0.0,0.0,0.0,0.0,0.9596613,0.9096297,0.0,0.0
5.0,26.0,40.0,160.0,1.0,1.0,0.0,0.0,0.0,0.15308529,0.082496904,0.0,1.0
7.0,23.0,88.0,69.0,1.0,1.0,1.0,0.0,0.0,0.05584341,0.1986754,0.0,1.0
0.0,1.0,3.0,2.0,0.5,0.5,0.5,0.0,0.0,0.5,0.5,1.0,0.0
0.0,3.0,2.0,13.0,0.0,0.0,0.0,0.0,0.0,0.8068654,0.95841885,0.0,0.0
0.0,5.0,1.0,5.0,1.0,0.0,1.0,1.0,3439.0,0.71861625,0.84524935,0.0,1.0
1.0,2.0,1.0,10.0,0.0,0.0,0.0,0.0,0.0,0.8700387,0.9390227,0.0,0.0
0.0,0.0,1.0,25.0,0.0,0.0,0.0,0.0,0.0,0.94831973,0.91669995,0.0,0.0
0.0,1.0,2.0,2.0,0.5,0.5,0.5,0.0,0.0,0.5,0.5,1.0,0.0
3.0,0.0,6.0,14.0,0.0,0.0,0.0,0.0,0.0,0.71401024,0.45265052,0.0,0.0
5.0,23.0,95.0,149.0,1.0,1.0,0.0,0.0,0.0,0.2739513,0.27779287,0.0,1.0
1.0,1.0,2.0,14.0,1.0,0.0,1.0,0.0,0.0,0.4910014,0.42546916,1.0,1.0
3.0,8.0,13.0,5.0,1.0,0.0,0.0,0.0,0.0,0.4190757,0.41886938,1.0,1.0
1.0,2.0,2.0,17.0,0.0,0.0,0.0,0.0,0.0,0.9697692,0.9513928,0.0,0.0
3.0,3.0,12.0,17.0,0.0,1.0,1.0,0.0,0.0,0.81162894,0.48950827,1.0,1.0
1.0,0.0,1.0,0.0,0.5,0.5,0.5,0.0,0.0,0.5,0.5,1.0,0.0
3.0,8.0,6.0,14.0,0.0,0.0,0.0,0.0,0.0,0.4236198,0.5625297,0.0,0.0
1.0,0.0,8.0,20.0,0.0,0.0,0.0,0.0,0.0,0.87166315,0.9757119,0.0,0.0
0.0,3.0,3.0,19.0,0.0,0.0,0.0,0.0,0.0,0.91542333,0.9874661,0.0,0.0
7.0,36.0,42.0,71.0,1.0,1.0,1.0,0.0,0.0,0.2926764,0.19743161,0.0,1.0
1.0,1.0,7.0,5.0,0.0,0.0,0.0,0.0,0.0,0.87740195,0.98420924,0.0,0.0
0.0,2.0,3.0,11.0,0.0,0.0,0.0,0.0,0.0,0.9379515,0.96001357,0.0,0.0
1.0,3.0,6.0,23.0,0.0,0.0,0.0,0.0,0.0,0.9616203,0.91739726,0.0,0.0
0.0,0.0,1.0,15.0,0.0,0.0,0.0,0.0,0.0,0.86925566,0.8538715,0.0,0.0
0.0,0.0,4.0,3.0,0.5,0.5,0.5,0.0,0.0,0.5,0.5,1.0,0.0
1.0,0.0,2.0,20.0,0.0,0.0,0.0,0.0,0.0,0.95528615,0.9125119,0.0,0.0
12.0,28.0,58.0,61.0,1.0,1.0,1.0,0.0,0.0,0.21083517,0.05778766,0.0,1.0
11.0,25.0,60.0,129.0,1.0,1.0,0.0,0.0,0.0,0.11017032,0.08718023,0.0,1.0
0.0,0.0,6.0,28.0,0.0,0.0,0.0,0.0,0.0,0.8702679,0.9450355,0.0,0.0
1.0,1.0,8.0,8.0,0.0,0.0,0.0,0.0,0.0,0.8219942,0.9185078,0.0,0.0
2.0,3.0,11.0,12.0,1.0,1.0,0.0,0.0,0.0,0.7345421,0.48407212,0.0,1.0
1.0,3.0,6.0,24.0,0.0,0.0,0.0,0.0,0.0,0.8776688,0.9369393,0.0,0.0
0.0,3.0,7.0,11.0,0.0,0.0,0.0,0.0,0.0,0.9284961,0.96198744,0.0,0.0
0.0,1.0,5.0,23.0,0.0,0.0,0.0,0.0,0.0,0.89215976,0.91011584,0.0,0.0
0.0,3.0,7.0,26.0,0.0,0.0,0.0,0.0,0.0,0.9730185,0.98107016,0.0,0.0
0.0,1.0,8.0,29.0,0.0,0.0,0.0,0.0,0.0,0.8988384,0.8579743,0.0,0.0
1.0,2.0,12.0,19.0,1.0,1.0,1.0,0.0,0.0,0.7261305,0.42288715,1.0,1.0
1.0,3.0,3.0,11.0,0.0,0.0,0.0,0.0,0.0,0.93265426,0.9853857,0.0,0.0
0.0,1.0,8.0,29.0,0.0,0.0,0.0,0.0,0.0,0.8916701,0.9287498,0.0,0.0
0.0,1.0,4.0,21.0,0.0,0.0,0.0,0.0,0.0,0.9223969,0.8513002,0.0,0.0
1.0,1.0,8.0,27.0,0.0,0.0,0.0,0.0,0.0,0.95669186,0.85040575,0.0,0.0
1.0,2.0,1.0,11.0,0.0,0.0,0.0,0.0,0.0,0.83858955,0.87242496,0.0,0.0
0.0,1.0,8.0,20.0,0.0,0.0,0.0,0.0,0.0,0.80586934,0.87195754,0.0,0.0
7.0,28.0,89.0,107.0,1.0,0.0,0.0,0.0,0.0,0.059828848,0.1679258,0.0,1.0
2.0,1.0,6.0,23.0,1.0,0.0,1.0,1.0,4974.0,0.76573306,0.7051358,0.0,1.0
2.0,4.0,6.0,15.0,1.0,0.0,1.0,1.0,2020.0,0.91452575,0.716433,0.0,1.0
0.0,2.0,2.0,17.0,0.0,0.0,0.0,0.0,0.0,0.90248936,0.9344873,0.0,0.0
1.0,3.0,2.0,8.0,0.0,0.0,0.0,0.0,0.0,0.9225115,0.9599356,0.0,0.0
0.0,3.0,11.0,10.0,1.0,0.0,0.0,0.0,0.0,0.64541525,0.8895988,1.0,0.0
9.0,18.0,95.0,56.0,1.0,1.0,0.0,0.0,0.0,0.10410589,0.09522979,0.0,1.0
2.0,7.0,12.0,14.0,0.0,0.0,0.0,0.0,0.0,0.8815055,0.32499602,1.0,0.0
0.0,1.0,0.0,0.0,0.5,0.5,0.5,0.0,0.0,0.5,0.5,1.0,0.0
1.0,2.0,8.0,13.0,1.0,0.0,1.0,1.0,4556.0,0.71910006,0.92604965,0.0,1.0
0.0,1.0,4.0,16.0,0.0,0.0,0.0,0.0,0.0,0.81210244,0.871555,0.0,0.0
1.0,0.0,5.0,28.0,0.0,0.0,0.0,0.0,0.0,0.97623307,0.9437217,0.0,0.0
8.0,20.0,49.0,158.0,1.0,1.0,0.0,0.0,0.0,0.16226669,0.19948347,0.0,1.0
0.0,3.0,2.0,11.0,0.0,0.0,0.0,0.0,0.0,0.8980047,0.96929014,0.0,0.0
2.0,3.0,10.0,11.0,1.0,0.0,1.0,1.0,1617.0,0.7439514,0.83588815,0.0,1.0
0.0,3.0,6.0,16.0,0.0,0.0,0.0,0.0,0.0,0.8393419,0.9303198,0.0,0.0
9.0,36.0,30.0,191.0,1.0,0.0,0.0,0.0,0.0,0.09199039,0.061375387,0.0,1.0
0.0,1.0,2.0,16.0,0.0,0.0,0.0,0.0,0.0,0.87247556,0.97289515,0.0,0.0
11.0,12.0,31.0,107.0,1.0,1.0,1.0,0.0,0.0,0.08762373,0.26389366,0.0,1.0
1.0,0.0,0.0,1.0,0.5,0.5,0.5,0.0,0.0,0.5,0.5,1.0,0.0
0.0,0.0,4.0,25.0,0.0,0.0,0.0,0.0,0.0,0.8438333,0.90231407,0.0,0.0
3.0,2.0,4.0,15.0,0.0,0.0,0.0,0.0,0.0,0.64435804,0.3844253,0.0,0.0
3.0,4.0,10.0,9.0,0.0,0.0,0.0,0.0,0.0,0.59875506,0.35225394,1.0,0.0
0.0,0.0,6.0,10.0,1.0,0.0,1.0,1.0,4346.0,0.71361834,0.8468973,0.0,1.0
1.0,0.0,2.0,20.0,0.0,0.0,0.0,0.0,0.0,0.907413,0.85230094,0.0,0.0
1.0,6.0,2.0,16.0,1.0,1.0,1.0,0.0,0.0,0.40033242,0.49390498,1.0,1.0
3.0,4.0,6.0,9.0,1.0,0.0,1.0,0.0,0.0,0.54291457,0.32688093,1.0,1.0
0.0,0.0,3.0,8.0,0.0,0.0,0.0,0.0,0.0,0.93151844,0.88919795,0.0,0.0
0.0,1.0,2.0,14.0,0.0,0.0,0.0,0.0,0.0,0.9498015,0.9023965,0.0,0.0
1.0,1.0,7.0,10.0,0.0,0.0,0.0,0.0,0.0,0.96463263,0.8593919,0.0,0.0
1.0,2.0,5.0,24.0,0.0,0.0,0.0,0.0,0.0,0.9257569,0.97541916,0.0,0.0
13.0,37.0,57.0,154.0,1.0,0.0,1.0,0.0,0.0,0.18618673,0.276513,0.0,1.0
0.0,2.0,2.0,15.0,1.0,0.0,1.0,1.0,3629.0,0.8428006,0.8328902,0.0,1.0
1.0,0.0,5.0,19.0,0.0,0.0,0.0,0.0,0.0,0.8394417,0.86414385,0.0,0.0
8.0,24.0,46.0,171.0,1.0,1.0,0.0,0.0,0.0,0.16541743,0.2795305,0.0,1.0
1.0,1.0,5.0,16.0,1.0,0.0,1.0,1.0,3461.0,0.71825737,0.8967812,0.0,1.0
0.0,3.0,4.0,5.0,0.0,0.0,0.0,0.0,0.0,0.84844875,0.98488647,0.0,0.0
0.0,3.0,8.0,16.0,0.0,0.0,0.0,0.0,0.0,0.9356367,0.96850824,0.0,0.0
1.0,2.0,3.0,5.0,0.0,0.0,0.0,0.0,0.0,0.8050204,0.96152383,0.0,0.0
1.0,2.0,7.0,29.0,0.0,0.0,0.0,0.0,0.0,0.88468015,0.91732395,0.0,0.0
0.0,2.0,2.0,0.0,0.5,0.5,0.5,0.0,0.0,0.5,0.5,1.0,0.0
2.0,5.0,5.0,9.0,1.0,0.0,1.0,1.0,4191.0,0.6657768,0.73814833,0.0,1.0
0.0,1.0,3.0,2.0,0.5,0.5,0.5,0.0,0.0,0.5,0.5,1.0,0.0
0.0,3.0,3.0,13.0,0.0,0.0,0.0,0.0,0.0,0.8858854,0.8825518,0.0,0.0
0.0,1.0,8.0,25.0,0.0,0.0,0.0,0.0,0.0,0.88130563,0.95117056,0.0,0.0
0.0,0.0,7.0,26.0,0.0,0.0,0.0,0.0,0.0,0.95722115,0.90124565,0.0,0.0
1.0,2.0,5.0,14.0,0.0,0.0,0.0,0.0,0.0,0.88644457,0.94775134,0.0,0.0
0.0,2.0,3.0,10.0,0.0,0.0,0.0,0.0,0.0,0.8135697,0.94448555,0.0,0.0
11.0,27.0,40.0,183.0,1.0,1.0,1.0,0.0,0.0,0.28775904,0.08723372,0.0,1.0
1.0,7.0,8.0,4.0,1.0,1.0,1.0,0.0,0.0,0.54014,0.85408133,1.0,1.0
0.0,0.0,5.0,22.0,1.0,0.0,1.0,1.0,3513.0,0.7482643,0.83977234,0.0,1.0
0.0,0.0,1.0,8.0,0.0,0.0,0.0,0.0,0.0,0.89037454,0.9152682,0.0,0.0
0.0,0.0,3.0,4.0,0.5,0.5,0.5,0.0,0.0,0.5,0.5,1.0,0.0
1.0,2.0,1.0,29.0,0.0,0.0,0.0,0.0,0.0,0.81220603,0.86630714,0.0,0.0
1.0,2.0,8.0,10.0,0.0,0.0,0.0,0.0,0.0,0.923494,0.98024064,0.0,0.0
1.0,1.0,3.0,1.0,0.5,0.5,0.5,0.0,0.0,0.5,0.5,1.0,0.0
0.0,0.0,8.0,7.0,0.0,0.0,0.0,0.0,0.0,0.94573915,0.9331108,0.0,0.0
2.0,2.0,3.0,21.0,1.0,0.0,1.0,1.0,4864.0,0.80041003,0.89116246,0.0,1.0
1.0,4.0,4.0,11.0,1.0,0.0,1.0,1.0,2177.0,0.8726425,0.70466256,0.0,1.0
0.0,0.0,7.0,18.0,1.0,0.0,1.0,1.0,3507.0,0.7349274,0.86186403,0.0,1.0
1.0,1.0,7.0,21.0,0.0,0.0,0.0,0.0,0.0,0.8777211,0.9820479,0.0,0.0
1.0,3.0,7.0,28.0,0.0,0.0,0.0,0.0,0.0,0.8171154,0.90974694,0.0,0.0
0.0,3.0,4.0,22.0,0.0,0.0,0.0,0.0,0.0,0.88907427,0.85844326,0.0,0.0
1.0,0.0,3.0,23.0,0.0,0.0,0.0,0.0,0.0,0.92196554,0.88882715,0.0,0.0
0.0,2.0,8.0,8.0,0.0,0.0,0.0,0.0,0.0,0.8174946,0.9742163,0.0,0.0
1.0,3.0,5.0,10.0,0.0,0.0,0.0,0.0,0.0,0.8826644,0.9674101,0.0,0.0
8.0,17.0,66.0,146.0,1.0,1.0,1.0,0.0,0.0,0.26391768,0.18209048,0.0,1.0
1.0,0.0,5.0,30.0,0.0,0.0,0.0,0.0,0.0,0.82467115,0.97890246,0.0,0.0
0.0,2.0,15.0,17.0,1.0,0.0,1.0,0.0,0.0,0.6019529,0.49459058,1.0,1.0
0.0,3.0,2.0,25.0,0.0,0.0,0.0,0.0,0.0,0.81679237,0.95058477,0.0,0.0
1.0,3.0,5.0,16.0,0.0,0.0,0.0,0.0,0.0,0.8627469,0.8963154,0.0,0.0
5.0,16.0,72.0,199.0,1.0,0.0,0.0,0.0,0.0,0.17890911,0.09834406,0.0,1.0
0.0,3.0,5.0,14.0,0.0,0.0,0.0,0.0,0.0,0.83545554,0.9283747,0.0,0.0
1.0,0.0,1.0,2.0,0.5,0.5,0.5,0.0,0.0,0.5,0.5,1.0,0.0
1.0,2.0,3.0,1.0,0.5,0.5,0.5,0.0,0.0,0.5,0.5,1.0,0.0
14.0,14.0,35.0,68.0,1.0,1.0,0.0,0.0,0.0,0.12245915,0.22146967,0.0,1.0
1.0,1.0,5.0,17.0,0.0,0.0,0.0,0.0,0.0,0.8125294,0.86522424,0.0,0.0
0.0,3.0,5.0,13.0,0.0,0.0,0.0,0.0,0.0,0.8149951,0.9129824,0.0,0.0
1.0,3.0,1.0,10.0,0.0,0.0,0.0,0.0,0.0,0.90177584,0.9805479,0.0,0.0
2.0,2.0,5.0,6.0,1.0,0.0,1.0,1.0,2562.0,0.8932921,0.7740812,0.0,1.0
0.0,0.0,8.0,19.0,0.0,0.0,0.0,0.0,0.0,0.8409098,0.9533626,0.0,0.0
1.0,2.0,7.0,28.0,0.0,0.0,0.0,0.0,0.0,0.9330087,0.86171687,0.0,0.0
1.0,1.0,6.0,9.0,0.0,0.0,0.0,0.0,0.0,0.81342053,0.93853694,0.0,0.0
1.0,1.0,0.0,3.0,0.5,0.5,0.5,0.0,0.0,0.5,0.5,1.0,0.0
1.0,1.0,1.0,1.0,0.5,0.5,0.5,0.0,0.0,0.5,0.5,1.0,0.0
0.0,1.0,3.0,10.0,0.0,0.0,0.0,0.0,0.0,0.9655357,0.9211702,0.0,0.0
1.0,2.0,8.0,18.0,0.0,0.0,0.0,0.0,0.0,0.9266134,0.93346244,0.0,0.0
0.0,0.0,8.0,18.0,0.0,0.0,0.0,0.0,0.0,0.8839795,0.9424256,0.0,0.0
0.0,2.0,1.0,3.0,0.5,0.5,0.5,0.0,0.0,0.5,0.5,1.0,0.0
1.0,2.0,2.0,24.0,0.0,0.0,0.0,0.0,0.0,0.9261015,0.87579584,0.0,0.0
0.0,1.0,6.0,30.0,0.0,0.0,0.0,0.0,0.0,0.88527393,0.9139784,0.0,0.0
1.0,1.0,5.0,16.0,0.0,0.0,0.0,0.0,0.0,0.94823116,0.9207177,0.0,0.0
0.0,2.0,1.0,5.0,0.0,0.0,0.0,0.0,0.0,0.9030397,0.8819577,0.0,0.0
1.0,0.0,4.0,0.0,0.5,0.5,0.5,0.0,0.0,0.5,0.5,1.0,0.0
0.0,0.0,4.0,4.0,0.5,0.5,0.5,0.0,0.0,0.5,0.5,1.0,0.0
1.0,0.0,5.0,24.0,1.0,0.0,1.0,1.0,1802.0,0.6656402,0.96976274,0.0,1.0
0.0,0.0,1.0,20.0,0.0,0.0,0.0,0.0,0.0,0.9660723,0.92813563,0.0,0.0
2.0,2.0,7.0,9.0,1.0,0.0,0.0,0.0,0.0,0.74939126,0.8952843,0.0,0.0
0.0,2.0,0.0,2.0,0.5,0.5,0.5,0.0,0.0,0.5,0.5,1.0,0.0
6.0,19.0,98.0,191.0,1.0,0.0,1.0,0.0,0.0,0.18126898,0.07338413,0.0,1.0
0.0,2.0,4.0,5.0,0.0,0.0,0.0,0.0,0.0,0.8248162,0.9038114,0.0,0.0
1.0,1.0,1.0,15.0,0.0,0.0,0.0,0.0,0.0,0.93064153,0.9370143,0.0,0.0
15.0,36.0,87.0,179.0,1.0,1.0,0.0,0.0,0.0,0.05810507,0.06541356,0.0,1.0
1.0,3.0,1.0,29.0,0.0,0.0,0.0,0.0,0.0,0.9186953,0.94629216,0.0,0.0
0.0,1.0,2.0,17.0,0.0,0.0,0.0,0.0,0.0,0.8399976,0.94131047,0.0,0.0
0.0,1.0,4.0,13.0,0.0,0.0,0.0,0.0,0.0,0.91484606,0.9725334,0.0,0.0
2.0,5.0,3.0,9.0,1.0,0.0,1.0,1.0,4730.0,0.71275485,0.9787115,0.0,1.0
0.0,3.0,4.0,27.0,0.0,0.0,0.0,0.0,0.0,0.8320607,0.90854234,0.0,0.0
0.0,1.0,8.0,7.0,0.0,0.0,0.0,0.0,0.0,0.94385505,0.8546778,0.0,0.0
1.0,2.0,0.0,1.0,0.5,0.5,0.5,0.0,0.0,0.5,0.5,1.0,0.0
1.0,1.0,2.0,0.0,0.5,0.5,0.5,0.0,0.0,0.5,0.5,1.0,0.0
1.0,0.0,9.0,10.0,1.0,0.0,1.0,1.0,1268.0,0.70889306,0.8469706,0.0,1.0
1.0,0.0,8.0,10.0,0.0,0.0,0.0,0.0,0.0,0.8394244,0.89834905,0.0,0.0
0.0,0.0,5.0,0.0,0.5,0.5,0.5,0.0,0.0,0.5,0.5,1.0,0.0
0.0,1.0,7.0,8.0,0.0,0.0,0.0,0.0,0.0,0.81526893,0.8720548,0.0,0.0
2.0,0.0,2.0,24.0,1.0,0.0,1.0,1.0,1260.0,0.7854202,0.9118103,0.0,1.0
7.0,15.0,53.0,76.0,1.0,1.0,1.0,0.0,0.0,0.0580484,0.108783625,0.0,1.0
0.0,2.0,1.0,3.0,0.5,0.5,0.5,0.0,0.0,0.5,0.5,1.0,0.0
0.0,3.0,4.0,5.0,1.0,0.0,1.0,1.0,3616.0,0.6780588,0.7667795,0.0,1.0
1.0,2.0,0.0,1.0,0.5,0.5,0.5,0.0,0.0,0.5,0.5,1.0,0.0
2.0,1.0,7.0,14.0,1.0,0.0,1.0,1.0,2410.0,0.8627284,0.7594833,0.0,1.0
1.0,3.0,5.0,19.0,0.0,0.0,0.0,0.0,0.0,0.8651703,0.94430554,0.0,0.0
1.0,3.0,4.0,10.0,0.0,0.0,0.0,0.0,0.0,0.9454835,0.890578,0.0,0.0
1.0,1.0,7.0,24.0,1.0,0.0,1.0,1.0,1442.0,0.7146699,0.7980306,0.0,1.0
0.0,0.0,3.0,11.0,0.0,0.0,0.0,0.0,0.0,0.80063593,0.9571554,0.0,0.0
1.0,3.0,3.0,13.0,1.0,0.0,1.0,1.0,4215.0,0.86691266,0.78784966,0.0,1.0
0.0,1.0,7.0,10.0,0.0,0.0,0.0,0.0,0.0,0.8722327,0.85802644,0.0,0.0
1.0,0.0,1.0,5.0,0.0,0.0,0.0,0.0,0.0,0.8276076,0.9024168,0.0,0.0
1.0,2.0,6.0,23.0,0.0,0.0,0.0,0.0,0.0,0.8854899,0.8705183,0.0,0.0
1.0,2.0,6.0,20.0,0.0,0.0,0.0,0.0,0.0,0.9708909,0.97517914,0.0,0.0
1.0,5.0,7.0,17.0,0.0,1.0,0.0,0.0,0.0,0.34118357,0.5538564,1.0,1.0
0.0,3.0,4.0,13.0,0.0,0.0,0.0,0.0,0.0,0.86126965,0.93807,0.0,0.0
1.0,0.0,2.0,4.0,0.5,0.5,0.5,0.0,0.0,0.5,0.5,1.0,0.0
2.0,1.0,2.0,5.0,1.0,0.0,1.0,1.0,3899.0,0.64802414,0.70329165,0.0,1.0
11.0,36.0,64.0,108.0,1.0,1.0,1.0,0.0,0.0,0.2835825,0.25860977,0.0,1.0
1.0,0.0,2.0,26.0,0.0,0.0,0.0,0.0,0.0,0.81172365,0.9225266,0.0,0.0
0.0,4.0,1.0,23.0,1.0,0.0,1.0,1.0,4918.0,0.7965552,0.7955973,0.0,1.0
1.0,2.0,5.0,12.0,0.0,0.0,0.0,0.0,0.0,0.81726485,0.9050063,0.0,0.0
1.0,2.0,2.0,5.0,0.0,0.0,0.0,0.0,0.0,0.95002204,0.852369,0.0,0.0
1.0,2.0,5.0,4.0,0.5,0.5,0.5,0.0,0.0,0.5,0.5,1.0,0.0
1.0,3.0,2.0,24.0,0.0,0.0,0.0,0.0,0.0,0.9342018,0.9313492,0.0,0.0
10.0,25.0,87.0,75.0,1.0,1.0,0.0,0.0,0.0,0.2533229,0.2570833,0.0,1.0
3.0,0.0,6.0,14.0,0.0,1.0,0.0,0.0,0.0,0.7948539,0.5775045,0.0,0.0
11.0,39.0,98.0,62.0,1.0,1.0,1.0,0.0,0.0,0.29342574,0.2088895,0.0,1.0
6.0,29.0,99.0,124.0,1.0,1.0,0.0,0.0,0.0,0.22795227,0.28183112,0.0,1.0
2.0,5.0,6.0,3.0,0.0,1.0,1.0,0.0,0.0,0.65391237,0.31881043,0.0,1.0
0.0,0.0,3.0,17.0,0.0,0.0,0.0,0.0,0.0,0.9319547,0.94745713,0.0,0.0
1.0,8.0,3.0,17.0,0.0,0.0,0.0,0.0,0.0,0.7415519,0.5901021,1.0,0.0
1.0,2.0,5.0,16.0,0.0,0.0,0.0,0.0,0.0,0.9280854,0.8845756,0.0,0.0
0.0,0.0,5.0,12.0,0.0,0.0,0.0,0.0,0.0,0.86802125,0.9391335,0.0,0.0
0.0,0.0,2.0,14.0,0.0,0.0,0.0,0.0,0.0,0.9546239,0.94154733,0.0,0.0
2.0,7.0,5.0,16.0,1.0,0.0,0.0,0.0,0.0,0.4780247,0.88122565,0.0,0.0
11.0,19.0,87.0,129.0,1.0,0.0,0.0,0.0,0.0,0.2497449,0.24895032,0.0,1.0
0.0,1.0,2.0,17.0,0.0,0.0,0.0,0.0,0.0,0.92204344,0.85418576,0.0,0.0
0.0,0.0,7.0,12.0,0.0,0.0,0.0,0.0,0.0,0.9444456,0.9467474,0.0,0.0
0.0,2.0,2.0,5.0,0.0,0.0,0.0,0.0,0.0,0.8403226,0.9655639,0.0,0.0
0.0,1.0,2.0,16.0,0.0,0.0,0.0,0.0,0.0,0.96404254,0.93406504,0.0,0.0
0.0,0.0,3.0,14.0,0.0,0.0,0.0,0.0,0.0,0.8296383,0.8951725,0.0,0.0
0.0,1.0,6.0,8.0,0.0,0.0,0.0,0.0,0.0,0.9355907,0.93569285,0.0,0.0
1.0,3.0,8.0,10.0,0.0,0.0,0.0,0.0,0.0,0.931899,0.8993047,0.0,0.0
0.0,1.0,5.0,20.0,0.0,0.0,0.0,0.0,0.0,0.87875265,0.8900525,0.0,0.0
1.0,3.0,3.0,15.0,0.0,0.0,0.0,0.0,0.0,0.8700338,0.9856079,0.0,0.0
1.0,1.0,5.0,2.0,0.5,0.5,0.5,0.0,0.0,0.5,0.5,1.0,0.0
1.0,2.0,8.0,10.0,0.0,0.0,0.0,0.0,0.0,0.83671224,0.92738444,0.0,0.0
1.0,2.0,1.0,8.0,0.0,0.0,0.0,0.0,0.0,0.8333142,0.9770895,0.0,0.0
1.0,0.0,6.0,7.0,0.0,0.0,0.0,0.0,0.0,0.96120554,0.9346309,0.0,0.0
0.0,2.0,6.0,5.0,0.0,0.0,0.0,0.0,0.0,0.8426642,0.96266216,0.0,0.0
0.0,0.0,7.0,30.0,0.0,0.0,0.0,0.0,0.0,0.86145866,0.9538761,0.0,0.0
0.0,1.0,7.0,24.0,0.0,0.0,0.0,0.0,0.0,0.86676234,0.9533685,0.0,0.0
0.0,2.0,3.0,0.0,0.5,0.5,0.5,0.0,0.0,0.5,0.5,1.0,0.0
1.0,0.0,2.0,14.0,0.0,0.0,0.0,0.0,0.0,0.9192719,0.9379749,0.0,0.0
9.0,15.0,83.0,90.0,1.0,0.0,0.0,0.0,0.0,0.09207882,0.27287507,0.0,1.0
2.0,2.0,5.0,13.0,0.0,1.0,1.0,0.0,0.0,0.75033057,0.437406,1.0,1.0
0.0,1.0,5.0,4.0,0.5,0.5,0.5,0.0,0.0,0.5,0.5,1.0,0.0
0.0,3.0,3.0,28.0,0.0,0.0,0.0,0.0,0.0,0.915408,0.90162414,0.0,0.0
1.0,3.0,1.0,17.0,0.0,0.0,0.0,0.0,0.0,0.8537199,0.98775536,0.0,0.0
1.0,2.0,2.0,6.0,0.0,0.0,0.0,0.0,0.0,0.82973987,0.8933674,0.0,0.0
0.0,1.0,8.0,20.0,0.0,0.0,0.0,0.0,0.0,0.8298261,0.95737255,0.0,0.0
0.0,1.0,7.0,27.0,0.0,0.0,0.0,0.0,0.0,0.9374935,0.923965,0.0,0.0
2.0,0.0,10.0,21.0,1.0,0.0,1.0,1.0,2056.0,0.9348234,0.8102654,0.0,1.0
1.0,3.0,8.0,9.0,0.0,0.0,0.0,0.0,0.0,0.8672445,0.97096264,0.0,0.0
2.0,0.0,8.0,25.0,1.0,0.0,1.0,1.0,1139.0,0.94210994,0.89953774,0.0,1.0
1.0,3.0,6.0,26.0,0.0,0.0,0.0,0.0,0.0,0.83828723,0.89584124,0.0,0.0
0.0,3.0,6.0,15.0,0.0,0.0,0.0,0.0,0.0,0.84058833,0.90960073,0.0,0.0
1.0,3.0,4.0,20.0,0.0,0.0,0.0,0.0,0.0,0.8394959,0.91101706,0.0,0.0
1.0,0.0,9.0,10.0,1.0,0.0,1.0,1.0,3942.0,0.75383776,0.73506963,0.0,1.0
1.0,2.0,14.0,7.0,0.0,0.0,1.0,0.0,0.0,0.48483732,0.7380971,1.0,1.0
0.0,1.0,2.0,18.0,0.0,0.0,0.0,0.0,0.0,0.807938,0.97736835,0.0,0.0
0.0,0.0,4.0,12.0,0.0,0.0,0.0,0.0,0.0,0.91551363,0.9009064,0.0,0.0
1.0,1.0,4.0,0.0,0.5,0.5,0.5,0.0,0.0,0.5,0.5,1.0,0.0
1.0,2.0,1.0,0.0,0.5,0.5,0.5,0.0,0.0,0.5,0.5,1.0,0.0
0.0,0.0,3.0,25.0,1.0,0.0,1.0,1.0,1600.0,0.7120896,0.81327385,0.0,1.0
0.0,0.0,4.0,3.0,0.5,0.5,0.5,0.0,0.0,0.5,0.5,1.0,0.0
0.0,1.0,1.0,20.0,0.0,0.0,0.0,0.0,0.0,0.9498508,0.85360885,0.0,0.0
15.0,26.0,81.0,92.0,1.0,0.0,1.0,0.0,0.0,0.1122321,0.2933274,0.0,1.0
15.0,39.0,92.0,113.0,1.0,1.0,0.0,0.0,0.0,0.22978412,0.29159006,0.0,1.0
7.0,19.0,48.0,187.0,1.0,1.0,1.0,0.0,0.0,0.13737953,0.054413237,0.0,1.0
0.0,2.0,2.0,30.0,0.0,0.0,0.0,0.0,0.0,0.8497565,0.8818838,0.0,0.0
1.0,0.0,1.0,1.0,0.5,0.5,0.5,0.0,0.0,0.5,0.5,1.0,0.0
0.0,1.0,6.0,27.0,0.0,0.0,0.0,0.0,0.0,0.9798185,0.90989655,0.0,0.0
0.0,5.0,4.0,24.0,1.0,0.0,1.0,1.0,1609.0,0.76995724,0.8488988,0.0,1.0
1.0,3.0,2.0,24.0,0.0,0.0,0.0,0.0,0.0,0.84557605,0.8692698,0.0,0.0
0.0,0.0,4.0,29.0,0.0,0.0,0.0,0.0,0.0,0.89027464,0.95205396,0.0,0.0
3.0,5.0,13.0,16.0,0.0,0.0,0.0,0.0,0.0,0.7232035,0.568622,1.0,0.0
2.0,5.0,1.0,14.0,1.0,0.0,1.0,1.0,2491.0,0.6309456,0.8065162,0.0,1.0
1.0,0.0,8.0,11.0,0.0,0.0,0.0,0.0,0.0,0.8539804,0.9612593,0.0,0.0
3.0,2.0,4.0,4.0,1.0,1.0,1.0,0.0,0.0,0.7039993,0.31580818,0.0,1.0
0.0,3.0,5.0,30.0,0.0,0.0,0.0,0.0,0.0,0.95647407,0.956233,0.0,0.0
1.0,2.0,7.0,21.0,0.0,0.0,0.0,0.0,0.0,0.8350791,0.9552579,0.0,0.0
1.0,1.0,6.0,9.0,0.0,0.0,0.0,0.0,0.0,0.884191,0.9264558,0.0,0.0
8.0,33.0,86.0,126.0,1.0,0.0,1.0,0.0,0.0,0.088419154,0.27005672,0.0,1.0
0.0,5.0,4.0,17.0,1.0,0.0,1.0,1.0,4322.0,0.6130629,0.9019019,0.0,1.0
0.0,2.0,6.0,23.0,0.0,0.0,0.0,0.0,0.0,0.8449742,0.88587415,0.0,0.0
0.0,0.0,2.0,25.0,0.0,0.0,0.0,0.0,0.0,0.9029068,0.9434218,0.0,0.0
1.0,1.0,6.0,21.0,0.0,0.0,0.0,0.0,0.0,0.81007344,0.8788756,0.0,0.0
0.0,3.0,6.0,8.0,1.0,0.0,1.0,1.0,1031.0,0.6026963,0.9784477,0.0,1.0
1.0,0.0,5.0,15.0,0.0,0.0,0.0,0.0,0.0,0.8614849,0.9201808,0.0,0.0
1.0,3.0,5.0,15.0,0.0,0.0,0.0,0.0,0.0,0.9390759,0.9175789,0.0,0.0
1.0,2.0,2.0,2.0,0.5,0.5,0.5,0.0,0.0,0.5,0.5,1.0,0.0
0.0,0.0,6.0,22.0,0.0,0.0,0.0,0.0,0.0,0.88994277,0.86192423,0.0,0.0
15.0,37.0,42.0,58.0,1.0,0.0,0.0,0.0,0.0,0.23333381,0.29864627,0.0,1.0
1.0,2.0,8.0,25.0,0.0,0.0,0.0,0.0,0.0,0.96634895,0.98157614,0.0,0.0
0.0,3.0,3.0,21.0,0.0,0.0,0.0,0.0,0.0,0.8006467,0.86814314,0.0,0.0
9.0,30.0,55.0,88.0,1.0,1.0,0.0,0.0,0.0,0.078614175,0.22417057,0.0,1.0
0.0,2.0,5.0,9.0,0.0,0.0,0.0,0.0,0.0,0.84632987,0.85193765,0.0,0.0
1.0,3.0,4.0,28.0,0.0,0.0,0.0,0.0,0.0,0.92701966,0.8945339,0.0,0.0
3.0,4.0,15.0,8.0,1.0,0.0,1.0,0.0,0.0,0.7832703,0.38639027,1.0,1.0
1.0,2.0,8.0,9.0,0.0,0.0,0.0,0.0,0.0,0.94684064,0.9543394,0.0,0.0
2.0,4.0,5.0,8.0,1.0,0.0,1.0,1.0,2020.0,0.6551927,0.98052806,0.0,1.0
1.0,1.0,3.0,11.0,0.0,0.0,0.0,0.0,0.0,0.901794,0.9704855,0.0,0.0
1.0,2.0,5.0,8.0,0.0,0.0,0.0,0.0,0.0,0.966847,0.8617693,0.0,0.0
0.0,1.0,5.0,23.0,0.0,0.0,0.0,0.0,0.0,0.9424241,0.9547784,0.0,0.0
3.0,6.0,9.0,19.0,0.0,1.0,0.0,0.0,0.0,0.4529974,0.4981578,0.0,1.0
3.0,0.0,7.0,3.0,1.0,1.0,0.0,0.0,0.0,0.86568165,0.8199605,1.0,1.0
3.0,5.0,15.0,18.0,1.0,1.0,1.0,0.0,0.0,0.6840022,0.82089365,1.0,1.0
9.0,23.0,40.0,53.0,1.0,0.0,1.0,0.0,0.0,0.11068606,0.17374402,0.0,1.0
2.0,4.0,1.0,5.0,1.0,0.0,1.0,1.0,4733.0,0.6646901,0.9379012,0.0,1.0
1.0,2.0,4.0,22.0,0.0,0.0,0.0,0.0,0.0,0.8303279,0.95055616,0.0,0.0
1.0,0.0,0.0,0.0,0.5,0.5,0.5,0.0,0.0,0.5,0.5,1.0,0.0
0.0,4.0,6.0,15.0,1.0,0.0,1.0,1.0,3033.0,0.86838764,0.934417,0.0,1.0
0.0,1.0,2.0,4.0,0.5,0.5,0.5,0.0,0.0,0.5,0.5,1.0,0.0
1.0,1.0,3.0,1.0,0.5,0.5,0.5,0.0,0.0,0.5,0.5,1.0,0.0
5.0,17.0,92.0,50.0,1.0,0.0,0.0,0.0,0.0,0.2434359,0.15445991,0.0,1.0
1.0,1.0,8.0,7.0,0.0,0.0,0.0,0.0,0.0,0.83411115,0.9590169,0.0,0.0
1.0,0.0,1.0,14.0,0.0,0.0,0.0,0.0,0.0,0.8156942,0.9367657,0.0,0.0
0.0,3.0,3.0,12.0,0.0,0.0,0.0,0.0,0.0,0.9542667,0.9017342,0.0,0.0
5.0,18.0,58.0,101.0,1.0,1.0,0.0,0.0,0.0,0.148975,0.12649976,0.0,1.0
0.0,0.0,2.0,13.0,0.0,0.0,0.0,0.0,0.0,0.94711214,0.8750223,0.0,0.0
0.0,1.0,4.0,28.0,0.0,0.0,0.0,0.0,0.0,0.85722584,0.9296322,0.0,0.0
1.0,0.0,4.0,4.0,0.5,0.5,0.5,0.0,0.0,0.5,0.5,1.0,0.0
12.0,15.0,76.0,142.0,1.0,1.0,0.0,0.0,0.0,0.08923895,0.26911092,0.0,1.0
3.0,4.0,11.0,4.0,0.0,1.0,1.0,0.0,0.0,0.6078516,0.7499388,0.0,1.0
0.0,0.0,3.0,1.0,0.5,0.5,0.5,0.0,0.0,0.5,0.5,1.0,0.0
7.0,12.0,73.0,116.0,1.0,0.0,1.0,0.0,0.0,0.15872201,0.16619079,0.0,1.0
0.0,2.0,5.0,23.0,0.0,0.0,0.0,0.0,0.0,0.9043862,0.9423917,0.0,0.0
1.0,3.0,7.0,23.0,0.0,0.0,0.0,0.0,0.0,0.8132751,0.98613316,0.0,0.0
1.0,3.0,6.0,29.0,0.0,0.0,0.0,0.0,0.0,0.8285616,0.9376046,0.0,0.0
8.0,16.0,91.0,107.0,1.0,0.0,1.0,0.0,0.0,0.26134336,0.14189026,0.0,1.0
0.0,2.0,1.0,5.0,0.0,0.0,0.0,0.0,0.0,0.8525971,0.8780669,0.0,0.0
0.0,3.0,5.0,11.0,0.0,0.0,0.0,0.0,0.0,0.81334955,0.86757547,0.0,0.0
1.0,0.0,3.0,4.0,0.5,0.5,0.5,0.0,0.0,0.5,0.5,1.0,0.0
15.0,32.0,53.0,114.0,1.0,1.0,1.0,0.0,0.0,0.27499756,0.07030575,0.0,1.0
1.0,2.0,8.0,10.0,0.0,0.0,0.0,0.0,0.0,0.9663039,0.87486774,0.0,0.0
1.0,0.0,5.0,10.0,1.0,0.0,1.0,1.0,3003.0,0.7770666,0.9558898,0.0,1.0
2.0,4.0,5.0,15.0,1.0,0.0,1.0,1.0,3404.0,0.608134,0.92775375,0.0,1.0
0.0,0.0,6.0,20.0,0.0,0.0,0.0,0.0,0.0,0.9419463,0.93214417,0.0,0.0
1.0,1.0,1.0,16.0,0.0,0.0,0.0,0.0,0.0,0.94712657,0.8890527,0.0,0.0
1.0,3.0,3.0,9.0,0.0,0.0,0.0,0.0,0.0,0.89104146,0.917867,0.0,0.0
1.0,2.0,1.0,13.0,0.0,0.0,0.0,0.0,0.0,0.85220283,0.8513827,0.0,0.0
1.0,1.0,2.0,26.0,0.0,0.0,0.0,0.0,0.0,0.8298144,0.9388038,0.0,0.0
2.0,3.0,11.0,8.0,1.0,1.0,1.0,0.0,0.0,0.37640902,0.73729855,1.0,1.0
1.0,3.0,6.0,23.0,0.0,0.0,0.0,0.0,0.0,0.83772796,0.9603638,0.0,0.0
1.0,1.0,1.0,8.0,0.0,0.0,0.0,0.0,0.0,0.8640051,0.9163426,0.0,0.0
2.0,0.0,10.0,14.0,1.0,0.0,0.0,0.0,0.0,0.34005198,0.8015723,0.0,0.0
0.0,2.0,4.0,14.0,0.0,0.0,0.0,0.0,0.0,0.80212677,0.97009736,0.0,0.0
0.0,3.0,2.0,21.0,0.0,0.0,0.0,0.0,0.0,0.9293779,0.86648285,0.0,0.0
0.0,5.0,9.0,13.0,1.0,0.0,1.0,1.0,1403.0,0.80364203,0.78261966,0.0,1.0
0.0,0.0,3.0,18.0,0.0,0.0,0.0,0.0,0.0,0.9756872,0.9274769,0.0,0.0
1.0,0.0,5.0,27.0,0.0,0.0,0.0,0.0,0.0,0.88125575,0.9087611,0.0,0.0
0.0,1.0,7.0,5.0,0.0,0.0,0.0,0.0,0.0,0.96597886,0.9174792,0.0,0.0
1.0,3.0,8.0,15.0,0.0,0.0,0.0,0.0,0.0,0.8245016,0.98134005,0.0,0.0
1.0,3.0,2.0,21.0,0.0,0.0,0.0,0.0,0.0,0.8775104,0.89664876,0.0,0.0
0.0,3.0,7.0,25.0,0.0,0.0,0.0,0.0,0.0,0.9045192,0.9532657,0.0,0.0
0.0,3.0,2.0,8.0,0.0,0.0,0.0,0.0,0.0,0.9010003,0.9217546,0.0,0.0
0.0,0.0,2.0,23.0,0.0,0.0,0.0,0.0,0.0,0.8688329,0.9539276,0.0,0.0
1.0,3.0,4.0,13.0,0.0,0.0,0.0,0.0,0.0,0.8787737,0.8611991,0.0,0.0
1.0,0.0,3.0,20.0,0.0,0.0,0.0,0.0,0.0,0.8261925,0.8798858,0.0,0.0
1.0,2.0,2.0,15.0,1.0,0.0,1.0,1.0,4464.0,0.6657463,0.923338,0.0,1.0
1.0,1.0,2.0,0.0,0.5,0.5,0.5,0.0,0.0,0.5,0.5,1.0,0.0
0.0,3.0,5.0,18.0,0.0,0.0,0.0,0.0,0.0,0.88078856,0.8572501,0.0,0.0
0.0,3.0,2.0,11.0,0.0,0.0,0.0,0.0,0.0,0.97268933,0.9567725,0.0,0.0
3.0,3.0,3.0,19.0,0.0,1.0,1.0,0.0,0.0,0.36560634,0.43718705,1.0,1.0
0.0,2.0,4.0,22.0,0.0,0.0,0.0,0.0,0.0,0.8363107,0.9800883,0.0,0.0
0.0,3.0,12.0,17.0,1.0,1.0,1.0,0.0,0.0,0.3982742,0.7368004,1.0,1.0
1.0,3.0,4.0,11.0,0.0,0.0,0.0,0.0,0.0,0.89831275,0.9762125,0.0,0.0
0.0,2.0,7.0,29.0,0.0,0.0,0.0,0.0,0.0,0.95881444,0.8546573,0.0,0.0
2.0,3.0,9.0,16.0,1.0,0.0,1.0,1.0,1319.0,0.92103565,0.73254055,0.0,1.0
2.0,1.0,7.0,19.0,1.0,0.0,1.0,1.0,4733.0,0.6355946,0.81035495,0.0,1.0
1.0,1.0,7.0,15.0,0.0,0.0,0.0,0.0,0.0,0.8699018,0.86722773,0.0,0.0
0.0,0.0,4.0,3.0,0.5,0.5,0.5,0.0,0.0,0.5,0.5,1.0,0.0
1.0,2.0,4.0,16.0,0.0,0.0,0.0,0.0,0.0,0.84457433,0.9794989,0.0,0.0
0.0,5.0,5.0,19.0,1.0,0.0,1.0,1.0,3984.0,0.8727803,0.81677836,0.0,1.0
1.0,0.0,5.0,20.0,0.0,0.0,0.0,0.0,0.0,0.9421835,0.9270224,0.0,0.0
1.0,2.0,2.0,24.0,0.0,0.0,0.0,0.0,0.0,0.80290604,0.9216661,0.0,0.0
0.0,2.0,4.0,24.0,1.0,0.0,1.0,1.0,1081.0,0.8763754,0.7481876,0.0,1.0
0.0,1.0,6.0,10.0,0.0,0.0,0.0,0.0,0.0,0.9311029,0.9491429,0.0,0.0
1.0,3.0,4.0,10.0,0.0,0.0,0.0,0.0,0.0,0.815843,0.9513751,0.0,0.0
0.0,3.0,7.0,29.0,0.0,0.0,0.0,0.0,0.0,0.93842596,0.8843442,0.0,0.0
1.0,2.0,2.0,1.0,0.5,0.5,0.5,0.0,0.0,0.5,0.5,1.0,0.0
0.0,2.0,5.0,28.0,0.0,0.0,0.0,0.0,0.0,0.9433244,0.90698975,0.0,0.0
2.0,2.0,1.0,9.0,1.0,0.0,0.0,0.0,0.0,0.5178113,0.49436516,0.0,0.0
1.0,3.0,2.0,24.0,1.0,0.0,1.0,1.0,1765.0,0.6377289,0.86543196,0.0,1.0
0.0,3.0,3.0,22.0,0.0,0.0,0.0,0.0,0.0,0.8551367,0.905844,0.0,0.0
0.0,2.0,0.0,4.0,0.5,0.5,0.5,0.0,0.0,0.5,0.5,1.0,0.0
3.0,0.0,1.0,19.0,0.0,0.0,1.0,0.0,0.0,0.5091894,0.64309233,0.0,1.0
1.0,1.0,3.0,22.0,0.0,0.0,0.0,0.0,0.0,0.8968996,0.8878127,0.0,0.0
9.0,29.0,75.0,110.0,1.0,0.0,0.0,0.0,0.0,0.18842757,0.12917945,0.0,1.0
1.0,1.0,4.0,18.0,0.0,0.0,0.0,0.0,0.0,0.908151,0.96124625,0.0,0.0
1.0,3.0,2.0,19.0,0.0,0.0,0.0,0.0,0.0,0.94870925,0.94226485,0.0,0.0
0.0,0.0,7.0,30.0,0.0,0.0,0.0,0.0,0.0,0.9641101,0.9614518,0.0,0.0
0.0,2.0,6.0,27.0,0.0,0.0,0.0,0.0,0.0,0.8575911,0.88349557,0.0,0.0
2.0,6.0,12.0,16.0,1.0,1.0,0.0,0.0,0.0,0.74439096,0.46245104,1.0,1.0
13.0,27.0,58.0,182.0,1.0,1.0,1.0,0.0,0.0,0.11585188,0.1277949,0.0,1.0
0.0,1.0,9.0,15.0,1.0,0.0,1.0,1.0,4785.0,0.86507064,0.96457267,0.0,1.0
1.0,1.0,8.0,22.0,0.0,0.0,0.0,0.0,0.0,0.91821146,0.8760276,0.0,0.0
0.0,0.0,2.0,28.0,0.0,0.0,0.0,0.0,0.0,0.80951345,0.859552,0.0,0.0
0.0,1.0,1.0,21.0,0.0,0.0,0.0,0.0,0.0,0.9438686,0.9169648,0.0,0.0
3.0,1.0,4.0,9.0,1.0,0.0,1.0,0.0,0.0,0.48425895,0.655533,0.0,1.0
0.0,1.0,3.0,3.0,0.5,0.5,0.5,0.0,0.0,0.5,0.5,1.0,0.0
1.0,2.0,3.0,13.0,0.0,0.0,0.0,0.0,0.0,0.90907705,0.885355,0.0,0.0
12.0,26.0,94.0,184.0,1.0,0.0,0.0,0.0,0.0,0.29373863,0.24976428,0.0,1.0
2.0,1.0,2.0,10.0,1.0,0.0,1.0,1.0,3607.0,0.75448185,0.90771806,0.0,1.0
1.0,1.0,4.0,13.0,0.0,0.0,0.0,0.0,0.0,0.968409,0.8547641,0.0,0.0
1.0,3.0,3.0,5.0,0.0,0.0,0.0,0.0,0.0,0.9130119,0.9222714,0.0,0.0
1.0,0.0,6.0,6.0,0.0,0.0,0.0,0.0,0.0,0.8845176,0.8628293,0.0,0.0
2.0,3.0,1.0,7.0,1.0,0.0,1.0,1.0,3323.0,0.93500394,0.73106456,0.0,1.0
0.0,1.0,2.0,27.0,0.0,0.0,0.0,0.0,0.0,0.867013,0.88332313,0.0,0.0
1.0,1.0,4.0,30.0,0.0,0.0,0.0,0.0,0.0,0.9513749,0.94968677,0.0,0.0
0.0,1.0,3.0,6.0,0.0,0.0,0.0,0.0,0.0,0.8453532,0.8888394,0.0,0.0
0.0,3.0,5.0,5.0,0.0,0.0,0.0,0.0,0.0,0.912292,0.9322876,0.0,0.0
1.0,0.0,4.0,12.0,0.0,0.0,0.0,0.0,0.0,0.3748168,0.6696823,1.0,0.0
0.0,3.0,2.0,8.0,0.0,0.0,0.0,0.0,0.0,0.8259978,0.97938174,0.0,0.0
2.0,2.0,9.0,20.0,1.0,0.0,1.0,1.0,3567.0,0.683736,0.82756305,0.0,1.0
1.0,2.0,1.0,19.0,0.0,0.0,0.0,0.0,0.0,0.9306159,0.853825,0.0,0.0
2.0,1.0,1.0,23.0,1.0,0.0,1.0,1.0,2967.0,0.65967923,0.8824173,0.0,1.0
0.0,1.0,5.0,2.0,0.5,0.5,0.5,0.0,0.0,0.5,0.5,1.0,0.0
1.0,2.0,5.0,0.0,0.5,0.5,0.5,0.0,0.0,0.5,0.5,1.0,0.0
1.0,3.0,3.0,15.0,0.0,0.0,0.0,0.0,0.0,0.8523515,0.9372859,0.0,0.0
1.0,2.0,2.0,25.0,0.0,0.0,0.0,0.0,0.0,0.8119631,0.93286216,0.0,0.0
1.0,2.0,1.0,18.0,0.0,0.0,0.0,0.0,0.0,0.8410227,0.8939619,0.0,0.0
1.0,3.0,3.0,16.0,0.0,0.0,0.0,0.0,0.0,0.91589326,0.93219894,0.0,0.0
1.0,2.0,5.0,14.0,0.0,0.0,1.0,0.0,0.0,0.5369559,0.54245454,0.0,0.0
0.0,3.0,4.0,13.0,1.0,0.0,1.0,1.0,2149.0,0.6942632,0.79455847,0.0,1.0
11.0,20.0,79.0,76.0,1.0,0.0,0.0,0.0,0.0,0.27258906,0.15643086,0.0,1.0
1.0,1.0,1.0,15.0,0.0,0.0,0.0,0.0,0.0,0.9240196,0.9338222,0.0,0.0
0.0,3.0,5.0,18.0,1.0,0.0,1.0,0.0,0.0,0.47115433,0.5304406,0.0,1.0
0.0,3.0,3.0,7.0,0.0,0.0,0.0,0.0,0.0,0.8845083,0.9856885,0.0,0.0
5.0,17.0,65.0,153.0,1.0,0.0,1.0,0.0,0.0,0.05969563,0.27239355,0.0,1.0
1.0,5.0,10.0,16.0,1.0,0.0,1.0,0.0,0.0,0.6882531,0.56414706,1.0,1.0
0.0,1.0,3.0,17.0,0.0,0.0,0.0,0.0,0.0,0.88695276,0.9860225,0.0,0.0
0.0,0.0,4.0,21.0,0.0,0.0,0.0,0.0,0.0,0.91604096,0.9076368,0.0,0.0
0.0,2.0,1.0,30.0,0.0,0.0,0.0,0.0,0.0,0.97204137,0.95947176,0.0,0.0
0.0,0.0,5.0,15.0,1.0,0.0,1.0,1.0,1185.0,0.6538052,0.9246581,0.0,1.0
6.0,26.0,36.0,174.0,1.0,1.0,0.0,0.0,0.0,0.24948443,0.2831331,0.0,1.0
1.0,0.0,6.0,5.0,0.0,0.0,0.0,0.0,0.0,0.9177554,0.9850053,0.0,0.0
1.0,2.0,5.0,0.0,0.5,0.5,0.5,0.0,0.0,0.5,0.5,1.0,0.0
9.0,33.0,77.0,171.0,1.0,1.0,1.0,0.0,0.0,0.29915786,0.18759711,0.0,1.0
0.0,1.0,5.0,22.0,0.0,0.0,0.0,0.0,0.0,0.8126796,0.9650267,0.0,0.0
1.0,3.0,4.0,18.0,0.0,0.0,0.0,0.0,0.0,0.9492623,0.90193504,0.0,0.0
0.0,0.0,3.0,7.0,0.0,0.0,0.0,0.0,0.0,0.9154807,0.94437885,0.0,0.0
1.0,1.0,1.0,0.0,0.5,0.5,0.5,0.0,0.0,0.5,0.5,1.0,0.0
0.0,2.0,4.0,9.0,0.0,0.0,0.0,0.0,0.0,0.87673455,0.9363054,0.0,0.0
0.0,0.0,5.0,23.0,0.0,0.0,0.0,0.0,0.0,0.89619786,0.9691388,0.0,0.0
1.0,8.0,6.0,15.0,0.0,1.0,1.0,0.0,0.0,0.737975,0.8078809,0.0,1.0
7.0,29.0,84.0,101.0,1.0,1.0,0.0,0.0,0.0,0.2897642,0.28722477,0.0,1.0
2.0,3.0,2.0,13.0,1.0,0.0,1.0,1.0,2658.0,0.79930115,0.912422,0.0,1.0
0.0,0.0,4.0,6.0,0.0,0.0,0.0,0.0,0.0,0.826623,0.8747293,0.0,0.0
11.0,31.0,52.0,92.0,1.0,1.0,0.0,0.0,0.0,0.1079282,0.14593084,0.0,1.0
1.0,1.0,5.0,22.0,0.0,0.0,0.0,0.0,0.0,0.8253488,0.9248014,0.0,0.0
1.0,3.0,2.0,20.0,0.0,0.0,0.0,0.0,0.0,0.9120854,0.94046515,0.0,0.0
11.0,21.0,79.0,165.0,1.0,0.0,1.0,0.0,0.0,0.20315212,0.13628656,0.0,1.0
0.0,2.0,2.0,20.0,0.0,0.0,0.0,0.0,0.0,0.8244036,0.8697006,0.0,0.0
2.0,7.0,9.0,15.0,0.0,0.0,1.0,0.0,0.0,0.5023945,0.80983776,0.0,0.0
1.0,3.0,3.0,14.0,0.0,0.0,0.0,0.0,0.0,0.9307306,0.90728897,0.0,0.0
1.0,0.0,0.0,3.0,0.5,0.5,0.5,0.0,0.0,0.5,0.5,1.0,0.0
0.0,0.0,4.0,2.0,0.5,0.5,0.5,0.0,0.0,0.5,0.5,1.0,0.0
1.0,1.0,5.0,29.0,0.0,0.0,0.0,0.0,0.0,0.91930735,0.873435,0.0,0.0
0.0,3.0,8.0,26.0,0.0,0.0,0.0,0.0,0.0,0.9037263,0.85321176,0.0,0.0
0.0,0.0,3.0,18.0,0.0,0.0,0.0,0.0,0.0,0.9420188,0.9536919,0.0,0.0
11.0,37.0,57.0,135.0,1.0,1.0,1.0,0.0,0.0,0.16291463,0.12056019,0.0,1.0
3.0,2.0,14.0,7.0,1.0,0.0,0.0,0.0,0.0,0.5629567,0.49670526,1.0,1.0
10.0,22.0,89.0,72.0,1.0,1.0,0.0,0.0,0.0,0.07106895,0.23484884,0.0,1.0
0.0,7.0,2.0,9.0,0.0,1.0,1.0,0.0,0.0,0.36099985,0.33232984,0.0,1.0
2.0,7.0,1.0,6.0,0.0,1.0,0.0,0.0,0.0,0.6310796,0.7079769,0.0,0.0
13.0,23.0,44.0,123.0,1.0,1.0,1.0,0.0,0.0,0.19428112,0.10817224,0.0,1.0
1.0,0.0,1.0,3.0,0.5,0.5,0.5,0.0,0.0,0.5,0.5,1.0,0.0
2.0,3.0,3.0,22.0,1.0,0.0,1.0,1.0,4823.0,0.6508527,0.8160665,0.0,1.0
1.0,0.0,4.0,2.0,0.5,0.5,0.5,0.0,0.0,0.5,0.5,1.0,0.0
0.0,3.0,5.0,8.0,0.0,0.0,0.0,0.0,0.0,0.94080293,0.9775773,0.0,0.0
1.0,1.0,3.0,20.0,0.0,0.0,0.0,0.0,0.0,0.89491016,0.94061154,0.0,0.0
1.0,1.0,2.0,17.0,0.0,0.0,0.0,0.0,0.0,0.85105056,0.87970454,0.0,0.0
1.0,1.0,5.0,20.0,0.0,0.0,0.0,0.0,0.0,0.95216197,0.8863262,0.0,0.0
1.0,1.0,3.0,4.0,0.5,0.5,0.5,0.0,0.0,0.5,0.5,1.0,0.0
6.0,32.0,66.0,156.0,1.0,0.0,1.0,0.0,0.0,0.2766983,0.21119647,0.0,1.0
1.0,2.0,8.0,10.0,0.0,0.0,0.0,0.0,0.0,0.91135347,0.8725106,0.0,0.0
0.0,2.0,3.0,7.0,0.0,0.0,0.0,0.0,0.0,0.88322055,0.9693354,0.0,0.0
1.0,2.0,4.0,14.0,0.0,0.0,0.0,0.0,0.0,0.81389624,0.8966083,0.0,0.0
1.0,2.0,2.0,3.0,0.5,0.5,0.5,0.0,0.0,0.5,0.5,1.0,0.0
8.0,14.0,90.0,64.0,1.0,1.0,0.0,0.0,0.0,0.057827845,0.08740426,0.0,1.0
0.0,3.0,7.0,29.0,0.0,0.0,0.0,0.0,0.0,0.9051343,0.9473732,0.0,0.0
0.0,3.0,1.0,26.0,0.0,0.0,0.0,0.0,0.0,0.8265484,0.9736137,0.0,0.0
0.0,3.0,2.0,8.0,0.0,0.0,0.0,0.0,0.0,0.87123495,0.8795827,0.0,0.0
13.0,17.0,50.0,75.0,1.0,0.0,1.0,0.0,0.0,0.27429718,0.07303098,0.0,1.0
0.0,1.0,5.0,29.0,0.0,0.0,0.0,0.0,0.0,0.894277,0.94932276,0.0,0.0
0.0,1.0,5.0,3.0,0.5,0.5,0.5,0.0,0.0,0.5,0.5,1.0,0.0
3.0,0.0,1.0,17.0,1.0,0.0,0.0,0.0,0.0,0.33610502,0.8530864,1.0,1.0
0.0,2.0,3.0,3.0,0.5,0.5,0.5,0.0,0.0,0.5,0.5,1.0,0.0
1.0,0.0,3.0,28.0,0.0,0.0,0.0,0.0,0.0,0.8251622,0.9462347,0.0,0.0
1.0,0.0,5.0,12.0,0.0,0.0,0.0,0.0,0.0,0.9025641,0.9865337,0.0,0.0
1.0,0.0,2.0,23.0,0.0,0.0,0.0,0.0,0.0,0.8222916,0.93444914,0.0,0.0
0.0,1.0,2.0,19.0,0.0,0.0,0.0,0.0,0.0,0.9633693,0.89613223,0.0,0.0
1.0,3.0,4.0,11.0,0.0,0.0,0.0,0.0,0.0,0.90500194,0.8568121,0.0,0.0
1.0,0.0,5.0,14.0,0.0,0.0,0.0,0.0,0.0,0.8953302,0.9810844,0.0,0.0
0.0,3.0,8.0,15.0,0.0,0.0,0.0,0.0,0.0,0.9367837,0.987386,0.0,0.0
1.0,3.0,8.0,19.0,0.0,0.0,0.0,0.0,0.0,0.9586794,0.85558665,0.0,0.0
0.0,3.0,5.0,19.0,1.0,1.0,0.0,0.0,0.0,0.5597157,0.8196415,1.0,1.0
0.0,1.0,5.0,23.0,0.0,0.0,0.0,0.0,0.0,0.8626106,0.872478,0.0,0.0
1.0,0.0,2.0,0.0,0.5,0.5,0.5,0.0,0.0,0.5,0.5,1.0,0.0
1.0,2.0,4.0,21.0,0.0,0.0,0.0,0.0,0.0,0.81630135,0.92804134,0.0,0.0
3.0,6.0,10.0,4.0,1.0,1.0,1.0,0.0,0.0,0.65359914,0.7288508,1.0,1.0
1.0,2.0,8.0,15.0,0.0,0.0,0.0,0.0,0.0,0.8272061,0.9694266,0.0,0.0
0.0,3.0,8.0,25.0,0.0,0.0,0.0,0.0,0.0,0.9345343,0.9846521,0.0,0.0
1.0,1.0,2.0,12.0,0.0,0.0,0.0,0.0,0.0,0.81387174,0.92968565,0.0,0.0
0.0,3.0,4.0,28.0,0.0,0.0,0.0,0.0,0.0,0.9144851,0.96548796,0.0,0.0
0.0,2.0,6.0,5.0,0.0,0.0,0.0,0.0,0.0,0.8332904,0.8563117,0.0,0.0
2.0,7.0,6.0,16.0,1.0,1.0,1.0,0.0,0.0,0.57677037,0.84753495,0.0,1.0
1.0,2.0,1.0,29.0,0.0,0.0,0.0,0.0,0.0,0.87747836,0.89100915,0.0,0.0
0.0,3.0,7.0,29.0,0.0,0.0,0.0,0.0,0.0,0.94536495,0.9312057,0.0,0.0
1.0,0.0,1.0,26.0,0.0,0.0,0.0,0.0,0.0,0.8194604,0.9670568,0.0,0.0
1.0,0.0,5.0,9.0,0.0,1.0,0.0,0.0,0.0,0.7841526,0.66411287,1.0,0.0
0.0,1.0,1.0,28.0,0.0,0.0,0.0,0.0,0.0,0.8322905,0.9658188,0.0,0.0
1.0,2.0,1.0,29.0,0.0,0.0,0.0,0.0,0.0,0.84424573,0.9809197,0.0,0.0
1.0,2.0,6.0,28.0,0.0,0.0,0.0,0.0,0.0,0.840571,0.9678893,0.0,0.0
0.0,2.0,1.0,16.0,0.0,0.0,0.0,0.0,0.0,0.9621936,0.98550594,0.0,0.0
1.0,0.0,10.0,18.0,0.0,0.0,0.0,0.0,0.0,0.5478978,0.8371609,1.0,0.0
1.0,3.0,2.0,30.0,0.0,0.0,0.0,0.0,0.0,0.88597006,0.8708049,0.0,0.0
1.0,1.0,8.0,17.0,1.0,0.0,1.0,1.0,2755.0,0.75237995,0.9293122,0.0,1.0
1.0,3.0,7.0,17.0,0.0,0.0,0.0,0.0,0.0,0.82063055,0.9774057,0.0,0.0
11.0,13.0,61.0,196.0,1.0,0.0,0.0,0.0,0.0,0.16037422,0.29880315,0.0,1.0
1.0,1.0,8.0,12.0,0.0,0.0,0.0,0.0,0.0,0.9666216,0.8556979,0.0,0.0
0.0,5.0,5.0,11.0,1.0,0.0,1.0,1.0,3814.0,0.8400929,0.9066601,0.0,1.0
1.0,3.0,3.0,12.0,0.0,0.0,0.0,0.0,0.0,0.8956099,0.9292299,0.0,0.0
1.0,1.0,4.0,12.0,0.0,0.0,0.0,0.0,0.0,0.8390527,0.8767351,0.0,0.0
1.0,2.0,2.0,3.0,0.5,0.5,0.5,0.0,0.0,0.5,0.5,1.0,0.0
0.0,1.0,6.0,27.0,0.0,0.0,0.0,0.0,0.0,0.8420189,0.97206235,0.0,0.0
14.0,24.0,69.0,161.0,1.0,0.0,1.0,0.0,0.0,0.16239953,0.20893498,0.0,1.0
0.0,3.0,1.0,12.0,0.0,0.0,0.0,0.0,0.0,0.8364198,0.96595806,0.0,0.0
1.0,3.0,1.0,8.0,0.0,0.0,0.0,0.0,0.0,0.934874,0.86168176,0.0,0.0
7.0,39.0,69.0,91.0,1.0,1.0,1.0,0.0,0.0,0.29834488,0.17982957,0.0,1.0
1.0,1.0,1.0,21.0,0.0,0.0,0.0,0.0,0.0,0.9705549,0.96304715,0.0,0.0
1.0,2.0,8.0,18.0,0.0,0.0,0.0,0.0,0.0,0.932238,0.9315975,0.0,0.0
1.0,0.0,1.0,11.0,1.0,0.0,1.0,1.0,1667.0,0.73597604,0.8166949,0.0,1.0
0.0,0.0,8.0,22.0,0.0,0.0,0.0,0.0,0.0,0.9585325,0.89484733,0.0,0.0
1.0,0.0,6.0,26.0,0.0,0.0,0.0,0.0,0.0,0.9546816,0.90320134,0.0,0.0
10.0,27.0,40.0,162.0,1.0,0.0,0.0,0.0,0.0,0.05892457,0.056341153,0.0,1.0
1.0,2.0,4.0,15.0,0.0,0.0,0.0,0.0,0.0,0.9716896,0.9779303,0.0,0.0
10.0,36.0,71.0,167.0,1.0,0.0,1.0,0.0,0.0,0.26887086,0.113001816,0.0,1.0
1.0,1.0,5.0,5.0,0.0,1.0,0.0,0.0,0.0,0.5739798,0.66943127,0.0,0.0
1.0,0.0,2.0,7.0,0.0,0.0,0.0,0.0,0.0,0.97010916,0.9467428,0.0,0.0
0.0,1.0,5.0,29.0,0.0,0.0,0.0,0.0,0.0,0.92667675,0.9614411,0.0,0.0
0.0,3.0,7.0,24.0,0.0,0.0,0.0,0.0,0.0,0.97930187,0.924076,0.0,0.0
2.0,1.0,9.0,9.0,0.0,1.0,1.0,0.0,0.0,0.7042031,0.66175324,0.0,1.0
0.0,3.0,3.0,14.0,0.0,0.0,0.0,0.0,0.0,0.8190382,0.92521346,0.0,0.0
0.0,0.0,5.0,25.0,0.0,0.0,0.0,0.0,0.0,0.9037162,0.9027213,0.0,0.0
1.0,0.0,7.0,19.0,0.0,0.0,0.0,0.0,0.0,0.81801575,0.9424815,0.0,0.0
7.0,30.0,40.0,163.0,1.0,0.0,1.0,0.0,0.0,0.17848651,0.26883292,0.0,1.0
1.0,2.0,6.0,20.0,0.0,0.0,0.0,0.0,0.0,0.94406354,0.8684676,0.0,0.0
1.0,3.0,3.0,10.0,0.0,0.0,0.0,0.0,0.0,0.8118007,0.9104821,0.0,0.0
1.0,2.0,5.0,7.0,0.0,0.0,0.0,0.0,0.0,0.94706005,0.9456141,0.0,0.0
0.0,8.0,1.0,4.0,0.0,0.0,0.0,0.0,0.0,0.8498764,0.7591743,1.0,0.0
0.0,1.0,7.0,7.0,0.0,0.0,0.0,0.0,0.0,0.8443083,0.9197355,0.0,0.0
15.0,32.0,95.0,150.0,1.0,0.0,1.0,0.0,0.0,0.29121315,0.079566896,0.0,1.0
1.0,1.0,6.0,15.0,1.0,0.0,1.0,1.0,2695.0,0.6160004,0.9505846,0.0,1.0
5.0,19.0,80.0,64.0,1.0,0.0,0.0,0.0,0.0,0.12535484,0.1028085,0.0,1.0
1.0,1.0,6.0,8.0,0.0,0.0,0.0,0.0,0.0,0.93628687,0.85651004,0.0,0.0
1.0,1.0,1.0,27.0,0.0,0.0,0.0,0.0,0.0,0.90235984,0.8892846,0.0,0.0
9.0,35.0,72.0,101.0,1.0,1.0,0.0,0.0,0.0,0.15914653,0.19107942,0.0,1.0
0.0,1.0,3.0,30.0,0.0,0.0,0.0,0.0,0.0,0.9013111,0.892537,0.0,0.0
0.0,2.0,3.0,1.0,0.5,0.5,0.5,0.0,0.0,0.5,0.5,1.0,0.0
1.0,3.0,3.0,15.0,0.0,0.0,0.0,0.0,0.0,0.92824763,0.9235666,0.0,0.0
1.0,1.0,8.0,23.0,0.0,0.0,0.0,0.0,0.0,0.9098597,0.9030585,0.0,0.0
2.0,1.0,5.0,6.0,1.0,0.0,1.0,1.0,2553.0,0.84706986,0.7516212,0.0,1.0
2.0,0.0,7.0,24.0,1.0,0.0,1.0,1.0,3159.0,0.8428702,0.88729304,0.0,1.0
1.0,2.0,1.0,19.0,1.0,0.0,1.0,1.0,4953.0,0.75101984,0.984112,0.0,1.0
1.0,1.0,6.0,25.0,0.0,0.0,0.0,0.0,0.0,0.8386683,0.9581328,0.0,0.0
1.0,1.0,2.0,30.0,0.0,0.0,0.0,0.0,0.0,0.9083496,0.95786875,0.0,0.0
1.0,0.0,3.0,22.0,0.0,0.0,0.0,0.0,0.0,0.87075055,0.8678286,0.0,0.0
1.0,3.0,9.0,17.0,1.0,0.0,1.0,1.0,1538.0,0.63840646,0.7312851,0.0,1.0
1.0,1.0,4.0,26.0,0.0,0.0,0.0,0.0,0.0,0.9329867,0.94410455,0.0,0.0
0.0,3.0,8.0,18.0,0.0,0.0,0.0,0.0,0.0,0.9374551,0.8550618,0.0,0.0
10.0,30.0,35.0,180.0,1.0,0.0,0.0,0.0,0.0,0.17416915,0.28173718,0.0,1.0
10.0,38.0,77.0,72.0,1.0,0.0,1.0,0.0,0.0,0.108142555,0.2501961,0.0,1.0
15.0,17.0,59.0,108.0,1.0,0.0,1.0,0.0,0.0,0.07261756,0.26363412,0.0,1.0
1.0,3.0,2.0,27.0,0.0,0.0,0.0,0.0,0.0,0.95907676,0.9607002,0.0,0.0
1.0,2.0,5.0,4.0,0.5,0.5,0.5,0.0,0.0,0.5,0.5,1.0,0.0
1.0,3.0,3.0,20.0,0.0,0.0,0.0,0.0,0.0,0.9729698,0.95187175,0.0,0.0
15.0,40.0,83.0,61.0,1.0,1.0,0.0,0.0,0.0,0.05140465,0.24107635,0.0,1.0
1.0,1.0,0.0,2.0,0.5,0.5,0.5,0.0,0.0,0.5,0.5,1.0,0.0
1.0,2.0,0.0,3.0,0.5,0.5,0.5,0.0,0.0,0.5,0.5,1.0,0.0
13.0,15.0,82.0,106.0,1.0,1.0,0.0,0.0,0.0,0.10938976,0.19133507,0.0,1.0
11.0,19.0,96.0,79.0,1.0,1.0,1.0,0.0,0.0,0.22693038,0.23346478,0.0,1.0
0.0,3.0,3.0,10.0,0.0,0.0,0.0,0.0,0.0,0.8712804,0.97760195,0.0,0.0
6.0,31.0,82.0,78.0,1.0,0.0,1.0,0.0,0.0,0.19294119,0.060070537,0.0,1.0
0.0,1.0,2.0,5.0,0.0,0.0,0.0,0.0,0.0,0.8704325,0.870986,0.0,0.0
1.0,2.0,4.0,18.0,0.0,0.0,0.0,0.0,0.0,0.8452487,0.9363547,0.0,0.0
13.0,20.0,97.0,150.0,1.0,0.0,1.0,0.0,0.0,0.24242796,0.23281777,0.0,1.0
2.0,5.0,12.0,9.0,0.0,0.0,1.0,0.0,0.0,0.57239324,0.8248511,0.0,0.0
1.0,2.0,5.0,10.0,0.0,0.0,0.0,0.0,0.0,0.85337555,0.9860834,0.0,0.0
0.0,0.0,1.0,11.0,0.0,0.0,0.0,0.0,0.0,0.81882197,0.9633054,0.0,0.0
1.0,1.0,4.0,15.0,0.0,0.0,0.0,0.0,0.0,0.87816477,0.88113695,0.0,0.0
11.0,30.0,41.0,114.0,1.0,0.0,0.0,0.0,0.0,0.22250454,0.29514486,0.0,1.0
1.0,3.0,2.0,28.0,0.0,0.0,0.0,0.0,0.0,0.8047673,0.96326035,0.0,0.0
0.0,1.0,4.0,13.0,1.0,0.0,1.0,1.0,4676.0,0.71918666,0.7150951,0.0,1.0
2.0,5.0,6.0,6.0,1.0,0.0,1.0,1.0,4225.0,0.82079613,0.98090667,0.0,1.0
0.0,0.0,4.0,24.0,0.0,0.0,0.0,0.0,0.0,0.8393856,0.9237028,0.0,0.0
15.0,34.0,64.0,171.0,1.0,0.0,0.0,0.0,0.0,0.16522206,0.21707334,0.0,1.0
2.0,4.0,1.0,17.0,1.0,0.0,1.0,1.0,4577.0,0.7645473,0.8843445,0.0,1.0
2.0,4.0,3.0,8.0,1.0,0.0,1.0,1.0,4147.0,0.8510477,0.9404415,0.0,1.0
15.0,22.0,67.0,71.0,1.0,1.0,1.0,0.0,0.0,0.053988885,0.2727619,0.0,1.0
0.0,0.0,2.0,24.0,0.0,0.0,0.0,0.0,0.0,0.80604374,0.9336899,0.0,0.0
0.0,2.0,5.0,5.0,0.0,0.0,0.0,0.0,0.0,0.94178563,0.90829474,0.0,0.0
6.0,22.0,81.0,92.0,1.0,1.0,0.0,0.0,0.0,0.22111732,0.27899927,0.0,1.0
1.0,0.0,3.0,15.0,0.0,0.0,0.0,0.0,0.0,0.95479006,0.9880758,0.0,0.0
1.0,2.0,1.0,21.0,0.0,0.0,0.0,0.0,0.0,0.8400872,0.94006443,0.0,0.0
0.0,0.0,4.0,4.0,0.5,0.5,0.5,0.0,0.0,0.5,0.5,1.0,0.0
1.0,0.0,2.0,3.0,0.5,0.5,0.5,0.0,0.0,0.5,0.5,1.0,0.0
0.0,1.0,1.0,2.0,0.5,0.5,0.5,0.0,0.0,0.5,0.5,1.0,0.0
1.0,2.0,3.0,7.0,0.0,0.0,0.0,0.0,0.0,0.9724459,0.8738172,0.0,0.0
1.0,3.0,4.0,28.0,0.0,0.0,0.0,0.0,0.0,0.93574166,0.9642823,0.0,0.0
8.0,22.0,61.0,156.0,1.0,1.0,1.0,0.0,0.0,0.25649926,0.19288398,0.0,1.0
0.0,3.0,1.0,22.0,0.0,0.0,0.0,0.0,0.0,0.88513595,0.9057191,0.0,0.0
6.0,22.0,91.0,107.0,1.0,0.0,1.0,0.0,0.0,0.16354734,0.28465158,0.0,1.0
0.0,2.0,4.0,20.0,1.0,0.0,1.0,1.0,2523.0,0.9397534,0.9232274,0.0,1.0
1.0,2.0,7.0,11.0,0.0,0.0,0.0,0.0,0.0,0.8329998,0.9022472,0.0,0.0
9.0,30.0,64.0,153.0,1.0,1.0,1.0,0.0,0.0,0.08706746,0.06341713,0.0,1.0
1.0,3.0,3.0,14.0,0.0,0.0,0.0,0.0,0.0,0.9467917,0.9512377,0.0,0.0
1.0,0.0,3.0,28.0,0.0,0.0,0.0,0.0,0.0,0.9177549,0.8823279,0.0,0.0
0.0,1.0,2.0,1.0,0.5,0.5,0.5,0.0,0.0,0.5,0.5,1.0,0.0
1.0,1.0,5.0,25.0,0.0,0.0,0.0,0.0,0.0,0.9544259,0.98264366,0.0,0.0
9.0,34.0,32.0,85.0,1.0,0.0,1.0,0.0,0.0,0.28930002,0.1403074,0.0,1.0
0.0,3.0,5.0,18.0,0.0,0.0,0.0,0.0,0.0,0.90959203,0.8943084,0.0,0.0
1.0,1.0,4.0,13.0,0.0,0.0,0.0,0.0,0.0,0.88632286,0.8648995,0.0,0.0
1.0,4.0,5.0,7.0,0.0,1.0,0.0,0.0,0.0,0.35570577,0.5383868,0.0,0.0
1.0,4.0,14.0,12.0,1.0,0.0,0.0,0.0,0.0,0.574586,0.6098041,1.0,0.0
9.0,23.0,83.0,51.0,1.0,0.0,0.0,0.0,0.0,0.07937696,0.18254976,0.0,1.0
2.0,1.0,6.0,18.0,1.0,0.0,1.0,1.0,3689.0,0.7189421,0.9647626,0.0,1.0
0.0,0.0,3.0,29.0,0.0,0.0,0.0,0.0,0.0,0.9371154,0.8867512,0.0,0.0
1.0,2.0,7.0,18.0,1.0,0.0,1.0,1.0,4810.0,0.9037409,0.9522381,0.0,1.0
0.0,0.0,5.0,23.0,0.0,0.0,0.0,0.0,0.0,0.8006279,0.9278046,0.0,0.0
1.0,0.0,7.0,6.0,0.0,0.0,0.0,0.0,0.0,0.978645,0.8674269,0.0,0.0
1.0,7.0,11.0,7.0,0.0,1.0,1.0,0.0,0.0,0.30089405,0.42488238,0.0,1.0
0.0,3.0,5.0,13.0,0.0,0.0,0.0,0.0,0.0,0.85709417,0.89841545,0.0,0.0
1.0,2.0,5.0,10.0,0.0,0.0,0.0,0.0,0.0,0.81530726,0.9637872,0.0,0.0
9.0,30.0,31.0,198.0,1.0,1.0,0.0,0.0,0.0,0.22999537,0.16066046,0.0,1.0
0.0,1.0,7.0,6.0,0.0,0.0,0.0,0.0,0.0,0.88663065,0.9771967,0.0,0.0
1.0,3.0,6.0,6.0,0.0,0.0,0.0,0.0,0.0,0.80289024,0.9369079,0.0,0.0
0.0,0.0,8.0,26.0,0.0,0.0,0.0,0.0,0.0,0.8234592,0.93448645,0.0,0.0
1.0,0.0,8.0,17.0,0.0,0.0,0.0,0.0,0.0,0.8287611,0.93248177,0.0,0.0
0.0,1.0,7.0,7.0,0.0,0.0,0.0,0.0,0.0,0.81607866,0.93506,0.0,0.0
14.0,36.0,31.0,192.0,1.0,1.0,1.0,0.0,0.0,0.24141811,0.19728747,0.0,1.0
0.0,1.0,8.0,21.0,0.0,0.0,0.0,0.0,0.0,0.96143556,0.86683965,0.0,0.0
9.0,38.0,91.0,149.0,1.0,1.0,0.0,0.0,0.0,0.17008758,0.15953232,0.0,1.0
1.0,2.0,2.0,25.0,0.0,0.0,0.0,0.0,0.0,0.874029,0.95582265,0.0,0.0
0.0,3.0,4.0,24.0,0.0,0.0,0.0,0.0,0.0,0.8359549,0.8868191,0.0,0.0
0.0,2.0,4.0,19.0,0.0,0.0,0.0,0.0,0.0,0.8738355,0.9890701,0.0,0.0
1.0,0.0,3.0,1.0,0.5,0.5,0.5,0.0,0.0,0.5,0.5,1.0,0.0
8.0,16.0,75.0,125.0,1.0,0.0,0.0,0.0,0.0,0.20848726,0.083274476,0.0,1.0
1.0,2.0,0.0,0.0,0.5,0.5,0.5,0.0,0.0,0.5,0.5,1.0,0.0
0.0,8.0,6.0,6.0,1.0,1.0,1.0,0.0,0.0,0.51538527,0.7902077,1.0,1.0
1.0,3.0,6.0,24.0,0.0,0.0,0.0,0.0,0.0,0.9589784,0.8780082,0.0,0.0
1.0,0.0,0.0,0.0,0.5,0.5,0.5,0.0,0.0,0.5,0.5,1.0,0.0
1.0,0.0,3.0,0.0,0.5,0.5,0.5,0.0,0.0,0.5,0.5,1.0,0.0
1.0,6.0,12.0,10.0,0.0,1.0,0.0,0.0,0.0,0.748092,0.38698012,0.0,0.0
1.0,1.0,6.0,7.0,0.0,0.0,0.0,0.0,0.0,0.92728984,0.8782403,0.0,0.0
1.0,3.0,7.0,14.0,0.0,0.0,0.0,0.0,0.0,0.9519631,0.8754413,0.0,0.0
1.0,2.0,7.0,21.0,0.0,0.0,0.0,0.0,0.0,0.8377722,0.87926716,0.0,0.0
1.0,2.0,8.0,30.0,0.0,0.0,0.0,0.0,0.0,0.87049305,0.957236,0.0,0.0
0.0,0.0,5.0,27.0,0.0,0.0,0.0,0.0,0.0,0.90836924,0.8578795,0.0,0.0
0.0,4.0,6.0,25.0,1.0,0.0,1.0,1.0,3408.0,0.8255165,0.75295,0.0,1.0
0.0,0.0,3.0,9.0,0.0,0.0,0.0,0.0,0.0,0.8529402,0.98485905,0.0,0.0
0.0,2.0,4.0,7.0,0.0,0.0,0.0,0.0,0.0,0.83873314,0.90203243,0.0,0.0
0.0,2.0,5.0,16.0,0.0,0.0,0.0,0.0,0.0,0.832631,0.88111377,0.0,0.0
1.0,0.0,3.0,11.0,0.0,0.0,0.0,0.0,0.0,0.87980866,0.9441133,0.0,0.0
9.0,32.0,90.0,80.0,1.0,1.0,0.0,0.0,0.0,0.26132002,0.09071181,0.0,1.0
1.0,3.0,8.0,11.0,0.0,0.0,0.0,0.0,0.0,0.8970686,0.98609537,0.0,0.0
0.0,0.0,8.0,22.0,0.0,0.0,0.0,0.0,0.0,0.85642725,0.9630155,0.0,0.0
15.0,22.0,51.0,180.0,1.0,0.0,1.0,0.0,0.0,0.057004593,0.25146624,0.0,1.0
1.0,1.0,7.0,9.0,0.0,0.0,0.0,0.0,0.0,0.8171507,0.9416776,0.0,0.0
0.0,0.0,7.0,21.0,0.0,0.0,0.0,0.0,0.0,0.91669077,0.98454255,0.0,0.0
12.0,30.0,63.0,195.0,1.0,1.0,0.0,0.0,0.0,0.2840706,0.12825532,0.0,1.0
1.0,3.0,4.0,16.0,0.0,0.0,0.0,0.0,0.0,0.82601285,0.86082995,0.0,0.0
2.0,2.0,12.0,9.0,0.0,1.0,1.0,0.0,0.0,0.6486319,0.8779081,1.0,1.0
14.0,29.0,52.0,130.0,1.0,0.0,0.0,0.0,0.0,0.061801888,0.12573647,0.0,1.0
0.0,1.0,7.0,20.0,0.0,0.0,0.0,0.0,0.0,0.897679,0.9772426,0.0,0.0
1.0,2.0,5.0,9.0,0.0,0.0,0.0,0.0,0.0,0.9793544,0.8793342,0.0,0.0
1.0,1.0,6.0,10.0,0.0,0.0,0.0,0.0,0.0,0.94419855,0.93972737,0.0,0.0
0.0,3.0,3.0,17.0,0.0,0.0,0.0,0.0,0.0,0.8270401,0.8731846,0.0,0.0
1.0,2.0,1.0,22.0,0.0,0.0,0.0,0.0,0.0,0.9579995,0.8803432,0.0,0.0
1.0,0.0,5.0,23.0,0.0,0.0,0.0,0.0,0.0,0.94442856,0.8796713,0.0,0.0
0.0,0.0,4.0,27.0,0.0,0.0,0.0,0.0,0.0,0.8199394,0.9474714,0.0,0.0
0.0,1.0,4.0,25.0,0.0,0.0,0.0,0.0,0.0,0.9304556,0.9480822,0.0,0.0
1.0,1.0,0.0,1.0,0.5,0.5,0.5,0.0,0.0,0.5,0.5,1.0,0.0
1.0,3.0,3.0,8.0,0.0,0.0,0.0,0.0,0.0,0.8646529,0.8837033,0.0,0.0
1.0,0.0,5.0,12.0,0.0,0.0,0.0,0.0,0.0,0.8416429,0.9241844,0.0,0.0
9.0,36.0,86.0,147.0,1.0,1.0,0.0,0.0,0.0,0.16849692,0.18336694,0.0,1.0
0.0,0.0,5.0,29.0,0.0,0.0,0.0,0.0,0.0,0.8112297,0.9044027,0.0,0.0
1.0,0.0,1.0,0.0,0.5,0.5,0.5,0.0,0.0,0.5,0.5,1.0,0.0
1.0,0.0,7.0,13.0,0.0,0.0,0.0,0.0,0.0,0.87919295,0.9472684,0.0,0.0
0.0,2.0,5.0,21.0,0.0,0.0,0.0,0.0,0.0,0.91929436,0.97368103,0.0,0.0
0.0,2.0,3.0,12.0,0.0,0.0,0.0,0.0,0.0,0.84083205,0.87091523,0.0,0.0
0.0,1.0,4.0,17.0,0.0,0.0,0.0,0.0,0.0,0.91468877,0.94600266,0.0,0.0
8.0,38.0,68.0,158.0,1.0,0.0,0.0,0.0,0.0,0.26039585,0.114939116,0.0,1.0
7.0,13.0,60.0,179.0,1.0,0.0,1.0,0.0,0.0,0.13595402,0.2941277,0.0,1.0
11.0,34.0,73.0,145.0,1.0,0.0,0.0,0.0,0.0,0.19188672,0.07722449,0.0,1.0
1.0,2.0,3.0,25.0,0.0,0.0,0.0,0.0,0.0,0.8290908,0.90567684,0.0,0.0
0.0,3.0,3.0,18.0,0.0,0.0,0.0,0.0,0.0,0.83302784,0.9147679,0.0,0.0
1.0,2.0,4.0,8.0,0.0,0.0,0.0,0.0,0.0,0.82096064,0.93101203,0.0,0.0
0.0,1.0,3.0,5.0,0.0,0.0,0.0,0.0,0.0,0.8310048,0.8569941,0.0,0.0
1.0,0.0,1.0,30.0,0.0,0.0,0.0,0.0,0.0,0.9778745,0.850823,0.0,0.0
1.0,1.0,6.0,11.0,0.0,0.0,0.0,0.0,0.0,0.92099315,0.91012216,0.0,0.0
2.0,2.0,8.0,18.0,1.0,0.0,1.0,1.0,3959.0,0.71806794,0.9266051,0.0,1.0
8.0,37.0,33.0,168.0,1.0,0.0,0.0,0.0,0.0,0.12698944,0.14405198,0.0,1.0
9.0,15.0,49.0,65.0,1.0,0.0,0.0,0.0,0.0,0.17582385,0.052716892,0.0,1.0
0.0,0.0,0.0,3.0,0.5,0.5,0.5,0.0,0.0,0.5,0.5,1.0,0.0
1.0,1.0,3.0,25.0,0.0,0.0,0.0,0.0,0.0,0.8688316,0.898906,0.0,0.0
0.0,0.0,1.0,9.0,0.0,0.0,0.0,0.0,0.0,0.8870921,0.9455386,0.0,0.0
1.0,1.0,6.0,7.0,0.0,0.0,0.0,0.0,0.0,0.87147284,0.9538858,0.0,0.0
1.0,2.0,5.0,9.0,0.0,0.0,0.0,0.0,0.0,0.80266637,0.8724099,0.0,0.0
0.0,0.0,0.0,4.0,0.5,0.5,0.5,0.0,0.0,0.5,0.5,1.0,0.0
1.0,3.0,1.0,14.0,0.0,0.0,0.0,0.0,0.0,0.82116497,0.9894042,0.0,0.0
1.0,3.0,1.0,23.0,0.0,0.0,0.0,0.0,0.0,0.93143415,0.92812294,0.0,0.0
0.0,3.0,7.0,11.0,0.0,0.0,0.0,0.0,0.0,0.83637637,0.8907892,0.0,0.0
15.0,36.0,31.0,59.0,1.0,1.0,1.0,0.0,0.0,0.05722579,0.29988495,0.0,1.0
0.0,4.0,1.0,23.0,1.0,0.0,1.0,1.0,3371.0,0.7417971,0.87111056,0.0,1.0
0.0,1.0,5.0,1.0,0.5,0.5,0.5,0.0,0.0,0.5,0.5,1.0,0.0
0.0,3.0,2.0,25.0,0.0,0.0,0.0,0.0,0.0,0.94978577,0.91977257,0.0,0.0
0.0,3.0,5.0,28.0,0.0,0.0,0.0,0.0,0.0,0.9002944,0.9858716,0.0,0.0
1.0,2.0,3.0,0.0,0.5,0.5,0.5,0.0,0.0,0.5,0.5,1.0,0.0
1.0,2.0,8.0,26.0,0.0,0.0,0.0,0.0,0.0,0.90856975,0.9066221,0.0,0.0
1.0,2.0,5.0,21.0,0.0,0.0,0.0,0.0,0.0,0.9304473,0.8706406,0.0,0.0
0.0,2.0,8.0,21.0,0.0,0.0,0.0,0.0,0.0,0.8632835,0.9317547,0.0,0.0
0.0,1.0,7.0,3.0,1.0,0.0,0.0,0.0,0.0,0.3285364,0.4869303,0.0,0.0
8.0,12.0,55.0,51.0,1.0,0.0,1.0,0.0,0.0,0.10112714,0.27523753,0.0,1.0
2.0,2.0,10.0,25.0,1.0,0.0,1.0,1.0,2753.0,0.6580936,0.74037814,0.0,1.0
0.0,4.0,2.0,12.0,1.0,1.0,0.0,0.0,0.0,0.6725983,0.6720247,0.0,0.0
0.0,1.0,3.0,10.0,0.0,0.0,0.0,0.0,0.0,0.8314981,0.87170327,0.0,0.0
13.0,32.0,50.0,196.0,1.0,0.0,0.0,0.0,0.0,0.25617138,0.14908755,0.0,1.0
0.0,0.0,5.0,28.0,0.0,0.0,0.0,0.0,0.0,0.81244934,0.88767606,0.0,0.0
0.0,2.0,4.0,28.0,0.0,0.0,0.0,0.0,0.0,0.8974182,0.8886268,0.0,0.0
11.0,13.0,62.0,120.0,1.0,0.0,0.0,0.0,0.0,0.26579633,0.2818937,0.0,1.0
1.0,1.0,6.0,23.0,0.0,0.0,0.0,0.0,0.0,0.9582631,0.91442865,0.0,0.0
13.0,16.0,34.0,148.0,1.0,0.0,0.0,0.0,0.0,0.12523912,0.26862156,0.0,1.0
0.0,4.0,3.0,10.0,1.0,0.0,1.0,1.0,1120.0,0.82729244,0.84354275,0.0,1.0
0.0,3.0,3.0,21.0,0.0,0.0,0.0,0.0,0.0,0.8747764,0.92894757,0.0,0.0
0.0,0.0,7.0,5.0,0.0,0.0,0.0,0.0,0.0,0.8989086,0.98704684,0.0,0.0
0.0,8.0,4.0,7.0,0.0,0.0,0.0,0.0,0.0,0.894401,0.35379532,0.0,0.0
10.0,24.0,69.0,169.0,1.0,1.0,1.0,0.0,0.0,0.056125354,0.21986203,0.0,1.0
10.0,18.0,96.0,76.0,1.0,1.0,0.0,0.0,0.0,0.16932796,0.16452037,0.0,1.0
10.0,28.0,49.0,200.0,1.0,1.0,0.0,0.0,0.0,0.106549725,0.0555563,0.0,1.0
2.0,2.0,12.0,15.0,0.0,1.0,1.0,0.0,0.0,0.85493964,0.86585116,0.0,1.0
0.0,3.0,2.0,17.0,0.0,0.0,0.0,0.0,0.0,0.97178453,0.87840855,0.0,0.0
0.0,2.0,7.0,21.0,0.0,0.0,0.0,0.0,0.0,0.94556165,0.94347024,0.0,0.0
1.0,0.0,6.0,23.0,0.0,0.0,0.0,0.0,0.0,0.8772712,0.9066192,0.0,0.0
14.0,40.0,70.0,195.0,1.0,1.0,1.0,0.0,0.0,0.091869846,0.22268298,0.0,1.0
1.0,2.0,1.0,16.0,0.0,0.0,0.0,0.0,0.0,0.8293899,0.8591143,0.0,0.0
7.0,12.0,98.0,56.0,1.0,1.0,0.0,0.0,0.0,0.08061221,0.25791332,0.0,1.0
15.0,38.0,98.0,103.0,1.0,1.0,1.0,0.0,0.0,0.15863712,0.16726162,0.0,1.0
13.0,19.0,42.0,168.0,1.0,0.0,0.0,0.0,0.0,0.08036331,0.0654173,0.0,1.0
0.0,0.0,1.0,18.0,0.0,0.0,0.0,0.0,0.0,0.81758577,0.864547,0.0,0.0
1.0,4.0,6.0,7.0,1.0,0.0,1.0,1.0,3775.0,0.6131021,0.7129144,0.0,1.0
0.0,0.0,3.0,18.0,0.0,0.0,0.0,0.0,0.0,0.9588041,0.8746104,0.0,0.0
0.0,1.0,5.0,15.0,0.0,0.0,0.0,0.0,0.0,0.93764853,0.9556714,0.0,0.0
5.0,34.0,66.0,95.0,1.0,0.0,0.0,0.0,0.0,0.1501381,0.17317733,0.0,1.0
0.0,3.0,6.0,15.0,0.0,0.0,0.0,0.0,0.0,0.8169872,0.9792129,0.0,0.0
1.0,2.0,7.0,26.0,0.0,0.0,0.0,0.0,0.0,0.8885497,0.9890965,0.0,0.0
0.0,3.0,1.0,11.0,0.0,0.0,0.0,0.0,0.0,0.8175865,0.894527,0.0,0.0
0.0,0.0,1.0,15.0,0.0,0.0,0.0,0.0,0.0,0.83581364,0.94394714,0.0,0.0
0.0,3.0,3.0,23.0,0.0,0.0,0.0,0.0,0.0,0.81151235,0.9644458,0.0,0.0
0.0,2.0,7.0,18.0,0.0,0.0,0.0,0.0,0.0,0.9660507,0.9831989,0.0,0.0
1.0,2.0,2.0,26.0,0.0,0.0,0.0,0.0,0.0,0.9346316,0.91835886,0.0,0.0
1.0,0.0,6.0,28.0,0.0,0.0,0.0,0.0,0.0,0.84389853,0.8881219,0.0,0.0
1.0,2.0,1.0,0.0,0.5,0.5,0.5,0.0,0.0,0.5,0.5,1.0,0.0
1.0,1.0,7.0,13.0,0.0,0.0,0.0,0.0,0.0,0.8862556,0.9678407,0.0,0.0
11.0,27.0,68.0,188.0,1.0,1.0,1.0,0.0,0.0,0.2834674,0.0940006,0.0,1.0
0.0,1.0,8.0,15.0,0.0,0.0,0.0,0.0,0.0,0.86428493,0.94398135,0.0,0.0
0.0,7.0,2.0,3.0,0.0,0.0,0.0,0.0,0.0,0.8327139,0.7759101,1.0,0.0
6.0,30.0,47.0,171.0,1.0,1.0,1.0,0.0,0.0,0.07993826,0.25270733,0.0,1.0
0.0,0.0,10.0,22.0,1.0,0.0,1.0,1.0,1205.0,0.6876369,0.85232365,0.0,1.0
0.0,1.0,5.0,25.0,0.0,0.0,0.0,0.0,0.0,0.9436211,0.89498705,0.0,0.0
1.0,3.0,4.0,12.0,0.0,0.0,0.0,0.0,0.0,0.88142246,0.8882716,0.0,0.0
1.0,2.0,5.0,23.0,0.0,0.0,0.0,0.0,0.0,0.86198413,0.9487693,0.0,0.0
1.0,2.0,5.0,25.0,0.0,0.0,0.0,0.0,0.0,0.82890517,0.94615966,0.0,0.0
0.0,2.0,3.0,1.0,0.5,0.5,0.5,0.0,0.0,0.5,0.5,1.0,0.0
1.0,0.0,5.0,4.0,0.5,0.5,0.5,0.0,0.0,0.5,0.5,1.0,0.0
0.0,0.0,3.0,16.0,0.0,0.0,0.0,0.0,0.0,0.892541,0.87738335,0.0,0.0
0.0,0.0,3.0,22.0,0.0,0.0,0.0,0.0,0.0,0.85806924,0.89426947,0.0,0.0
1.0,1.0,6.0,25.0,0.0,0.0,0.0,0.0,0.0,0.899865,0.8948786,0.0,0.0
1.0,0.0,1.0,17.0,0.0,0.0,0.0,0.0,0.0,0.90281475,0.98200667,0.0,0.0
0.0,3.0,8.0,8.0,0.0,0.0,0.0,0.0,0.0,0.9021039,0.9809059,0.0,0.0
1.0,2.0,5.0,0.0,0.5,0.5,0.5,0.0,0.0,0.5,0.5,1.0,0.0
3.0,3.0,7.0,13.0,0.0,1.0,1.0,0.0,0.0,0.8978629,0.591777,1.0,1.0
2.0,2.0,12.0,13.0,1.0,1.0,0.0,0.0,0.0,0.3269575,0.81121874,0.0,1.0
1.0,1.0,7.0,20.0,0.0,0.0,0.0,0.0,0.0,0.8023342,0.89312106,0.0,0.0
0.0,4.0,10.0,22.0,1.0,0.0,1.0,1.0,4164.0,0.8386517,0.76821357,0.0,1.0
0.0,1.0,1.0,1.0,0.5,0.5,0.5,0.0,0.0,0.5,0.5,1.0,0.0
0.0,4.0,5.0,14.0,1.0,0.0,1.0,1.0,1566.0,0.6743462,0.7861075,0.0,1.0
3.0,5.0,13.0,8.0,0.0,1.0,0.0,0.0,0.0,0.3105221,0.34833205,1.0,1.0
0.0,2.0,5.0,0.0,0.5,0.5,0.5,0.0,0.0,0.5,0.5,1.0,0.0
8.0,33.0,57.0,179.0,1.0,0.0,1.0,0.0,0.0,0.075602405,0.28861213,0.0,1.0
3.0,4.0,5.0,12.0,1.0,0.0,1.0,0.0,0.0,0.76004636,0.7377876,1.0,1.0
1.0,2.0,5.0,3.0,0.5,0.5,0.5,0.0,0.0,0.5,0.5,1.0,0.0
1.0,2.0,6.0,19.0,0.0,0.0,0.0,0.0,0.0,0.9133756,0.86644006,0.0,0.0
2.0,5.0,13.0,6.0,1.0,0.0,1.0,0.0,0.0,0.59780383,0.8243092,1.0,1.0
0.0,3.0,2.0,18.0,0.0,0.0,0.0,0.0,0.0,0.8049483,0.9466363,0.0,0.0
1.0,2.0,2.0,16.0,0.0,0.0,0.0,0.0,0.0,0.9008823,0.86070216,0.0,0.0
3.0,8.0,5.0,6.0,1.0,1.0,0.0,0.0,0.0,0.45610246,0.7024564,0.0,1.0
13.0,31.0,50.0,157.0,1.0,0.0,1.0,0.0,0.0,0.29811224,0.15840678,0.0,1.0
9.0,13.0,38.0,145.0,1.0,1.0,1.0,0.0,0.0,0.17155673,0.18167065,0.0,1.0
1.0,2.0,13.0,3.0,1.0,0.0,0.0,0.0,0.0,0.8370475,0.73284185,1.0,0.0
0.0,2.0,3.0,12.0,0.0,0.0,0.0,0.0,0.0,0.92846495,0.9271023,0.0,0.0
1.0,0.0,6.0,5.0,0.0,0.0,0.0,0.0,0.0,0.96637,0.9785838,0.0,0.0
0.0,1.0,8.0,20.0,0.0,0.0,0.0,0.0,0.0,0.86465156,0.9802515,0.0,0.0
3.0,6.0,13.0,13.0,0.0,1.0,0.0,0.0,0.0,0.51671535,0.5138842,0.0,1.0
1.0,1.0,2.0,7.0,0.0,0.0,0.0,0.0,0.0,0.8889641,0.9005956,0.0,0.0
1.0,1.0,5.0,17.0,0.0,0.0,0.0,0.0,0.0,0.8986287,0.8500568,0.0,0.0
1.0,3.0,6.0,20.0,0.0,0.0,0.0,0.0,0.0,0.97118396,0.97520137,0.0,0.0
0.0,2.0,8.0,13.0,1.0,0.0,1.0,1.0,2111.0,0.8514096,0.8795548,0.0,1.0
0.0,2.0,2.0,26.0,0.0,0.0,0.0,0.0,0.0,0.8661203,0.9762375,0.0,0.0
1.0,2.0,3.0,3.0,0.5,0.5,0.5,0.0,0.0,0.5,0.5,1.0,0.0
3.0,6.0,11.0,6.0,1.0,1.0,0.0,0.0,0.0,0.83956003,0.4932671,0.0,1.0
0.0,2.0,5.0,11.0,0.0,0.0,0.0,0.0,0.0,0.8061275,0.9367156,0.0,0.0
1.0,3.0,1.0,10.0,0.0,0.0,0.0,0.0,0.0,0.90784764,0.94753885,0.0,0.0
1.0,2.0,3.0,15.0,0.0,0.0,0.0,0.0,0.0,0.9369775,0.96745294,0.0,0.0
0.0,1.0,6.0,22.0,0.0,0.0,0.0,0.0,0.0,0.9691453,0.88734895,0.0,0.0
0.0,2.0,5.0,27.0,0.0,0.0,0.0,0.0,0.0,0.82320166,0.91009843,0.0,0.0
0.0,2.0,3.0,18.0,0.0,0.0,0.0,0.0,0.0,0.8229402,0.8931562,0.0,0.0
1.0,3.0,8.0,28.0,0.0,0.0,0.0,0.0,0.0,0.8631406,0.9264001,0.0,0.0
1.0,5.0,2.0,15.0,1.0,0.0,1.0,1.0,4126.0,0.7816755,0.71830416,0.0,1.0
5.0,31.0,59.0,62.0,1.0,1.0,0.0,0.0,0.0,0.2083393,0.15428977,0.0,1.0
6.0,34.0,96.0,120.0,1.0,1.0,0.0,0.0,0.0,0.14416489,0.14462963,0.0,1.0
1.0,0.0,3.0,4.0,0.5,0.5,0.5,0.0,0.0,0.5,0.5,1.0,0.0
1.0,1.0,2.0,7.0,0.0,0.0,0.0,0.0,0.0,0.89777887,0.8738474,0.0,0.0
1.0,3.0,1.0,14.0,0.0,0.0,0.0,0.0,0.0,0.90807384,0.8992305,0.0,0.0
0.0,2.0,8.0,9.0,0.0,0.0,0.0,0.0,0.0,0.9589712,0.9512193,0.0,0.0
1.0,1.0,4.0,26.0,0.0,0.0,0.0,0.0,0.0,0.9579366,0.89196295,0.0,0.0
1.0,0.0,6.0,6.0,0.0,0.0,0.0,0.0,0.0,0.8784122,0.9641085,0.0,0.0
0.0,0.0,10.0,12.0,0.0,0.0,1.0,0.0,0.0,0.719401,0.58975756,1.0,1.0
0.0,3.0,7.0,22.0,0.0,0.0,0.0,0.0,0.0,0.8397273,0.9089366,0.0,0.0
0.0,2.0,4.0,8.0,0.0,0.0,0.0,0.0,0.0,0.8670302,0.9642932,0.0,0.0
13.0,33.0,45.0,90.0,1.0,0.0,0.0,0.0,0.0,0.27076155,0.1497817,0.0,1.0
1.0,1.0,6.0,16.0,0.0,0.0,0.0,0.0,0.0,0.9421737,0.86619663,0.0,0.0
10.0,17.0,62.0,76.0,1.0,0.0,0.0,0.0,0.0,0.235195,0.050642125,0.0,1.0
0.0,2.0,6.0,14.0,0.0,0.0,0.0,0.0,0.0,0.95057625,0.91078085,0.0,0.0
14.0,33.0,92.0,197.0,1.0,1.0,0.0,0.0,0.0,0.11442187,0.2784737,0.0,1.0
3.0,7.0,13.0,20.0,0.0,0.0,1.0,0.0,0.0,0.60381174,0.81582695,0.0,1.0
0.0,1.0,4.0,23.0,0.0,0.0,0.0,0.0,0.0,0.9749904,0.9484479,0.0,0.0
1.0,3.0,7.0,21.0,0.0,0.0,0.0,0.0,0.0,0.8097143,0.9648521,0.0,0.0
0.0,3.0,3.0,19.0,0.0,0.0,0.0,0.0,0.0,0.9225662,0.9232461,0.0,0.0
1.0,2.0,5.0,24.0,0.0,0.0,0.0,0.0,0.0,0.9129298,0.93588114,0.0,0.0
0.0,4.0,4.0,6.0,1.0,0.0,1.0,1.0,3855.0,0.7329882,0.7737101,0.0,1.0
1.0,0.0,5.0,16.0,0.0,0.0,0.0,0.0,0.0,0.94410974,0.9370093,0.0,0.0
8.0,12.0,67.0,178.0,1.0,1.0,0.0,0.0,0.0,0.27663782,0.27592555,0.0,1.0
1.0,0.0,2.0,24.0,0.0,0.0,0.0,0.0,0.0,0.8066963,0.9744008,0.0,0.0
0.0,2.0,1.0,18.0,0.0,0.0,0.0,0.0,0.0,0.9633085,0.90477663,0.0,0.0
1.0,3.0,7.0,19.0,0.0,0.0,0.0,0.0,0.0,0.90602773,0.9355807,0.0,0.0
0.0,2.0,7.0,20.0,0.0,0.0,0.0,0.0,0.0,0.9768853,0.9648379,0.0,0.0
1.0,1.0,4.0,23.0,0.0,0.0,0.0,0.0,0.0,0.91810405,0.95786494,0.0,0.0
7.0,25.0,65.0,181.0,1.0,1.0,0.0,0.0,0.0,0.22171289,0.220879,0.0,1.0
15.0,39.0,72.0,72.0,1.0,0.0,0.0,0.0,0.0,0.28209957,0.21176018,0.0,1.0
1.0,2.0,3.0,17.0,0.0,0.0,0.0,0.0,0.0,0.8103642,0.9796373,0.0,0.0
9.0,15.0,48.0,192.0,1.0,0.0,0.0,0.0,0.0,0.27018654,0.1121845,0.0,1.0
0.0,0.0,10.0,13.0,0.0,1.0,1.0,0.0,0.0,0.73286504,0.34204707,1.0,1.0
1.0,3.0,5.0,27.0,0.0,0.0,0.0,0.0,0.0,0.9011615,0.91040015,0.0,0.0
0.0,3.0,8.0,16.0,0.0,0.0,0.0,0.0,0.0,0.9460565,0.88746953,0.0,0.0
0.0,3.0,2.0,20.0,0.0,0.0,0.0,0.0,0.0,0.9127481,0.9179378,0.0,0.0
1.0,1.0,1.0,12.0,0.0,0.0,0.0,0.0,0.0,0.82920086,0.9713409,0.0,0.0
1.0,3.0,1.0,5.0,0.0,0.0,0.0,0.0,0.0,0.9044601,0.95982724,0.0,0.0
10.0,23.0,74.0,136.0,1.0,0.0,1.0,0.0,0.0,0.11674502,0.28424248,0.0,1.0
1.0,1.0,6.0,16.0,0.0,0.0,0.0,0.0,0.0,0.91637385,0.9459786,0.0,0.0
2.0,0.0,10.0,12.0,1.0,0.0,1.0,1.0,3697.0,0.6628897,0.79955393,0.0,1.0
1.0,3.0,7.0,17.0,0.0,0.0,0.0,0.0,0.0,0.8783342,0.87957025,0.0,0.0
1.0,1.0,3.0,10.0,0.0,0.0,0.0,0.0,0.0,0.8693613,0.9107376,0.0,0.0
0.0,2.0,1.0,15.0,0.0,0.0,0.0,0.0,0.0,0.93908864,0.85115564,0.0,0.0
0.0,1.0,2.0,12.0,0.0,0.0,0.0,0.0,0.0,0.80709803,0.8905999,0.0,0.0
0.0,1.0,6.0,26.0,0.0,0.0,0.0,0.0,0.0,0.9026656,0.88809586,0.0,0.0
0.0,2.0,8.0,11.0,0.0,0.0,0.0,0.0,0.0,0.93650883,0.9208445,0.0,0.0
0.0,2.0,3.0,5.0,0.0,0.0,0.0,0.0,0.0,0.8145914,0.96629786,0.0,0.0
10.0,20.0,66.0,69.0,1.0,0.0,0.0,0.0,0.0,0.24932314,0.22188313,0.0,1.0
0.0,3.0,5.0,26.0,0.0,0.0,0.0,0.0,0.0,0.95542675,0.9636904,0.0,0.0
1.0,3.0,1.0,24.0,0.0,0.0,0.0,0.0,0.0,0.8754459,0.9000117,0.0,0.0
1.0,2.0,8.0,28.0,0.0,0.0,0.0,0.0,0.0,0.93971384,0.86422265,0.0,0.0
2.0,5.0,5.0,20.0,1.0,0.0,1.0,1.0,2657.0,0.66102487,0.7985601,0.0,1.0
1.0,3.0,5.0,23.0,0.0,0.0,0.0,0.0,0.0,0.86690515,0.87240744,0.0,0.0
1.0,3.0,8.0,23.0,0.0,0.0,0.0,0.0,0.0,0.85813296,0.88632864,0.0,0.0
1.0,0.0,3.0,28.0,0.0,0.0,0.0,0.0,0.0,0.93507993,0.8516504,0.0,0.0
1.0,2.0,1.0,25.0,0.0,0.0,0.0,0.0,0.0,0.8491989,0.988962,0.0,0.0
0.0,2.0,2.0,27.0,0.0,0.0,0.0,0.0,0.0,0.8930125,0.87434864,0.0,0.0
7.0,33.0,40.0,184.0,1.0,1.0,0.0,0.0,0.0,0.2883509,0.1860205,0.0,1.0
0.0,2.0,7.0,23.0,0.0,0.0,0.0,0.0,0.0,0.8441623,0.89945215,0.0,0.0
1.0,2.0,4.0,3.0,0.5,0.5,0.5,0.0,0.0,0.5,0.5,1.0,0.0
0.0,2.0,5.0,18.0,0.0,0.0,0.0,0.0,0.0,0.80146897,0.92751634,0.0,0.0
2.0,1.0,7.0,22.0,1.0,0.0,1.0,1.0,2708.0,0.78752494,0.98751587,0.0,1.0
0.0,2.0,7.0,20.0,0.0,0.0,0.0,0.0,0.0,0.9776369,0.969994,0.0,0.0
1.0,1.0,7.0,12.0,0.0,0.0,0.0,0.0,0.0,0.8577973,0.85693634,0.0,0.0
1.0,3.0,3.0,19.0,0.0,0.0,0.0,0.0,0.0,0.9757713,0.94775426,0.0,0.0
0.0,0.0,7.0,23.0,0.0,0.0,0.0,0.0,0.0,0.9435118,0.90857446,0.0,0.0
1.0,3.0,6.0,17.0,0.0,0.0,0.0,0.0,0.0,0.92549753,0.9276177,0.0,0.0
12.0,37.0,50.0,96.0,1.0,1.0,0.0,0.0,0.0,0.27590954,0.2149166,0.0,1.0
0.0,0.0,2.0,24.0,0.0,0.0,0.0,0.0,0.0,0.8242582,0.93387514,0.0,0.0
1.0,0.0,8.0,18.0,0.0,0.0,0.0,0.0,0.0,0.90284604,0.9039899,0.0,0.0
1.0,3.0,1.0,12.0,0.0,0.0,0.0,0.0,0.0,0.9745113,0.9071744,0.0,0.0
0.0,1.0,6.0,19.0,0.0,0.0,0.0,0.0,0.0,0.8113719,0.89304143,0.0,0.0
1.0,5.0,5.0,24.0,1.0,0.0,1.0,1.0,3348.0,0.6220383,0.87379724,0.0,1.0
1.0,1.0,7.0,26.0,0.0,0.0,0.0,0.0,0.0,0.9591603,0.9651899,0.0,0.0
1.0,0.0,4.0,3.0,0.5,0.5,0.5,0.0,0.0,0.5,0.5,1.0,0.0
3.0,7.0,14.0,3.0,1.0,0.0,1.0,0.0,0.0,0.32638597,0.5992318,1.0,1.0
0.0,2.0,6.0,14.0,0.0,0.0,0.0,0.0,0.0,0.9162616,0.97711116,0.0,0.0
10.0,15.0,96.0,146.0,1.0,0.0,0.0,0.0,0.0,0.13420594,0.1630854,0.0,1.0
1.0,0.0,4.0,14.0,0.0,0.0,0.0,0.0,0.0,0.8083099,0.98241127,0.0,0.0
1.0,0.0,3.0,12.0,0.0,0.0,0.0,0.0,0.0,0.89658105,0.9607925,0.0,0.0
1.0,3.0,2.0,21.0,0.0,0.0,0.0,0.0,0.0,0.82686335,0.9564438,0.0,0.0
1.0,3.0,3.0,20.0,0.0,0.0,0.0,0.0,0.0,0.8617031,0.92006856,0.0,0.0
0.0,1.0,1.0,18.0,0.0,0.0,0.0,0.0,0.0,0.8882915,0.9673062,0.0,0.0
1.0,1.0,4.0,17.0,0.0,0.0,0.0,0.0,0.0,0.8742143,0.89077747,0.0,0.0
0.0,0.0,2.0,10.0,0.0,0.0,0.0,0.0,0.0,0.8505675,0.98768914,0.0,0.0
0.0,1.0,0.0,4.0,0.5,0.5,0.5,0.0,0.0,0.5,0.5,1.0,0.0
1.0,2.0,3.0,14.0,0.0,0.0,0.0,0.0,0.0,0.921912,0.97798365,0.0,0.0
0.0,5.0,15.0,7.0,0.0,1.0,1.0,0.0,0.0,0.50136864,0.48861274,0.0,1.0
1.0,2.0,5.0,24.0,1.0,0.0,1.0,1.0,1877.0,0.9241746,0.9315076,0.0,1.0
1.0,0.0,3.0,18.0,0.0,0.0,0.0,0.0,0.0,0.8193916,0.88964397,0.0,0.0
2.0,2.0,7.0,20.0,0.0,1.0,0.0,0.0,0.0,0.502085,0.79482937,1.0,1.0
2.0,8.0,2.0,8.0,0.0,0.0,0.0,0.0,0.0,0.33420783,0.82511,1.0,0.0
0.0,8.0,7.0,16.0,0.0,1.0,1.0,0.0,0.0,0.5132746,0.6513407,0.0,1.0
8.0,23.0,50.0,102.0,1.0,1.0,0.0,0.0,0.0,0.108162224,0.1687776,0.0,1.0
0.0,1.0,6.0,29.0,0.0,0.0,0.0,0.0,0.0,0.8265598,0.97607434,0.0,0.0
2.0,1.0,12.0,4.0,1.0,1.0,0.0,0.0,0.0,0.6171178,0.6324043,1.0,1.0
0.0,2.0,1.0,13.0,0.0,0.0,0.0,0.0,0.0,0.9311122,0.9045214,0.0,0.0
1.0,1.0,1.0,20.0,0.0,0.0,0.0,0.0,0.0,0.9240194,0.9257505,0.0,0.0
2.0,5.0,3.0,21.0,1.0,0.0,1.0,1.0,3867.0,0.8179284,0.779616,0.0,1.0
0.0,2.0,5.0,11.0,0.0,0.0,0.0,0.0,0.0,0.97094655,0.85974306,0.0,0.0
0.0,1.0,8.0,14.0,0.0,0.0,0.0,0.0,0.0,0.8671154,0.95732164,0.0,0.0
11.0,38.0,77.0,64.0,1.0,1.0,0.0,0.0,0.0,0.23357509,0.25861412,0.0,1.0
0.0,3.0,1.0,27.0,0.0,0.0,0.0,0.0,0.0,0.8590928,0.9342894,0.0,0.0
0.0,2.0,7.0,23.0,0.0,0.0,0.0,0.0,0.0,0.8614333,0.9173427,0.0,0.0
7.0,29.0,56.0,68.0,1.0,1.0,0.0,0.0,0.0,0.22861125,0.19091053,0.0,1.0
1.0,2.0,4.0,27.0,0.0,0.0,0.0,0.0,0.0,0.9268979,0.8943857,0.0,0.0
0.0,0.0,1.0,1.0,0.5,0.5,0.5,0.0,0.0,0.5,0.5,1.0,0.0
1.0,0.0,5.0,0.0,0.5,0.5,0.5,0.0,0.0,0.5,0.5,1.0,0.0
0.0,2.0,8.0,25.0,0.0,0.0,0.0,0.0,0.0,0.8668169,0.94881403,0.0,0.0
3.0,2.0,4.0,17.0,1.0,0.0,0.0,0.0,0.0,0.60011995,0.46154058,1.0,1.0
0.0,4.0,4.0,5.0,0.0,1.0,1.0,0.0,0.0,0.87391347,0.37006733,0.0,1.0
15.0,22.0,35.0,116.0,1.0,1.0,0.0,0.0,0.0,0.07651138,0.26918542,0.0,1.0
0.0,3.0,3.0,19.0,0.0,0.0,0.0,0.0,0.0,0.81892383,0.9768908,0.0,0.0
1.0,2.0,4.0,3.0,0.5,0.5,0.5,0.0,0.0,0.5,0.5,1.0,0.0
7.0,17.0,44.0,102.0,1.0,0.0,1.0,0.0,0.0,0.22732998,0.19877817,0.0,1.0
15.0,36.0,87.0,70.0,1.0,0.0,0.0,0.0,0.0,0.17723493,0.10182863,0.0,1.0
1.0,0.0,2.0,6.0,0.0,0.0,0.0,0.0,0.0,0.8124637,0.94923747,0.0,0.0
1.0,1.0,2.0,11.0,0.0,0.0,0.0,0.0,0.0,0.8278199,0.8809559,0.0,0.0
2.0,3.0,8.0,19.0,1.0,0.0,1.0,1.0,4207.0,0.76232207,0.76964873,0.0,1.0
5.0,24.0,65.0,98.0,1.0,0.0,1.0,0.0,0.0,0.072918355,0.10302646,0.0,1.0
0.0,2.0,4.0,30.0,0.0,0.0,0.0,0.0,0.0,0.879306,0.96491414,0.0,0.0
10.0,17.0,87.0,148.0,1.0,0.0,1.0,0.0,0.0,0.08688886,0.26723632,0.0,1.0
1.0,2.0,3.0,15.0,0.0,0.0,0.0,0.0,0.0,0.83667725,0.86305714,0.0,0.0
0.0,2.0,8.0,11.0,0.0,0.0,0.0,0.0,0.0,0.84077775,0.8692592,0.0,0.0
0.0,3.0,7.0,13.0,0.0,0.0,0.0,0.0,0.0,0.80588895,0.9018742,0.0,0.0
2.0,2.0,8.0,8.0,1.0,0.0,1.0,1.0,2919.0,0.8410373,0.90292275,0.0,1.0
1.0,2.0,2.0,23.0,0.0,0.0,0.0,0.0,0.0,0.83871645,0.8879012,0.0,0.0
0.0,1.0,1.0,24.0,0.0,0.0,0.0,0.0,0.0,0.9059049,0.9604273,0.0,0.0
1.0,3.0,8.0,6.0,0.0,0.0,0.0,0.0,0.0,0.80591476,0.92793334,0.0,0.0
3.0,6.0,3.0,8.0,0.0,0.0,0.0,0.0,0.0,0.69721353,0.8642624,0.0,0.0
0.0,5.0,5.0,9.0,1.0,0.0,1.0,1.0,4592.0,0.8867462,0.7796508,0.0,1.0
1.0,3.0,2.0,10.0,0.0,0.0,0.0,0.0,0.0,0.9180655,0.89926136,0.0,0.0
0.0,3.0,2.0,13.0,0.0,0.0,0.0,0.0,0.0,0.8077907,0.8922304,0.0,0.0
1.0,2.0,5.0,14.0,1.0,0.0,1.0,1.0,1476.0,0.9203876,0.75702196,0.0,1.0
1.0,2.0,3.0,15.0,0.0,0.0,0.0,0.0,0.0,0.87596375,0.94256824,0.0,0.0
0.0,3.0,7.0,17.0,0.0,0.0,0.0,0.0,0.0,0.85636556,0.86956185,0.0,0.0
1.0,2.0,8.0,29.0,0.0,0.0,0.0,0.0,0.0,0.8434101,0.89668006,0.0,0.0
1.0,2.0,6.0,27.0,0.0,0.0,0.0,0.0,0.0,0.9253334,0.92007756,0.0,0.0
1.0,0.0,2.0,7.0,0.0,0.0,0.0,0.0,0.0,0.96862286,0.916246,0.0,0.0
0.0,0.0,6.0,30.0,0.0,0.0,0.0,0.0,0.0,0.8313359,0.9260627,0.0,0.0
1.0,3.0,3.0,28.0,0.0,0.0,0.0,0.0,0.0,0.95986134,0.9690821,0.0,0.0
1.0,1.0,3.0,18.0,1.0,0.0,1.0,1.0,2693.0,0.921307,0.9604389,0.0,1.0
1.0,0.0,3.0,19.0,0.0,0.0,0.0,0.0,0.0,0.9680875,0.9199224,0.0,0.0
2.0,1.0,9.0,10.0,1.0,1.0,0.0,0.0,0.0,0.8458735,0.5357853,1.0,1.0
1.0,3.0,7.0,26.0,0.0,0.0,0.0,0.0,0.0,0.9738447,0.93426424,0.0,0.0
3.0,1.0,13.0,7.0,1.0,0.0,1.0,0.0,0.0,0.37636492,0.6259617,1.0,1.0
1.0,0.0,1.0,12.0,0.0,0.0,0.0,0.0,0.0,0.94961125,0.9237756,0.0,0.0
1.0,4.0,15.0,12.0,0.0,0.0,0.0,0.0,0.0,0.899201,0.5619048,1.0,0.0
0.0,0.0,1.0,3.0,0.5,0.5,0.5,0.0,0.0,0.5,0.5,1.0,0.0
0.0,1.0,7.0,20.0,0.0,0.0,0.0,0.0,0.0,0.8257855,0.9398352,0.0,0.0
2.0,3.0,7.0,8.0,1.0,0.0,1.0,0.0,0.0,0.88675576,0.37508002,0.0,1.0
0.0,0.0,1.0,25.0,0.0,0.0,0.0,0.0,0.0,0.97648376,0.907659,0.0,0.0
0.0,2.0,7.0,26.0,0.0,0.0,0.0,0.0,0.0,0.95218176,0.8664378,0.0,0.0
12.0,22.0,88.0,192.0,1.0,0.0,0.0,0.0,0.0,0.12966113,0.17690003,0.0,1.0
1.0,2.0,6.0,8.0,0.0,0.0,0.0,0.0,0.0,0.80139136,0.954582,0.0,0.0
1.0,3.0,1.0,5.0,0.0,0.0,0.0,0.0,0.0,0.9766257,0.8958855,0.0,0.0
0.0,1.0,7.0,24.0,0.0,0.0,0.0,0.0,0.0,0.9543837,0.93371314,0.0,0.0
0.0,0.0,6.0,27.0,0.0,0.0,0.0,0.0,0.0,0.85486066,0.92061937,0.0,0.0
0.0,1.0,7.0,6.0,0.0,0.0,0.0,0.0,0.0,0.81776065,0.91879493,0.0,0.0
1.0,3.0,7.0,25.0,0.0,0.0,0.0,0.0,0.0,0.90714157,0.92580414,0.0,0.0
1.0,3.0,1.0,24.0,0.0,0.0,0.0,0.0,0.0,0.93815535,0.9120003,0.0,0.0
1.0,7.0,13.0,16.0,1.0,1.0,1.0,0.0,0.0,0.62014395,0.7461254,1.0,1.0
0.0,4.0,10.0,8.0,1.0,0.0,1.0,1.0,4373.0,0.7968655,0.8471187,0.0,1.0
2.0,3.0,4.0,8.0,1.0,1.0,0.0,0.0,0.0,0.4522831,0.4677978,0.0,1.0
1.0,4.0,5.0,24.0,1.0,0.0,1.0,1.0,4446.0,0.9048515,0.8359067,0.0,1.0
1.0,3.0,7.0,8.0,0.0,0.0,0.0,0.0,0.0,0.9237576,0.8801157,0.0,0.0
0.0,2.0,2.0,12.0,0.0,0.0,0.0,0.0,0.0,0.9678959,0.8565911,0.0,0.0
12.0,16.0,94.0,170.0,1.0,1.0,0.0,0.0,0.0,0.26303235,0.1728614,0.0,1.0
1.0,1.0,8.0,22.0,0.0,0.0,0.0,0.0,0.0,0.9227977,0.91633755,0.0,0.0
0.0,3.0,4.0,6.0,0.0,0.0,0.0,0.0,0.0,0.9604361,0.92931944,0.0,0.0
1.0,0.0,6.0,13.0,0.0,0.0,0.0,0.0,0.0,0.8850112,0.85694224,0.0,0.0
1.0,3.0,7.0,10.0,0.0,0.0,0.0,0.0,0.0,0.9480743,0.9558801,0.0,0.0
13.0,19.0,61.0,68.0,1.0,1.0,1.0,0.0,0.0,0.13085291,0.28103453,0.0,1.0
1.0,3.0,3.0,5.0,0.0,0.0,0.0,0.0,0.0,0.86029035,0.8964635,0.0,0.0
2.0,4.0,10.0,16.0,1.0,0.0,1.0,1.0,4849.0,0.67520404,0.94091076,0.0,1.0
0.0,0.0,6.0,22.0,0.0,0.0,0.0,0.0,0.0,0.84147626,0.9826029,0.0,0.0
2.0,0.0,8.0,16.0,1.0,1.0,1.0,0.0,0.0,0.6044299,0.433781,1.0,1.0
0.0,0.0,4.0,22.0,0.0,0.0,0.0,0.0,0.0,0.97191936,0.9135875,0.0,0.0
0.0,3.0,3.0,28.0,0.0,0.0,0.0,0.0,0.0,0.804822,0.9402825,0.0,0.0
1.0,1.0,8.0,30.0,0.0,0.0,0.0,0.0,0.0,0.87539303,0.92970794,0.0,0.0
1.0,0.0,6.0,17.0,0.0,0.0,0.0,0.0,0.0,0.92899245,0.92161834,0.0,0.0
0.0,1.0,3.0,12.0,0.0,0.0,0.0,0.0,0.0,0.93192875,0.8855828,0.0,0.0
13.0,31.0,94.0,129.0,1.0,1.0,0.0,0.0,0.0,0.18648541,0.27295208,0.0,1.0
1.0,1.0,3.0,17.0,1.0,1.0,1.0,0.0,0.0,0.7907857,0.74690783,1.0,1.0
1.0,1.0,7.0,22.0,0.0,0.0,0.0,0.0,0.0,0.96643096,0.97618604,0.0,0.0
5.0,13.0,72.0,112.0,1.0,0.0,0.0,0.0,0.0,0.06715254,0.24128935,0.0,1.0
0.0,3.0,2.0,27.0,0.0,0.0,0.0,0.0,0.0,0.90975636,0.985574,0.0,0.0
1.0,3.0,6.0,6.0,0.0,0.0,0.0,0.0,0.0,0.8288562,0.8778589,0.0,0.0
1.0,3.0,6.0,17.0,1.0,0.0,1.0,1.0,1852.0,0.7279671,0.9257061,0.0,1.0
14.0,25.0,97.0,186.0,1.0,1.0,1.0,0.0,0.0,0.17041293,0.10678211,0.0,1.0
0.0,1.0,7.0,22.0,0.0,0.0,0.0,0.0,0.0,0.9092052,0.8823355,0.0,0.0
1.0,0.0,2.0,1.0,0.5,0.5,0.5,0.0,0.0,0.5,0.5,1.0,0.0
0.0,2.0,1.0,9.0,0.0,0.0,0.0,0.0,0.0,0.9579748,0.98221415,0.0,0.0
0.0,3.0,7.0,28.0,0.0,0.0,0.0,0.0,0.0,0.9049744,0.87112814,0.0,0.0
0.0,2.0,3.0,22.0,1.0,0.0,1.0,1.0,2026.0,0.9269302,0.98212534,0.0,1.0
0.0,2.0,5.0,26.0,0.0,0.0,0.0,0.0,0.0,0.8991271,0.94020116,0.0,0.0
0.0,1.0,1.0,10.0,0.0,0.0,0.0,0.0,0.0,0.82178926,0.85969543,0.0,0.0
0.0,3.0,7.0,10.0,0.0,0.0,0.0,0.0,0.0,0.926842,0.97477865,0.0,0.0
0.0,3.0,2.0,5.0,0.0,0.0,0.0,0.0,0.0,0.8161516,0.97305703,0.0,0.0
1.0,1.0,1.0,18.0,0.0,0.0,0.0,0.0,0.0,0.9418455,0.88096267,0.0,0.0
0.0,1.0,5.0,1.0,0.5,0.5,0.5,0.0,0.0,0.5,0.5,1.0,0.0
1.0,1.0,5.0,2.0,0.5,0.5,0.5,0.0,0.0,0.5,0.5,1.0,0.0
1.0,1.0,4.0,15.0,0.0,0.0,0.0,0.0,0.0,0.8787763,0.97319365,0.0,0.0
6.0,33.0,95.0,181.0,1.0,0.0,1.0,0.0,0.0,0.2872859,0.19852963,0.0,1.0
2.0,6.0,12.0,18.0,0.0,0.0,0.0,0.0,0.0,0.6838954,0.61385214,1.0,0.0
15.0,38.0,39.0,169.0,1.0,0.0,1.0,0.0,0.0,0.167869,0.2650081,0.0,1.0
0.0,1.0,4.0,0.0,0.5,0.5,0.5,0.0,0.0,0.5,0.5,1.0,0.0
0.0,0.0,4.0,9.0,0.0,0.0,0.0,0.0,0.0,0.97662526,0.8834086,0.0,0.0
1.0,0.0,6.0,24.0,0.0,0.0,0.0,0.0,0.0,0.84498936,0.9297029,0.0,0.0
1.0,5.0,11.0,6.0,1.0,0.0,1.0,0.0,0.0,0.56726545,0.5328537,1.0,1.0
14.0,32.0,100.0,157.0,1.0,0.0,0.0,0.0,0.0,0.2017755,0.21479943,0.0,1.0
1.0,3.0,7.0,28.0,0.0,0.0,0.0,0.0,0.0,0.80351514,0.92576,0.0,0.0
0.0,0.0,3.0,1.0,0.5,0.5,0.5,0.0,0.0,0.5,0.5,1.0,0.0
1.0,1.0,2.0,29.0,0.0,0.0,0.0,0.0,0.0,0.9079937,0.9113941,0.0,0.0
1.0,2.0,3.0,1.0,0.5,0.5,0.5,0.0,0.0,0.5,0.5,1.0,0.0
0.0,3.0,2.0,23.0,0.0,0.0,0.0,0.0,0.0,0.8197164,0.85455406,0.0,0.0
1.0,2.0,4.0,23.0,0.0,0.0,0.0,0.0,0.0,0.85275173,0.88416404,0.0,0.0
10.0,30.0,89.0,111.0,1.0,0.0,0.0,0.0,0.0,0.09334722,0.1787526,0.0,1.0
9.0,39.0,47.0,187.0,1.0,0.0,1.0,0.0,0.0,0.23338616,0.20665473,0.0,1.0
0.0,1.0,5.0,1.0,0.5,0.5,0.5,0.0,0.0,0.5,0.5,1.0,0.0
0.0,0.0,8.0,20.0,0.0,0.0,0.0,0.0,0.0,0.8084225,0.88841814,0.0,0.0
0.0,2.0,7.0,22.0,0.0,0.0,0.0,0.0,0.0,0.80887866,0.8919726,0.0,0.0
1.0,2.0,5.0,11.0,0.0,0.0,0.0,0.0,0.0,0.80040216,0.9383647,0.0,0.0
0.0,2.0,4.0,15.0,0.0,0.0,0.0,0.0,0.0,0.84085566,0.85906225,0.0,0.0
0.0,2.0,2.0,27.0,0.0,0.0,0.0,0.0,0.0,0.8455089,0.9261563,0.0,0.0
0.0,1.0,5.0,30.0,0.0,0.0,0.0,0.0,0.0,0.83140945,0.9425481,0.0,0.0
0.0,2.0,6.0,27.0,0.0,0.0,0.0,0.0,0.0,0.92259455,0.94494736,0.0,0.0
0.0,2.0,6.0,14.0,1.0,0.0,1.0,1.0,3822.0,0.7556352,0.92833847,0.0,1.0
1.0,5.0,9.0,12.0,1.0,0.0,1.0,1.0,3295.0,0.77302855,0.87774616,0.0,1.0
10.0,16.0,90.0,67.0,1.0,0.0,0.0,0.0,0.0,0.07330753,0.07414111,0.0,1.0
1.0,2.0,8.0,30.0,0.0,0.0,0.0,0.0,0.0,0.9747695,0.8726836,0.0,0.0
0.0,0.0,4.0,12.0,0.0,0.0,0.0,0.0,0.0,0.92483443,0.898209,0.0,0.0
1.0,3.0,3.0,26.0,0.0,0.0,0.0,0.0,0.0,0.96331054,0.9036695,0.0,0.0
11.0,35.0,61.0,112.0,1.0,1.0,0.0,0.0,0.0,0.28036714,0.14035358,0.0,1.0
1.0,0.0,8.0,29.0,0.0,0.0,0.0,0.0,0.0,0.9379715,0.94069093,0.0,0.0
1.0,3.0,5.0,21.0,0.0,0.0,0.0,0.0,0.0,0.87200105,0.9339226,0.0,0.0
0.0,0.0,7.0,13.0,0.0,0.0,0.0,0.0,0.0,0.8512569,0.857406,0.0,0.0
0.0,3.0,7.0,21.0,0.0,0.0,0.0,0.0,0.0,0.8551603,0.9386634,0.0,0.0
5.0,25.0,74.0,66.0,1.0,0.0,0.0,0.0,0.0,0.2965343,0.1680178,0.0,1.0
11.0,14.0,84.0,144.0,1.0,0.0,1.0,0.0,0.0,0.20767157,0.07323687,0.0,1.0
1.0,2.0,3.0,10.0,0.0,0.0,0.0,0.0,0.0,0.80089045,0.8607807,0.0,0.0
0.0,0.0,2.0,20.0,0.0,0.0,0.0,0.0,0.0,0.9692264,0.9650732,0.0,0.0
0.0,0.0,5.0,15.0,0.0,1.0,1.0,0.0,0.0,0.53303826,0.717173,1.0,1.0
2.0,0.0,8.0,25.0,1.0,0.0,1.0,1.0,1615.0,0.6578025,0.95786536,0.0,1.0
2.0,0.0,6.0,21.0,1.0,0.0,1.0,1.0,3193.0,0.78637797,0.76527876,0.0,1.0
1.0,2.0,2.0,2.0,0.5,0.5,0.5,0.0,0.0,0.5,0.5,1.0,0.0
0.0,0.0,4.0,11.0,0.0,0.0,0.0,0.0,0.0,0.96222913,0.9469203,0.0,0.0
1.0,0.0,7.0,27.0,0.0,0.0,0.0,0.0,0.0,0.8628126,0.89996594,0.0,0.0
2.0,6.0,10.0,19.0,1.0,0.0,1.0,0.0,0.0,0.49452308,0.84559864,1.0,1.0
5.0,16.0,60.0,103.0,1.0,0.0,1.0,0.0,0.0,0.25267276,0.27673325,0.0,1.0
7.0,22.0,50.0,146.0,1.0,0.0,0.0,0.0,0.0,0.19639522,0.24742952,0.0,1.0
12.0,19.0,86.0,111.0,1.0,0.0,1.0,0.0,0.0,0.17505373,0.07778932,0.0,1.0
0.0,0.0,7.0,20.0,0.0,0.0,0.0,0.0,0.0,0.90808916,0.8552776,0.0,0.0
0.0,2.0,8.0,26.0,0.0,0.0,0.0,0.0,0.0,0.9629123,0.9000467,0.0,0.0
3.0,5.0,15.0,10.0,0.0,1.0,1.0,0.0,0.0,0.44131276,0.752254,1.0,1.0
1.0,5.0,5.0,7.0,1.0,0.0,1.0,1.0,3127.0,0.73046845,0.8500835,0.0,1.0
6.0,27.0,80.0,129.0,1.0,1.0,0.0,0.0,0.0,0.15677758,0.10861369,0.0,1.0
0.0,1.0,5.0,29.0,0.0,0.0,0.0,0.0,0.0,0.8207036,0.8868943,0.0,0.0
1.0,3.0,2.0,7.0,0.0,0.0,0.0,0.0,0.0,0.81570375,0.97288936,0.0,0.0
1.0,2.0,2.0,20.0,0.0,0.0,0.0,0.0,0.0,0.8721008,0.85870105,0.0,0.0
2.0,1.0,13.0,17.0,0.0,1.0,1.0,0.0,0.0,0.58970755,0.6496274,0.0,1.0
0.0,2.0,4.0,24.0,0.0,0.0,0.0,0.0,0.0,0.94481534,0.89705557,0.0,0.0
0.0,3.0,8.0,17.0,0.0,0.0,0.0,0.0,0.0,0.806717,0.8864207,0.0,0.0
0.0,0.0,2.0,1.0,0.5,0.5,0.5,0.0,0.0,0.5,0.5,1.0,0.0
1.0,2.0,8.0,11.0,0.0,0.0,0.0,0.0,0.0,0.9443494,0.8534178,0.0,0.0
0.0,2.0,6.0,15.0,0.0,0.0,0.0,0.0,0.0,0.9211747,0.91824913,0.0,0.0
1.0,2.0,2.0,4.0,0.5,0.5,0.5,0.0,0.0,0.5,0.5,1.0,0.0
0.0,3.0,6.0,28.0,0.0,0.0,0.0,0.0,0.0,0.9569853,0.9791194,0.0,0.0
0.0,2.0,3.0,22.0,0.0,0.0,0.0,0.0,0.0,0.90357816,0.87650836,0.0,0.0
1.0,2.0,1.0,19.0,1.0,0.0,1.0,1.0,3661.0,0.8944402,0.86300886,0.0,1.0
0.0,3.0,6.0,19.0,0.0,0.0,0.0,0.0,0.0,0.8861058,0.9529241,0.0,0.0
1.0,3.0,10.0,9.0,1.0,0.0,1.0,1.0,2219.0,0.6361402,0.8376981,0.0,1.0
0.0,2.0,1.0,19.0,0.0,0.0,0.0,0.0,0.0,0.9678998,0.9078163,0.0,0.0
8.0,13.0,74.0,91.0,1.0,1.0,0.0,0.0,0.0,0.1149677,0.10121642,0.0,1.0
1.0,0.0,8.0,30.0,0.0,0.0,0.0,0.0,0.0,0.8381273,0.8862946,0.0,0.0
3.0,0.0,13.0,15.0,0.0,1.0,0.0,0.0,0.0,0.40410152,0.8611817,0.0,1.0
2.0,7.0,8.0,18.0,0.0,0.0,0.0,0.0,0.0,0.81782526,0.31303677,0.0,0.0
0.0,2.0,15.0,3.0,1.0,1.0,1.0,0.0,0.0,0.49226213,0.40603337,1.0,1.0
1.0,2.0,5.0,11.0,0.0,0.0,0.0,0.0,0.0,0.9482682,0.9548248,0.0,0.0
2.0,5.0,13.0,14.0,1.0,1.0,0.0,0.0,0.0,0.8947188,0.40328872,1.0,1.0
0.0,1.0,5.0,19.0,0.0,0.0,0.0,0.0,0.0,0.8778721,0.9547667,0.0,0.0
1.0,0.0,7.0,14.0,0.0,0.0,0.0,0.0,0.0,0.9342449,0.88102007,0.0,0.0
11.0,37.0,97.0,131.0,1.0,1.0,1.0,0.0,0.0,0.0873044,0.14411505,0.0,1.0
1.0,0.0,8.0,13.0,0.0,0.0,0.0,0.0,0.0,0.9239889,0.9766768,0.0,0.0
1.0,4.0,4.0,17.0,1.0,0.0,1.0,1.0,2033.0,0.81907165,0.8534179,0.0,1.0
1.0,0.0,2.0,3.0,0.5,0.5,0.5,0.0,0.0,0.5,0.5,1.0,0.0
7.0,38.0,93.0,155.0,1.0,1.0,0.0,0.0,0.0,0.21516682,0.23149978,0.0,1.0
1.0,2.0,5.0,13.0,0.0,0.0,0.0,0.0,0.0,0.82435673,0.91368777,0.0,0.0
0.0,0.0,3.0,25.0,0.0,0.0,0.0,0.0,0.0,0.8798129,0.93975383,0.0,0.0
1.0,3.0,5.0,7.0,0.0,0.0,0.0,0.0,0.0,0.8132886,0.9766982,0.0,0.0
0.0,1.0,1.0,6.0,0.0,0.0,0.0,0.0,0.0,0.83729714,0.96876806,0.0,0.0
0.0,2.0,2.0,9.0,0.0,0.0,0.0,0.0,0.0,0.8910527,0.8839416,0.0,0.0
1.0,1.0,2.0,23.0,0.0,0.0,0.0,0.0,0.0,0.8092416,0.8700843,0.0,0.0
9.0,32.0,38.0,187.0,1.0,0.0,0.0,0.0,0.0,0.24720192,0.18542588,0.0,1.0
1.0,2.0,3.0,26.0,0.0,0.0,0.0,0.0,0.0,0.9352987,0.9192315,0.0,0.0
1.0,3.0,4.0,12.0,0.0,0.0,0.0,0.0,0.0,0.8258699,0.9753981,0.0,0.0
3.0,5.0,14.0,11.0,1.0,0.0,0.0,0.0,0.0,0.85539556,0.33002788,1.0,1.0
0.0,1.0,1.0,4.0,0.5,0.5,0.5,0.0,0.0,0.5,0.5,1.0,0.0
0.0,3.0,5.0,27.0,0.0,0.0,0.0,0.0,0.0,0.8211348,0.97825825,0.0,0.0
1.0,1.0,7.0,22.0,0.0,0.0,0.0,0.0,0.0,0.86850923,0.9575564,0.0,0.0
3.0,6.0,4.0,8.0,1.0,1.0,1.0,0.0,0.0,0.42293265,0.7226861,0.0,1.0
15.0,26.0,77.0,145.0,1.0,1.0,0.0,0.0,0.0,0.19348045,0.18236497,0.0,1.0
1.0,2.0,1.0,26.0,0.0,0.0,0.0,0.0,0.0,0.9520876,0.968917,0.0,0.0
1.0,3.0,6.0,19.0,0.0,0.0,0.0,0.0,0.0,0.80735844,0.9415956,0.0,0.0
11.0,12.0,92.0,133.0,1.0,0.0,0.0,0.0,0.0,0.07176814,0.07215066,0.0,1.0
1.0,1.0,8.0,28.0,0.0,0.0,0.0,0.0,0.0,0.8191647,0.88200146,0.0,0.0
11.0,27.0,64.0,153.0,1.0,0.0,1.0,0.0,0.0,0.084008254,0.2072816,0.0,1.0
15.0,31.0,63.0,92.0,1.0,0.0,1.0,0.0,0.0,0.07084515,0.12105336,0.0,1.0
1.0,2.0,8.0,6.0,0.0,0.0,0.0,0.0,0.0,0.8436699,0.8942656,0.0,0.0
10.0,30.0,42.0,85.0,1.0,1.0,1.0,0.0,0.0,0.10103501,0.20418566,0.0,1.0
1.0,1.0,3.0,15.0,0.0,0.0,0.0,0.0,0.0,0.9719567,0.928832,0.0,0.0
1.0,2.0,1.0,24.0,0.0,0.0,0.0,0.0,0.0,0.8576794,0.9182876,0.0,0.0
1.0,2.0,3.0,10.0,0.0,0.0,0.0,0.0,0.0,0.9509292,0.9349784,0.0,0.0
0.0,2.0,3.0,3.0,0.5,0.5,0.5,0.0,0.0,0.5,0.5,1.0,0.0
0.0,3.0,3.0,13.0,0.0,0.0,0.0,0.0,0.0,0.9770539,0.94528824,0.0,0.0
0.0,2.0,4.0,11.0,1.0,0.0,1.0,0.0,0.0,0.61263067,0.73620254,0.0,1.0
6.0,38.0,38.0,188.0,1.0,0.0,0.0,0.0,0.0,0.25894368,0.24826239,0.0,1.0
1.0,3.0,1.0,8.0,0.0,0.0,0.0,0.0,0.0,0.91196704,0.8966055,0.0,0.0
1.0,3.0,5.0,28.0,0.0,0.0,0.0,0.0,0.0,0.95218134,0.8647732,0.0,0.0
0.0,2.0,6.0,17.0,0.0,0.0,0.0,0.0,0.0,0.85213256,0.95274836,0.0,0.0
0.0,7.0,3.0,10.0,1.0,0.0,0.0,0.0,0.0,0.5971651,0.6426872,0.0,0.0
13.0,12.0,89.0,103.0,1.0,1.0,1.0,0.0,0.0,0.25782046,0.067289665,0.0,1.0
1.0,1.0,5.0,1.0,0.5,0.5,0.5,0.0,0.0,0.5,0.5,1.0,0.0
0.0,3.0,1.0,14.0,0.0,0.0,0.0,0.0,0.0,0.894389,0.89470434,0.0,0.0
1.0,0.0,3.0,18.0,0.0,0.0,0.0,0.0,0.0,0.92933476,0.91335875,0.0,0.0
0.0,0.0,5.0,8.0,0.0,0.0,0.0,0.0,0.0,0.83586997,0.8828178,0.0,0.0
0.0,2.0,1.0,4.0,0.5,0.5,0.5,0.0,0.0,0.5,0.5,1.0,0.0
1.0,2.0,1.0,1.0,0.5,0.5,0.5,0.0,0.0,0.5,0.5,1.0,0.0
5.0,20.0,87.0,180.0,1.0,1.0,0.0,0.0,0.0,0.06618998,0.052903812,0.0,1.0
0.0,3.0,3.0,17.0,0.0,0.0,0.0,0.0,0.0,0.91524494,0.9796753,0.0,0.0
0.0,1.0,5.0,14.0,0.0,0.0,0.0,0.0,0.0,0.9088694,0.9504657,0.0,0.0
1.0,1.0,6.0,10.0,1.0,0.0,1.0,1.0,2148.0,0.84631044,0.83727473,0.0,1.0
15.0,30.0,42.0,59.0,1.0,0.0,0.0,0.0,0.0,0.15504403,0.18652156,0.0,1.0
2.0,1.0,13.0,15.0,0.0,1.0,0.0,0.0,0.0,0.5728716,0.703697,1.0,1.0
1.0,3.0,6.0,30.0,0.0,0.0,0.0,0.0,0.0,0.9523667,0.9861187,0.0,0.0
0.0,3.0,4.0,20.0,0.0,0.0,0.0,0.0,0.0,0.8711574,0.9299863,0.0,0.0
1.0,0.0,6.0,28.0,0.0,0.0,0.0,0.0,0.0,0.80547893,0.85908395,0.0,0.0
1.0,1.0,5.0,6.0,0.0,0.0,0.0,0.0,0.0,0.976684,0.93793577,0.0,0.0
0.0,3.0,8.0,9.0,0.0,0.0,0.0,0.0,0.0,0.8334148,0.8534932,0.0,0.0
0.0,4.0,6.0,25.0,1.0,0.0,1.0,1.0,4026.0,0.6890013,0.7717573,0.0,1.0
2.0,3.0,15.0,6.0,1.0,1.0,1.0,0.0,0.0,0.7054732,0.6585817,0.0,1.0
0.0,0.0,5.0,3.0,0.5,0.5,0.5,0.0,0.0,0.5,0.5,1.0,0.0
0.0,1.0,7.0,28.0,0.0,0.0,0.0,0.0,0.0,0.9076801,0.9467969,0.0,0.0
0.0,3.0,1.0,26.0,0.0,0.0,0.0,0.0,0.0,0.82412434,0.92112815,0.0,0.0
1.0,1.0,5.0,7.0,0.0,0.0,0.0,0.0,0.0,0.9310267,0.8552631,0.0,0.0
0.0,0.0,3.0,18.0,0.0,0.0,0.0,0.0,0.0,0.95934683,0.90297,0.0,0.0
0.0,0.0,2.0,4.0,0.5,0.5,0.5,0.0,0.0,0.5,0.5,1.0,0.0
2.0,5.0,2.0,24.0,1.0,0.0,1.0,1.0,3534.0,0.7725569,0.7745798,0.0,1.0
0.0,0.0,7.0,16.0,0.0,0.0,0.0,0.0,0.0,0.88075423,0.97395456,0.0,0.0
8.0,34.0,90.0,175.0,1.0,1.0,0.0,0.0,0.0,0.07326334,0.1053991,0.0,1.0
2.0,4.0,6.0,20.0,1.0,0.0,1.0,1.0,4059.0,0.80923164,0.94153064,0.0,1.0
1.0,1.0,1.0,2.0,0.5,0.5,0.5,0.0,0.0,0.5,0.5,1.0,0.0
3.0,7.0,7.0,7.0,1.0,0.0,0.0,0.0,0.0,0.8358699,0.5587424,1.0,1.0
1.0,1.0,6.0,27.0,0.0,0.0,0.0,0.0,0.0,0.93342483,0.97039574,0.0,0.0
2.0,4.0,5.0,18.0,1.0,0.0,1.0,1.0,2646.0,0.910024,0.90322924,0.0,1.0
1.0,3.0,5.0,6.0,0.0,0.0,0.0,0.0,0.0,0.86594373,0.9348335,0.0,0.0
0.0,1.0,4.0,8.0,0.0,0.0,0.0,0.0,0.0,0.8053018,0.9503269,0.0,0.0
2.0,2.0,11.0,16.0,0.0,1.0,1.0,0.0,0.0,0.7245252,0.7799516,0.0,1.0
0.0,1.0,2.0,8.0,0.0,0.0,0.0,0.0,0.0,0.8251899,0.8770969,0.0,0.0
1.0,3.0,7.0,23.0,1.0,0.0,1.0,1.0,1279.0,0.88157535,0.8871664,0.0,1.0
0.0,2.0,8.0,19.0,0.0,0.0,0.0,0.0,0.0,0.84741217,0.96719104,0.0,0.0
14.0,15.0,35.0,68.0,1.0,1.0,1.0,0.0,0.0,0.27766857,0.207708,0.0,1.0
1.0,1.0,8.0,13.0,0.0,0.0,0.0,0.0,0.0,0.9686893,0.9245807,0.0,0.0
0.0,3.0,6.0,19.0,0.0,0.0,0.0,0.0,0.0,0.8544867,0.9702896,0.0,0.0
1.0,0.0,4.0,24.0,0.0,0.0,0.0,0.0,0.0,0.9484362,0.8641082,0.0,0.0
1.0,0.0,3.0,19.0,0.0,0.0,0.0,0.0,0.0,0.82980907,0.86079234,0.0,0.0
0.0,1.0,1.0,19.0,0.0,0.0,0.0,0.0,0.0,0.9075036,0.9330436,0.0,0.0
3.0,7.0,4.0,16.0,1.0,1.0,0.0,0.0,0.0,0.8291211,0.4547298,0.0,1.0
0.0,3.0,6.0,15.0,0.0,0.0,0.0,0.0,0.0,0.9699919,0.93334204,0.0,0.0
2.0,4.0,3.0,9.0,1.0,0.0,1.0,1.0,1085.0,0.74373126,0.9176893,0.0,1.0
0.0,1.0,6.0,16.0,0.0,0.0,0.0,0.0,0.0,0.86117315,0.96525335,0.0,0.0
0.0,1.0,6.0,27.0,0.0,0.0,0.0,0.0,0.0,0.8319428,0.9623394,0.0,0.0
1.0,0.0,4.0,10.0,0.0,0.0,0.0,0.0,0.0,0.9128985,0.8970244,0.0,0.0
0.0,3.0,4.0,6.0,0.0,0.0,0.0,0.0,0.0,0.9587414,0.89176184,0.0,0.0
0.0,0.0,8.0,14.0,0.0,0.0,0.0,0.0,0.0,0.91063994,0.8655678,0.0,0.0
0.0,0.0,8.0,19.0,0.0,0.0,0.0,0.0,0.0,0.9105683,0.8958357,0.0,0.0
0.0,0.0,2.0,10.0,1.0,0.0,1.0,1.0,4483.0,0.653144,0.9754295,0.0,1.0
1.0,0.0,8.0,13.0,0.0,0.0,0.0,0.0,0.0,0.95988786,0.8529782,0.0,0.0
1.0,2.0,5.0,13.0,1.0,0.0,1.0,1.0,1747.0,0.9269808,0.8140203,0.0,1.0
1.0,2.0,6.0,21.0,0.0,0.0,0.0,0.0,0.0,0.8039907,0.9567969,0.0,0.0
2.0,1.0,4.0,23.0,1.0,0.0,1.0,1.0,3576.0,0.822067,0.7665214,0.0,1.0
0.0,1.0,8.0,26.0,0.0,0.0,0.0,0.0,0.0,0.97148854,0.90519375,0.0,0.0
0.0,0.0,4.0,18.0,0.0,0.0,0.0,0.0,0.0,0.97003615,0.9232136,0.0,0.0
0.0,0.0,2.0,5.0,0.0,0.0,0.0,0.0,0.0,0.9781563,0.8741008,0.0,0.0
0.0,1.0,8.0,30.0,0.0,0.0,0.0,0.0,0.0,0.8003507,0.9410255,0.0,0.0
0.0,3.0,7.0,21.0,0.0,0.0,0.0,0.0,0.0,0.8115869,0.97282827,0.0,0.0
5.0,19.0,62.0,128.0,1.0,1.0,1.0,0.0,0.0,0.27387074,0.26289654,0.0,1.0
0.0,1.0,1.0,15.0,0.0,0.0,0.0,0.0,0.0,0.9680068,0.9221537,0.0,0.0
1.0,3.0,6.0,26.0,0.0,0.0,0.0,0.0,0.0,0.87112576,0.93205124,0.0,0.0
1.0,0.0,8.0,28.0,0.0,0.0,0.0,0.0,0.0,0.8007697,0.9012459,0.0,0.0
1.0,1.0,4.0,5.0,0.0,0.0,0.0,0.0,0.0,0.95516324,0.91057104,0.0,0.0
9.0,29.0,89.0,152.0,1.0,1.0,0.0,0.0,0.0,0.2052187,0.18698725,0.0,1.0
0.0,0.0,8.0,13.0,0.0,0.0,0.0,0.0,0.0,0.87027484,0.86481583,0.0,0.0
14.0,21.0,71.0,154.0,1.0,1.0,0.0,0.0,0.0,0.074064076,0.21472275,0.0,1.0
1.0,1.0,0.0,4.0,0.5,0.5,0.5,0.0,0.0,0.5,0.5,1.0,0.0
8.0,30.0,97.0,106.0,1.0,1.0,0.0,0.0,0.0,0.055637162,0.18460308,0.0,1.0
12.0,14.0,44.0,87.0,1.0,1.0,0.0,0.0,0.0,0.20832267,0.23293886,0.0,1.0
13.0,27.0,47.0,94.0,1.0,1.0,1.0,0.0,0.0,0.1670746,0.17512038,0.0,1.0
1.0,1.0,2.0,27.0,0.0,0.0,0.0,0.0,0.0,0.83537966,0.8524401,0.0,0.0
1.0,1.0,0.0,0.0,0.5,0.5,0.5,0.0,0.0,0.5,0.5,1.0,0.0
0.0,0.0,3.0,3.0,0.5,0.5,0.5,0.0,0.0,0.5,0.5,1.0,0.0
0.0,2.0,7.0,25.0,0.0,0.0,0.0,0.0,0.0,0.9249484,0.9836885,0.0,0.0
3.0,8.0,9.0,17.0,1.0,1.0,1.0,0.0,0.0,0.4672684,0.60763264,1.0,1.0
1.0,3.0,6.0,9.0,0.0,0.0,0.0,0.0,0.0,0.85674834,0.95087016,0.0,0.0
0.0,3.0,1.0,9.0,0.0,0.0,0.0,0.0,0.0,0.8868739,0.9246254,0.0,0.0
1.0,1.0,3.0,18.0,1.0,0.0,1.0,1.0,2378.0,0.8452094,0.7157158,0.0,1.0
1.0,2.0,2.0,27.0,0.0,0.0,0.0,0.0,0.0,0.8162533,0.96770126,0.0,0.0
1.0,5.0,14.0,15.0,1.0,0.0,1.0,0.0,0.0,0.34816727,0.36849046,1.0,1.0
1.0,2.0,4.0,7.0,0.0,0.0,0.0,0.0,0.0,0.9265081,0.92791295,0.0,0.0
1.0,0.0,3.0,14.0,0.0,0.0,0.0,0.0,0.0,0.8381919,0.9145454,0.0,0.0
0.0,1.0,5.0,27.0,0.0,0.0,0.0,0.0,0.0,0.8508893,0.97034496,0.0,0.0
1.0,0.0,8.0,24.0,0.0,0.0,0.0,0.0,0.0,0.9095898,0.8933006,0.0,0.0
0.0,2.0,9.0,10.0,0.0,1.0,1.0,0.0,0.0,0.4619687,0.8552347,0.0,1.0
0.0,1.0,1.0,11.0,0.0,0.0,0.0,0.0,0.0,0.9148302,0.91444886,0.0,0.0
0.0,2.0,2.0,19.0,0.0,0.0,0.0,0.0,0.0,0.8183142,0.91449696,0.0,0.0
1.0,3.0,7.0,14.0,0.0,0.0,0.0,0.0,0.0,0.90303123,0.93303204,0.0,0.0
0.0,3.0,5.0,16.0,0.0,0.0,0.0,0.0,0.0,0.9530797,0.95366794,0.0,0.0
8.0,39.0,47.0,129.0,1.0,0.0,1.0,0.0,0.0,0.29892144,0.29394424,0.0,1.0
1.0,1.0,7.0,4.0,1.0,1.0,1.0,0.0,0.0,0.8081496,0.45574895,1.0,1.0
1.0,1.0,7.0,9.0,0.0,0.0,0.0,0.0,0.0,0.86490244,0.98133063,0.0,0.0
10.0,39.0,72.0,126.0,1.0,1.0,1.0,0.0,0.0,0.090569995,0.16357553,0.0,1.0
2.0,1.0,10.0,20.0,1.0,0.0,1.0,1.0,4417.0,0.7885697,0.7797797,0.0,1.0
1.0,2.0,3.0,10.0,0.0,0.0,0.0,0.0,0.0,0.8580968,0.86560726,0.0,0.0
8.0,34.0,39.0,69.0,1.0,1.0,0.0,0.0,0.0,0.10311887,0.21762474,0.0,1.0
0.0,3.0,8.0,26.0,0.0,0.0,0.0,0.0,0.0,0.936896,0.85133094,0.0,0.0
1.0,7.0,8.0,4.0,0.0,1.0,1.0,0.0,0.0,0.42777932,0.6184443,1.0,1.0
0.0,1.0,2.0,23.0,0.0,0.0,0.0,0.0,0.0,0.93140167,0.899215,0.0,0.0
0.0,1.0,8.0,7.0,0.0,0.0,0.0,0.0,0.0,0.96732247,0.9232748,0.0,0.0
0.0,0.0,7.0,18.0,0.0,0.0,0.0,0.0,0.0,0.939333,0.98355746,0.0,0.0
1.0,3.0,7.0,17.0,0.0,0.0,0.0,0.0,0.0,0.9114237,0.96469706,0.0,0.0
1.0,3.0,4.0,15.0,0.0,0.0,0.0,0.0,0.0,0.9603273,0.8742878,0.0,0.0
1.0,3.0,8.0,6.0,0.0,0.0,0.0,0.0,0.0,0.96047604,0.90422076,0.0,0.0
1.0,0.0,6.0,20.0,0.0,0.0,0.0,0.0,0.0,0.8357665,0.8522458,0.0,0.0
2.0,8.0,15.0,20.0,1.0,0.0,1.0,0.0,0.0,0.53549904,0.83486253,1.0,1.0
0.0,1.0,1.0,8.0,0.0,0.0,0.0,0.0,0.0,0.8703235,0.9095032,0.0,0.0
1.0,1.0,3.0,25.0,0.0,0.0,0.0,0.0,0.0,0.85794735,0.89577097,0.0,0.0
5.0,37.0,72.0,66.0,1.0,1.0,0.0,0.0,0.0,0.18949081,0.14664105,0.0,1.0
1.0,3.0,6.0,16.0,0.0,0.0,0.0,0.0,0.0,0.8342882,0.8982335,0.0,0.0
0.0,7.0,14.0,10.0,1.0,0.0,0.0,0.0,0.0,0.59917873,0.8846884,1.0,0.0
1.0,3.0,1.0,28.0,0.0,0.0,0.0,0.0,0.0,0.8772681,0.87712586,0.0,0.0
2.0,5.0,13.0,7.0,0.0,0.0,1.0,0.0,0.0,0.3055131,0.8114172,1.0,1.0
0.0,0.0,5.0,20.0,0.0,0.0,0.0,0.0,0.0,0.9359051,0.9839383,0.0,0.0
0.0,0.0,7.0,8.0,1.0,0.0,1.0,1.0,4758.0,0.8431711,0.81090915,0.0,1.0
0.0,2.0,15.0,17.0,0.0,0.0,0.0,0.0,0.0,0.82813907,0.58368784,1.0,0.0
1.0,2.0,2.0,12.0,0.0,0.0,0.0,0.0,0.0,0.84046847,0.9492612,0.0,0.0
1.0,0.0,2.0,15.0,0.0,0.0,0.0,0.0,0.0,0.9311963,0.8632977,0.0,0.0
0.0,1.0,1.0,22.0,0.0,0.0,0.0,0.0,0.0,0.94456077,0.9499629,0.0,0.0
6.0,19.0,85.0,124.0,1.0,1.0,0.0,0.0,0.0,0.08304726,0.07063628,0.0,1.0
1.0,3.0,1.0,22.0,0.0,0.0,0.0,0.0,0.0,0.9691857,0.98591936,0.0,0.0
8.0,18.0,47.0,176.0,1.0,1.0,0.0,0.0,0.0,0.10427484,0.11446799,0.0,1.0
0.0,0.0,2.0,3.0,0.5,0.5,0.5,0.0,0.0,0.5,0.5,1.0,0.0
0.0,5.0,5.0,17.0,1.0,0.0,1.0,1.0,1713.0,0.9299343,0.8382179,0.0,1.0
0.0,0.0,9.0,24.0,1.0,0.0,1.0,1.0,4764.0,0.6531466,0.9134033,0.0,1.0
1.0,2.0,1.0,29.0,0.0,0.0,0.0,0.0,0.0,0.93112516,0.90677506,0.0,0.0
1.0,3.0,6.0,11.0,0.0,0.0,0.0,0.0,0.0,0.97653943,0.8834328,0.0,0.0
0.0,2.0,5.0,24.0,0.0,0.0,0.0,0.0,0.0,0.9302457,0.9222696,0.0,0.0
11.0,26.0,89.0,161.0,1.0,0.0,0.0,0.0,0.0,0.14694344,0.10611017,0.0,1.0
1.0,0.0,5.0,25.0,0.0,0.0,0.0,0.0,0.0,0.9361878,0.98675185,0.0,0.0
0.0,1.0,5.0,27.0,0.0,0.0,0.0,0.0,0.0,0.8814723,0.86261255,0.0,0.0
1.0,1.0,2.0,27.0,0.0,0.0,0.0,0.0,0.0,0.84467936,0.899804,0.0,0.0
0.0,0.0,3.0,25.0,1.0,0.0,1.0,1.0,2488.0,0.6990485,0.9089925,0.0,1.0
2.0,2.0,10.0,18.0,1.0,0.0,1.0,1.0,3803.0,0.74540347,0.90112644,0.0,1.0
0.0,3.0,6.0,28.0,0.0,0.0,0.0,0.0,0.0,0.94155705,0.91109514,0.0,0.0
0.0,3.0,8.0,22.0,0.0,0.0,0.0,0.0,0.0,0.82618284,0.8880098,0.0,0.0
0.0,0.0,0.0,0.0,0.5,0.5,0.5,0.0,0.0,0.5,0.5,1.0,0.0
9.0,19.0,30.0,99.0,1.0,1.0,0.0,0.0,0.0,0.26943752,0.2734668,0.0,1.0
0.0,3.0,5.0,29.0,0.0,0.0,0.0,0.0,0.0,0.95662,0.9076965,0.0,0.0
0.0,3.0,8.0,13.0,0.0,0.0,0.0,0.0,0.0,0.92608505,0.91887945,0.0,0.0
0.0,3.0,3.0,5.0,0.0,0.0,0.0,0.0,0.0,0.91155225,0.9009705,0.0,0.0
11.0,31.0,72.0,85.0,1.0,0.0,1.0,0.0,0.0,0.1546649,0.17427558,0.0,1.0
1.0,0.0,5.0,30.0,0.0,0.0,0.0,0.0,0.0,0.97184515,0.8807815,0.0,0.0
15.0,33.0,48.0,55.0,1.0,1.0,0.0,0.0,0.0,0.07159017,0.21663493,0.0,1.0
0.0,0.0,8.0,17.0,0.0,0.0,0.0,0.0,0.0,0.82069665,0.9712241,0.0,0.0
1.0,0.0,2.0,13.0,0.0,0.0,0.0,0.0,0.0,0.9118206,0.9771459,0.0,0.0
1.0,1.0,7.0,25.0,0.0,0.0,0.0,0.0,0.0,0.81641585,0.8633257,0.0,0.0
0.0,2.0,6.0,5.0,0.0,0.0,0.0,0.0,0.0,0.9560196,0.93361014,0.0,0.0
1.0,0.0,8.0,26.0,0.0,0.0,0.0,0.0,0.0,0.9510843,0.8726568,0.0,0.0
0.0,3.0,3.0,14.0,0.0,0.0,0.0,0.0,0.0,0.8004705,0.96351814,0.0,0.0
1.0,3.0,4.0,19.0,1.0,0.0,1.0,1.0,1689.0,0.64068043,0.7517875,0.0,1.0
5.0,21.0,64.0,179.0,1.0,0.0,1.0,0.0,0.0,0.06520081,0.24294966,0.0,1.0
1.0,2.0,7.0,29.0,0.0,0.0,0.0,0.0,0.0,0.9577521,0.9518713,0.0,0.0
0.0,2.0,6.0,6.0,0.0,0.0,0.0,0.0,0.0,0.86309993,0.9773149,0.0,0.0
0.0,1.0,7.0,24.0,0.0,0.0,0.0,0.0,0.0,0.92600256,0.95477974,0.0,0.0
2.0,5.0,9.0,5.0,1.0,0.0,1.0,1.0,2796.0,0.76828265,0.9105492,0.0,1.0
1.0,1.0,0.0,2.0,0.5,0.5,0.5,0.0,0.0,0.5,0.5,1.0,0.0
0.0,1.0,8.0,13.0,0.0,0.0,0.0,0.0,0.0,0.95078695,0.8776818,0.0,0.0
1.0,1.0,6.0,18.0,0.0,0.0,0.0,0.0,0.0,0.8586986,0.9666733,0.0,0.0
9.0,25.0,70.0,172.0,1.0,1.0,1.0,0.0,0.0,0.24385904,0.063214436,0.0,1.0
1.0,2.0,8.0,26.0,0.0,0.0,0.0,0.0,0.0,0.8211771,0.8709049,0.0,0.0
0.0,0.0,2.0,23.0,0.0,0.0,0.0,0.0,0.0,0.9727695,0.96822196,0.0,0.0
0.0,3.0,1.0,23.0,0.0,0.0,0.0,0.0,0.0,0.81063277,0.92435664,0.0,0.0
1.0,0.0,5.0,4.0,0.5,0.5,0.5,0.0,0.0,0.5,0.5,1.0,0.0
1.0,0.0,0.0,1.0,0.5,0.5,0.5,0.0,0.0,0.5,0.5,1.0,0.0
0.0,2.0,4.0,15.0,0.0,0.0,0.0,0.0,0.0,0.9740928,0.9821151,0.0,0.0
1.0,0.0,12.0,20.0,1.0,1.0,1.0,0.0,0.0,0.83758646,0.88176334,0.0,1.0
5.0,39.0,67.0,117.0,1.0,0.0,1.0,0.0,0.0,0.09617569,0.06443893,0.0,1.0
0.0,2.0,2.0,19.0,0.0,0.0,0.0,0.0,0.0,0.92769885,0.893094,0.0,0.0
1.0,0.0,7.0,20.0,0.0,0.0,0.0,0.0,0.0,0.89615273,0.97987574,0.0,0.0
5.0,15.0,73.0,138.0,1.0,1.0,0.0,0.0,0.0,0.08959707,0.2354242,0.0,1.0
8.0,18.0,67.0,125.0,1.0,1.0,1.0,0.0,0.0,0.26930228,0.25837848,0.0,1.0
1.0,0.0,6.0,25.0,0.0,0.0,0.0,0.0,0.0,0.8609706,0.95496255,0.0,0.0
12.0,32.0,64.0,51.0,1.0,1.0,0.0,0.0,0.0,0.21404319,0.287724,0.0,1.0
9.0,35.0,97.0,105.0,1.0,1.0,1.0,0.0,0.0,0.1274135,0.16789967,0.0,1.0
0.0,1.0,1.0,6.0,0.0,0.0,0.0,0.0,0.0,0.94354224,0.89334226,0.0,0.0
0.0,2.0,5.0,24.0,0.0,0.0,0.0,0.0,0.0,0.8166943,0.91275316,0.0,0.0
0.0,0.0,5.0,23.0,0.0,0.0,0.0,0.0,0.0,0.80054486,0.8849007,0.0,0.0
12.0,19.0,40.0,129.0,1.0,0.0,0.0,0.0,0.0,0.13114312,0.2845797,0.0,1.0
1.0,1.0,5.0,15.0,0.0,0.0,0.0,0.0,0.0,0.90857804,0.9473409,0.0,0.0
6.0,32.0,32.0,148.0,1.0,0.0,0.0,0.0,0.0,0.05341002,0.2880564,0.0,1.0
0.0,1.0,3.0,12.0,0.0,0.0,0.0,0.0,0.0,0.9186578,0.95404595,0.0,0.0
0.0,1.0,5.0,17.0,0.0,0.0,0.0,0.0,0.0,0.9763446,0.97657245,0.0,0.0
0.0,0.0,0.0,1.0,0.5,0.5,0.5,0.0,0.0,0.5,0.5,1.0,0.0
10.0,28.0,58.0,81.0,1.0,0.0,0.0,0.0,0.0,0.10918405,0.17350549,0.0,1.0
1.0,1.0,5.0,22.0,0.0,0.0,0.0,0.0,0.0,0.8390525,0.98616123,0.0,0.0
10.0,18.0,60.0,62.0,1.0,0.0,0.0,0.0,0.0,0.22278687,0.09714807,0.0,1.0
0.0,1.0,3.0,10.0,0.0,0.0,0.0,0.0,0.0,0.85361814,0.91491526,0.0,0.0
0.0,5.0,7.0,15.0,1.0,0.0,1.0,1.0,2477.0,0.6372928,0.7015066,0.0,1.0
0.0,2.0,1.0,21.0,1.0,0.0,1.0,1.0,2450.0,0.6492581,0.815383,0.0,1.0
0.0,1.0,3.0,24.0,0.0,0.0,0.0,0.0,0.0,0.9427774,0.8513047,0.0,0.0
1.0,1.0,4.0,27.0,0.0,0.0,0.0,0.0,0.0,0.9519093,0.97842985,0.0,0.0
6.0,32.0,91.0,112.0,1.0,1.0,0.0,0.0,0.0,0.16646416,0.17757018,0.0,1.0
0.0,3.0,5.0,20.0,0.0,1.0,0.0,0.0,0.0,0.5055656,0.4424554,0.0,0.0
1.0,3.0,7.0,26.0,0.0,0.0,0.0,0.0,0.0,0.8449976,0.98975,0.0,0.0
0.0,0.0,6.0,5.0,0.0,0.0,0.0,0.0,0.0,0.8805246,0.96135116,0.0,0.0
0.0,3.0,1.0,15.0,0.0,0.0,0.0,0.0,0.0,0.9152207,0.88544726,0.0,0.0
6.0,24.0,94.0,165.0,1.0,1.0,0.0,0.0,0.0,0.082165845,0.07417037,0.0,1.0
5.0,18.0,64.0,190.0,1.0,0.0,1.0,0.0,0.0,0.15952903,0.22456251,0.0,1.0
0.0,0.0,4.0,20.0,0.0,0.0,1.0,0.0,0.0,0.88807756,0.30496353,0.0,0.0
14.0,16.0,76.0,130.0,1.0,1.0,0.0,0.0,0.0,0.05120797,0.11154378,0.0,1.0
1.0,2.0,5.0,22.0,0.0,0.0,0.0,0.0,0.0,0.90895325,0.97870576,0.0,0.0
1.0,1.0,5.0,3.0,0.5,0.5,0.5,0.0,0.0,0.5,0.5,1.0,0.0
1.0,0.0,3.0,23.0,0.0,0.0,0.0,0.0,0.0,0.8104058,0.93842506,0.0,0.0
0.0,3.0,6.0,27.0,0.0,0.0,0.0,0.0,0.0,0.970768,0.89430857,0.0,0.0
1.0,1.0,5.0,9.0,0.0,0.0,0.0,0.0,0.0,0.82221305,0.9280489,0.0,0.0
0.0,0.0,4.0,13.0,0.0,0.0,0.0,0.0,0.0,0.899491,0.8932976,0.0,0.0
0.0,1.0,1.0,1.0,0.5,0.5,0.5,0.0,0.0,0.5,0.5,1.0,0.0
5.0,38.0,91.0,137.0,1.0,0.0,0.0,0.0,0.0,0.20178747,0.066168524,0.0,1.0
0.0,3.0,5.0,20.0,0.0,0.0,0.0,0.0,0.0,0.8511961,0.9484031,0.0,0.0
3.0,5.0,10.0,4.0,0.0,1.0,1.0,0.0,0.0,0.4815044,0.5368181,1.0,1.0
15.0,21.0,33.0,123.0,1.0,1.0,0.0,0.0,0.0,0.08170533,0.069215566,0.0,1.0
1.0,0.0,1.0,30.0,0.0,0.0,0.0,0.0,0.0,0.96752614,0.95019424,0.0,0.0
1.0,2.0,1.0,26.0,0.0,0.0,0.0,0.0,0.0,0.8800669,0.9256679,0.0,0.0
1.0,0.0,4.0,2.0,0.5,0.5,0.5,0.0,0.0,0.5,0.5,1.0,0.0
1.0,1.0,1.0,1.0,0.5,0.5,0.5,0.0,0.0,0.5,0.5,1.0,0.0
12.0,24.0,40.0,80.0,1.0,1.0,1.0,0.0,0.0,0.084276386,0.22979009,0.0,1.0
0.0,2.0,3.0,25.0,0.0,0.0,0.0,0.0,0.0,0.97636366,0.8726215,0.0,0.0
0.0,2.0,4.0,23.0,0.0,0.0,0.0,0.0,0.0,0.8277634,0.90501314,0.0,0.0
7.0,37.0,56.0,174.0,1.0,1.0,1.0,0.0,0.0,0.15593433,0.23676981,0.0,1.0
1.0,2.0,8.0,25.0,0.0,0.0,0.0,0.0,0.0,0.9323939,0.9440914,0.0,0.0
0.0,1.0,1.0,20.0,0.0,0.0,0.0,0.0,0.0,0.96259266,0.85706383,0.0,0.0
1.0,2.0,6.0,7.0,0.0,0.0,0.0,0.0,0.0,0.9595683,0.8596446,0.0,0.0
1.0,0.0,8.0,12.0,0.0,0.0,0.0,0.0,0.0,0.8850623,0.85632473,0.0,0.0
0.0,2.0,2.0,24.0,0.0,0.0,0.0,0.0,0.0,0.8175251,0.8945037,0.0,0.0
1.0,1.0,7.0,18.0,1.0,1.0,1.0,0.0,0.0,0.89630836,0.8332545,1.0,1.0
0.0,0.0,3.0,12.0,0.0,0.0,0.0,0.0,0.0,0.8825353,0.88481015,0.0,0.0
0.0,2.0,5.0,6.0,0.0,0.0,0.0,0.0,0.0,0.913274,0.93093973,0.0,0.0
0.0,5.0,7.0,12.0,1.0,0.0,1.0,1.0,2372.0,0.6302895,0.84933275,0.0,1.0
0.0,3.0,7.0,15.0,0.0,0.0,0.0,0.0,0.0,0.80374885,0.9864119,0.0,0.0
1.0,8.0,3.0,20.0,0.0,1.0,1.0,0.0,0.0,0.87507755,0.43911332,1.0,1.0
1.0,7.0,14.0,14.0,1.0,1.0,1.0,0.0,0.0,0.66815704,0.88645667,1.0,1.0
0.0,0.0,6.0,7.0,0.0,0.0,0.0,0.0,0.0,0.8770614,0.95085317,0.0,0.0
0.0,0.0,8.0,13.0,0.0,0.0,0.0,0.0,0.0,0.89567435,0.85261536,0.0,0.0
0.0,2.0,1.0,16.0,1.0,0.0,1.0,1.0,4228.0,0.60888976,0.8521996,0.0,1.0
1.0,0.0,3.0,18.0,0.0,0.0,0.0,0.0,0.0,0.8957081,0.90368605,0.0,0.0
1.0,2.0,11.0,8.0,0.0,1.0,1.0,0.0,0.0,0.38390288,0.31651878,0.0,1.0
2.0,2.0,4.0,20.0,1.0,1.0,0.0,0.0,0.0,0.7881255,0.58445215,0.0,0.0
0.0,1.0,1.0,7.0,1.0,0.0,1.0,1.0,3801.0,0.73815155,0.9799138,0.0,1.0
9.0,34.0,46.0,197.0,1.0,0.0,0.0,0.0,0.0,0.29179358,0.11219503,0.0,1.0
1.0,2.0,3.0,10.0,0.0,0.0,0.0,0.0,0.0,0.94903076,0.975224,0.0,0.0
1.0,3.0,5.0,26.0,0.0,0.0,0.0,0.0,0.0,0.8076816,0.9868404,0.0,0.0
0.0,1.0,2.0,27.0,0.0,0.0,0.0,0.0,0.0,0.93971425,0.91407514,0.0,0.0
1.0,2.0,5.0,21.0,0.0,0.0,0.0,0.0,0.0,0.9773879,0.9451019,0.0,0.0
0.0,1.0,1.0,5.0,0.0,0.0,0.0,0.0,0.0,0.80559754,0.8669506,0.0,0.0
0.0,0.0,3.0,22.0,0.0,0.0,0.0,0.0,0.0,0.8384753,0.89123636,0.0,0.0
0.0,3.0,4.0,15.0,0.0,0.0,0.0,0.0,0.0,0.85457385,0.97725916,0.0,0.0
0.0,0.0,2.0,2.0,0.5,0.5,0.5,0.0,0.0,0.5,0.5,1.0,0.0
1.0,0.0,2.0,17.0,0.0,0.0,0.0,0.0,0.0,0.9242624,0.91215813,0.0,0.0
0.0,0.0,3.0,20.0,0.0,0.0,0.0,0.0,0.0,0.92186016,0.9558155,0.0,0.0
0.0,3.0,3.0,18.0,0.0,0.0,0.0,0.0,0.0,0.8467679,0.981935,0.0,0.0
1.0,3.0,6.0,25.0,0.0,0.0,0.0,0.0,0.0,0.91969913,0.8712256,0.0,0.0
0.0,8.0,9.0,14.0,1.0,1.0,1.0,0.0,0.0,0.6399437,0.47945073,0.0,1.0
0.0,3.0,4.0,6.0,0.0,0.0,0.0,0.0,0.0,0.9741663,0.9725663,0.0,0.0
0.0,3.0,8.0,28.0,0.0,0.0,0.0,0.0,0.0,0.9605566,0.92812604,0.0,0.0
0.0,2.0,5.0,4.0,0.5,0.5,0.5,0.0,0.0,0.5,0.5,1.0,0.0
1.0,2.0,5.0,24.0,0.0,0.0,0.0,0.0,0.0,0.8577931,0.95965767,0.0,0.0
2.0,7.0,5.0,5.0,1.0,1.0,1.0,0.0,0.0,0.5093155,0.68509555,1.0,1.0
1.0,1.0,6.0,5.0,0.0,0.0,0.0,0.0,0.0,0.97475994,0.8574159,0.0,0.0
1.0,0.0,4.0,0.0,0.5,0.5,0.5,0.0,0.0,0.5,0.5,1.0,0.0
1.0,2.0,2.0,15.0,0.0,0.0,0.0,0.0,0.0,0.8612513,0.88657063,0.0,0.0
1.0,0.0,7.0,30.0,0.0,0.0,0.0,0.0,0.0,0.8269831,0.87697077,0.0,0.0
1.0,0.0,4.0,16.0,0.0,0.0,0.0,0.0,0.0,0.85129774,0.91134584,0.0,0.0
1.0,0.0,10.0,8.0,1.0,0.0,1.0,1.0,4262.0,0.8430812,0.96124095,0.0,1.0
1.0,6.0,15.0,5.0,1.0,0.0,0.0,0.0,0.0,0.64001757,0.80966544,1.0,0.0
0.0,2.0,4.0,0.0,0.5,0.5,0.5,0.0,0.0,0.5,0.5,1.0,0.0
1.0,1.0,2.0,1.0,0.5,0.5,0.5,0.0,0.0,0.5,0.5,1.0,0.0
0.0,2.0,5.0,20.0,0.0,0.0,0.0,0.0,0.0,0.8963178,0.9462878,0.0,0.0
3.0,0.0,10.0,10.0,0.0,0.0,0.0,0.0,0.0,0.53591067,0.8818023,1.0,0.0
0.0,0.0,4.0,30.0,0.0,0.0,0.0,0.0,0.0,0.923723,0.9507303,0.0,0.0
0.0,0.0,2.0,11.0,0.0,0.0,0.0,0.0,0.0,0.8940202,0.8510167,0.0,0.0
1.0,1.0,0.0,1.0,0.5,0.5,0.5,0.0,0.0,0.5,0.5,1.0,0.0
3.0,8.0,1.0,18.0,0.0,0.0,1.0,0.0,0.0,0.85418206,0.73946464,1.0,1.0
0.0,1.0,3.0,14.0,0.0,0.0,0.0,0.0,0.0,0.95958716,0.985133,0.0,0.0
2.0,4.0,10.0,14.0,1.0,0.0,1.0,1.0,4800.0,0.8315202,0.7088554,0.0,1.0
2.0,4.0,6.0,4.0,0.0,0.0,0.0,0.0,0.0,0.8021605,0.5093261,0.0,0.0
0.0,0.0,1.0,2.0,0.5,0.5,0.5,0.0,0.0,0.5,0.5,1.0,0.0
1.0,1.0,2.0,8.0,0.0,0.0,0.0,0.0,0.0,0.9331247,0.88402677,0.0,0.0
0.0,0.0,2.0,23.0,0.0,0.0,0.0,0.0,0.0,0.9612666,0.88238263,0.0,0.0
1.0,0.0,7.0,10.0,0.0,0.0,0.0,0.0,0.0,0.81029713,0.8912339,0.0,0.0
0.0,2.0,10.0,15.0,1.0,0.0,1.0,1.0,2378.0,0.6352876,0.9369682,0.0,1.0
1.0,3.0,9.0,8.0,1.0,0.0,1.0,1.0,1709.0,0.75701886,0.75598323,0.0,1.0
0.0,2.0,6.0,13.0,0.0,0.0,0.0,0.0,0.0,0.94308853,0.8610627,0.0,0.0
0.0,0.0,0.0,0.0,0.5,0.5,0.5,0.0,0.0,0.5,0.5,1.0,0.0
0.0,0.0,3.0,17.0,0.0,0.0,0.0,0.0,0.0,0.89954585,0.9377842,0.0,0.0
0.0,0.0,7.0,21.0,1.0,0.0,1.0,1.0,1603.0,0.67983013,0.76293314,0.0,1.0
1.0,2.0,8.0,25.0,0.0,0.0,0.0,0.0,0.0,0.94013125,0.97856253,0.0,0.0
1.0,3.0,2.0,18.0,0.0,0.0,0.0,0.0,0.0,0.9239464,0.9368324,0.0,0.0
1.0,1.0,3.0,14.0,0.0,0.0,0.0,0.0,0.0,0.8364586,0.9775096,0.0,0.0
6.0,24.0,48.0,90.0,1.0,1.0,0.0,0.0,0.0,0.25637996,0.15165775,0.0,1.0
0.0,3.0,4.0,13.0,0.0,0.0,0.0,0.0,0.0,0.9694415,0.95389074,0.0,0.0
0.0,3.0,8.0,23.0,0.0,0.0,0.0,0.0,0.0,0.97426754,0.96092767,0.0,0.0
0.0,2.0,4.0,1.0,0.5,0.5,0.5,0.0,0.0,0.5,0.5,1.0,0.0
0.0,3.0,4.0,24.0,0.0,0.0,0.0,0.0,0.0,0.89148337,0.97310567,0.0,0.0
6.0,39.0,84.0,83.0,1.0,1.0,0.0,0.0,0.0,0.10723671,0.07233277,0.0,1.0
0.0,0.0,2.0,1.0,0.5,0.5,0.5,0.0,0.0,0.5,0.5,1.0,0.0
0.0,2.0,7.0,19.0,0.0,0.0,0.0,0.0,0.0,0.87937516,0.95276886,0.0,0.0
1.0,2.0,0.0,4.0,0.5,0.5,0.5,0.0,0.0,0.5,0.5,1.0,0.0
0.0,2.0,3.0,17.0,0.0,0.0,0.0,0.0,0.0,0.9767306,0.90659976,0.0,0.0
1.0,5.0,3.0,16.0,1.0,0.0,1.0,1.0,4472.0,0.87221575,0.8373866,0.0,1.0
1.0,1.0,8.0,7.0,1.0,0.0,1.0,1.0,2367.0,0.72313166,0.8560881,0.0,1.0
6.0,34.0,57.0,176.0,1.0,1.0,0.0,0.0,0.0,0.2988291,0.06913341,0.0,1.0
1.0,3.0,5.0,12.0,0.0,0.0,0.0,0.0,0.0,0.9286881,0.97578335,0.0,0.0
0.0,3.0,8.0,20.0,0.0,0.0,0.0,0.0,0.0,0.8379267,0.87257445,0.0,0.0
0.0,2.0,6.0,17.0,0.0,0.0,0.0,0.0,0.0,0.8549987,0.86101747,0.0,0.0
6.0,14.0,37.0,130.0,1.0,1.0,0.0,0.0,0.0,0.2885266,0.23992305,0.0,1.0
0.0,1.0,0.0,4.0,0.5,0.5,0.5,0.0,0.0,0.5,0.5,1.0,0.0
1.0,2.0,7.0,15.0,0.0,0.0,0.0,0.0,0.0,0.9365159,0.8799499,0.0,0.0
1.0,2.0,2.0,29.0,0.0,0.0,0.0,0.0,0.0,0.8681163,0.9576709,0.0,0.0
0.0,0.0,8.0,6.0,0.0,0.0,0.0,0.0,0.0,0.8086488,0.8630495,0.0,0.0
2.0,0.0,13.0,8.0,1.0,1.0,1.0,0.0,0.0,0.4088935,0.6511978,1.0,1.0
1.0,2.0,6.0,24.0,0.0,0.0,0.0,0.0,0.0,0.9769891,0.92663866,0.0,0.0
1.0,2.0,2.0,1.0,0.5,0.5,0.5,0.0,0.0,0.5,0.5,1.0,0.0
0.0,0.0,1.0,30.0,0.0,0.0,0.0,0.0,0.0,0.93015623,0.86170876,0.0,0.0
2.0,7.0,10.0,19.0,1.0,1.0,0.0,0.0,0.0,0.7461933,0.58480465,1.0,1.0
0.0,1.0,3.0,2.0,0.5,0.5,0.5,0.0,0.0,0.5,0.5,1.0,0.0
1.0,3.0,3.0,27.0,0.0,0.0,0.0,0.0,0.0,0.9651076,0.8962459,0.0,0.0
1.0,1.0,8.0,18.0,0.0,0.0,0.0,0.0,0.0,0.83356255,0.861107,0.0,0.0
0.0,1.0,5.0,26.0,0.0,0.0,0.0,0.0,0.0,0.9748724,0.9665091,0.0,0.0
1.0,2.0,1.0,0.0,0.5,0.5,0.5,0.0,0.0,0.5,0.5,1.0,0.0
1.0,1.0,5.0,24.0,0.0,0.0,0.0,0.0,0.0,0.8607898,0.9529595,0.0,0.0
0.0,1.0,7.0,8.0,0.0,0.0,0.0,0.0,0.0,0.9511426,0.9417717,0.0,0.0
0.0,2.0,4.0,30.0,0.0,0.0,0.0,0.0,0.0,0.85340124,0.9537973,0.0,0.0
2.0,1.0,7.0,13.0,1.0,0.0,1.0,1.0,4616.0,0.6355263,0.91844463,0.0,1.0
0.0,6.0,14.0,12.0,0.0,0.0,0.0,0.0,0.0,0.5518895,0.876711,0.0,0.0
13.0,25.0,75.0,74.0,1.0,1.0,0.0,0.0,0.0,0.09148229,0.16681749,0.0,1.0
1.0,0.0,4.0,26.0,0.0,0.0,0.0,0.0,0.0,0.8755833,0.9745599,0.0,0.0
0.0,1.0,2.0,11.0,0.0,0.0,0.0,0.0,0.0,0.47868842,0.86207205,0.0,0.0
0.0,1.0,6.0,18.0,0.0,0.0,0.0,0.0,0.0,0.9719802,0.9223106,0.0,0.0
2.0,2.0,5.0,16.0,1.0,0.0,1.0,1.0,4264.0,0.86334753,0.97550684,0.0,1.0
6.0,37.0,44.0,191.0,1.0,0.0,1.0,0.0,0.0,0.16288874,0.1071234,0.0,1.0
1.0,2.0,5.0,18.0,0.0,0.0,0.0,0.0,0.0,0.84332246,0.8808613,0.0,0.0
1.0,3.0,3.0,24.0,0.0,0.0,0.0,0.0,0.0,0.9591644,0.8592047,0.0,0.0
0.0,0.0,2.0,27.0,0.0,0.0,0.0,0.0,0.0,0.9502017,0.9687675,0.0,0.0
8.0,13.0,63.0,159.0,1.0,1.0,0.0,0.0,0.0,0.06344552,0.08194671,0.0,1.0
11.0,35.0,97.0,135.0,1.0,1.0,0.0,0.0,0.0,0.19338426,0.08567113,0.0,1.0
3.0,8.0,9.0,16.0,1.0,1.0,0.0,0.0,0.0,0.82103837,0.50257576,1.0,1.0
1.0,0.0,0.0,0.0,0.5,0.5,0.5,0.0,0.0,0.5,0.5,1.0,0.0
0.0,2.0,2.0,21.0,0.0,0.0,0.0,0.0,0.0,0.88836926,0.93436396,0.0,0.0
0.0,6.0,1.0,19.0,1.0,0.0,0.0,0.0,0.0,0.32004717,0.5230833,0.0,0.0
0.0,2.0,0.0,3.0,0.5,0.5,0.5,0.0,0.0,0.5,0.5,1.0,0.0
0.0,3.0,2.0,20.0,0.0,0.0,0.0,0.0,0.0,0.8012439,0.95772266,0.0,0.0
0.0,0.0,3.0,2.0,0.5,0.5,0.5,0.0,0.0,0.5,0.5,1.0,0.0
12.0,25.0,93.0,130.0,1.0,1.0,0.0,0.0,0.0,0.19833711,0.069348484,0.0,1.0
2.0,0.0,8.0,16.0,1.0,1.0,0.0,0.0,0.0,0.87343216,0.76314235,1.0,1.0
8.0,26.0,87.0,192.0,1.0,0.0,1.0,0.0,0.0,0.084737554,0.26843756,0.0,1.0
0.0,1.0,6.0,19.0,0.0,0.0,0.0,0.0,0.0,0.9397805,0.94701135,0.0,0.0
1.0,0.0,4.0,3.0,0.5,0.5,0.5,0.0,0.0,0.5,0.5,1.0,0.0
0.0,2.0,8.0,6.0,0.0,0.0,0.0,0.0,0.0,0.83645886,0.41221786,0.0,0.0
1.0,3.0,6.0,30.0,0.0,0.0,0.0,0.0,0.0,0.92119515,0.9470512,0.0,0.0
1.0,2.0,8.0,18.0,1.0,0.0,1.0,1.0,2576.0,0.74030477,0.7729953,0.0,1.0
0.0,2.0,5.0,8.0,0.0,0.0,0.0,0.0,0.0,0.86282974,0.8752583,0.0,0.0
0.0,3.0,2.0,9.0,0.0,0.0,0.0,0.0,0.0,0.93051326,0.98983496,0.0,0.0
0.0,1.0,1.0,0.0,0.5,0.5,0.5,0.0,0.0,0.5,0.5,1.0,0.0
1.0,1.0,5.0,13.0,0.0,0.0,0.0,0.0,0.0,0.8318708,0.95766747,0.0,0.0
1.0,0.0,1.0,26.0,0.0,0.0,0.0,0.0,0.0,0.82310915,0.9707803,0.0,0.0
0.0,2.0,2.0,26.0,0.0,0.0,0.0,0.0,0.0,0.8241106,0.8665006,0.0,0.0
0.0,0.0,8.0,23.0,0.0,0.0,0.0,0.0,0.0,0.94658667,0.8759893,0.0,0.0
1.0,3.0,2.0,28.0,0.0,0.0,0.0,0.0,0.0,0.96655226,0.9868995,0.0,0.0
0.0,0.0,8.0,22.0,0.0,0.0,0.0,0.0,0.0,0.94905293,0.9372057,0.0,0.0
1.0,2.0,5.0,24.0,0.0,0.0,0.0,0.0,0.0,0.8924332,0.8938272,0.0,0.0
0.0,0.0,8.0,11.0,0.0,0.0,0.0,0.0,0.0,0.93117476,0.8677326,0.0,0.0
0.0,3.0,10.0,14.0,1.0,0.0,1.0,1.0,2899.0,0.8210993,0.742006,0.0,1.0
1.0,3.0,2.0,9.0,1.0,0.0,1.0,1.0,3427.0,0.6106687,0.90873986,0.0,1.0
0.0,3.0,5.0,5.0,0.0,0.0,0.0,0.0,0.0,0.8258697,0.9687242,0.0,0.0
0.0,1.0,1.0,9.0,0.0,0.0,0.0,0.0,0.0,0.85636425,0.98122114,0.0,0.0
1.0,3.0,8.0,25.0,0.0,0.0,0.0,0.0,0.0,0.8304418,0.92353314,0.0,0.0
1.0,1.0,3.0,12.0,0.0,0.0,0.0,0.0,0.0,0.92654705,0.86024094,0.0,0.0
1.0,3.0,2.0,9.0,0.0,0.0,0.0,0.0,0.0,0.951744,0.9332508,0.0,0.0
0.0,1.0,3.0,13.0,0.0,0.0,0.0,0.0,0.0,0.8313396,0.89220744,0.0,0.0
1.0,0.0,7.0,12.0,0.0,0.0,0.0,0.0,0.0,0.92594373,0.87326646,0.0,0.0
1.0,2.0,8.0,16.0,0.0,0.0,0.0,0.0,0.0,0.9335947,0.91726285,0.0,0.0
13.0,37.0,58.0,168.0,1.0,0.0,1.0,0.0,0.0,0.12234142,0.13080221,0.0,1.0
0.0,1.0,2.0,24.0,0.0,0.0,0.0,0.0,0.0,0.812233,0.97065467,0.0,0.0
1.0,0.0,2.0,23.0,0.0,0.0,0.0,0.0,0.0,0.90283155,0.96572423,0.0,0.0
11.0,37.0,48.0,95.0,1.0,0.0,0.0,0.0,0.0,0.095755436,0.12640958,0.0,1.0
1.0,2.0,1.0,8.0,0.0,0.0,0.0,0.0,0.0,0.82099295,0.86708724,0.0,0.0
1.0,3.0,7.0,27.0,0.0,0.0,0.0,0.0,0.0,0.8105838,0.93540627,0.0,0.0
1.0,3.0,8.0,18.0,0.0,0.0,0.0,0.0,0.0,0.9278256,0.91213924,0.0,0.0
0.0,1.0,5.0,27.0,0.0,0.0,0.0,0.0,0.0,0.92135715,0.9741313,0.0,0.0
0.0,0.0,5.0,16.0,0.0,0.0,0.0,0.0,0.0,0.88133544,0.9263969,0.0,0.0
0.0,3.0,2.0,15.0,0.0,0.0,0.0,0.0,0.0,0.8252963,0.9047271,0.0,0.0
0.0,3.0,1.0,13.0,0.0,0.0,0.0,0.0,0.0,0.83065754,0.8897619,0.0,0.0
1.0,0.0,1.0,7.0,0.0,0.0,0.0,0.0,0.0,0.8355951,0.94043815,0.0,0.0
1.0,1.0,2.0,11.0,0.0,0.0,0.0,0.0,0.0,0.8807297,0.8661349,0.0,0.0
5.0,24.0,79.0,156.0,1.0,1.0,0.0,0.0,0.0,0.05324131,0.11283528,0.0,1.0
2.0,0.0,9.0,16.0,1.0,0.0,1.0,1.0,1655.0,0.8797628,0.87382406,0.0,1.0
2.0,2.0,1.0,25.0,1.0,0.0,1.0,1.0,2239.0,0.7998506,0.7403097,0.0,1.0
11.0,34.0,67.0,153.0,1.0,0.0,0.0,0.0,0.0,0.21693665,0.28392953,0.0,1.0
0.0,3.0,2.0,23.0,0.0,0.0,0.0,0.0,0.0,0.91909486,0.87241614,0.0,0.0
6.0,16.0,78.0,175.0,1.0,0.0,0.0,0.0,0.0,0.19214933,0.2905411,0.0,1.0
1.0,1.0,7.0,22.0,0.0,0.0,0.0,0.0,0.0,0.94108194,0.9175455,0.0,0.0
2.0,3.0,4.0,4.0,0.0,0.0,0.0,0.0,0.0,0.58721596,0.32530552,0.0,0.0
0.0,3.0,2.0,23.0,0.0,0.0,0.0,0.0,0.0,0.9286858,0.92377245,0.0,0.0
1.0,1.0,3.0,17.0,0.0,0.0,0.0,0.0,0.0,0.8559443,0.941756,0.0,0.0
0.0,1.0,7.0,18.0,0.0,0.0,0.0,0.0,0.0,0.8770383,0.897542,0.0,0.0
5.0,34.0,97.0,161.0,1.0,1.0,1.0,0.0,0.0,0.07962809,0.22839093,0.0,1.0
1.0,5.0,10.0,13.0,1.0,0.0,1.0,1.0,3045.0,0.7157888,0.83152413,0.0,1.0
1.0,1.0,1.0,5.0,0.0,0.0,0.0,0.0,0.0,0.8078476,0.8560743,0.0,0.0
0.0,4.0,4.0,16.0,1.0,0.0,1.0,1.0,1204.0,0.88870454,0.9810458,0.0,1.0
0.0,1.0,4.0,0.0,0.5,0.5,0.5,0.0,0.0,0.5,0.5,1.0,0.0
11.0,37.0,45.0,76.0,1.0,0.0,1.0,0.0,0.0,0.2394851,0.194953,0.0,1.0
1.0,0.0,4.0,2.0,0.5,0.5,0.5,0.0,0.0,0.5,0.5,1.0,0.0
0.0,3.0,1.0,17.0,0.0,0.0,0.0,0.0,0.0,0.87491536,0.894653,0.0,0.0
2.0,3.0,2.0,13.0,1.0,0.0,1.0,1.0,3808.0,0.7817581,0.8855421,0.0,1.0
5.0,19.0,73.0,166.0,1.0,0.0,1.0,0.0,0.0,0.28223678,0.07036148,0.0,1.0
1.0,2.0,1.0,22.0,0.0,0.0,0.0,0.0,0.0,0.92559344,0.85110873,0.0,0.0
1.0,2.0,7.0,13.0,0.0,0.0,0.0,0.0,0.0,0.80304325,0.9806683,0.0,0.0
3.0,6.0,2.0,4.0,1.0,0.0,1.0,0.0,0.0,0.6596972,0.74618775,0.0,1.0
0.0,1.0,2.0,8.0,0.0,0.0,0.0,0.0,0.0,0.8632114,0.9609841,0.0,0.0
0.0,0.0,8.0,21.0,0.0,0.0,0.0,0.0,0.0,0.8205125,0.8504972,0.0,0.0
0.0,0.0,4.0,9.0,0.0,0.0,0.0,0.0,0.0,0.9055418,0.9720961,0.0,0.0
0.0,0.0,5.0,24.0,0.0,0.0,0.0,0.0,0.0,0.8596548,0.8653544,0.0,0.0
2.0,1.0,5.0,11.0,1.0,0.0,1.0,1.0,3789.0,0.8949906,0.83501714,0.0,1.0
3.0,8.0,12.0,4.0,1.0,1.0,1.0,0.0,0.0,0.7380679,0.3169663,1.0,1.0
0.0,0.0,8.0,28.0,0.0,0.0,0.0,0.0,0.0,0.95701164,0.8790723,0.0,0.0
0.0,6.0,2.0,17.0,0.0,1.0,0.0,0.0,0.0,0.86898273,0.8385359,0.0,0.0
1.0,3.0,5.0,20.0,0.0,0.0,0.0,0.0,0.0,0.9468348,0.9015701,0.0,0.0
5.0,23.0,76.0,54.0,1.0,1.0,1.0,0.0,0.0,0.1755213,0.26693955,0.0,1.0
1.0,0.0,2.0,25.0,1.0,0.0,1.0,1.0,2192.0,0.9397564,0.8118738,0.0,1.0
0.0,5.0,1.0,19.0,1.0,0.0,1.0,1.0,4193.0,0.64894336,0.8931644,0.0,1.0
0.0,1.0,0.0,3.0,0.5,0.5,0.5,0.0,0.0,0.5,0.5,1.0,0.0
0.0,3.0,7.0,16.0,0.0,0.0,0.0,0.0,0.0,0.93154746,0.85172665,0.0,0.0
9.0,16.0,96.0,187.0,1.0,1.0,0.0,0.0,0.0,0.25739577,0.20761949,0.0,1.0
2.0,3.0,7.0,20.0,1.0,0.0,1.0,1.0,1754.0,0.6161606,0.7067091,0.0,1.0
0.0,2.0,8.0,29.0,0.0,0.0,0.0,0.0,0.0,0.81692505,0.8860875,0.0,0.0
1.0,3.0,2.0,10.0,0.0,0.0,0.0,0.0,0.0,0.8198301,0.9276114,0.0,0.0
1.0,3.0,2.0,20.0,0.0,0.0,0.0,0.0,0.0,0.8014016,0.85160553,0.0,0.0
1.0,8.0,10.0,7.0,0.0,1.0,1.0,0.0,0.0,0.3705961,0.7201253,1.0,1.0
1.0,0.0,6.0,15.0,0.0,0.0,0.0,0.0,0.0,0.94005275,0.87048614,0.0,0.0
1.0,0.0,6.0,10.0,0.0,0.0,0.0,0.0,0.0,0.9368752,0.9334322,0.0,0.0
0.0,0.0,1.0,28.0,0.0,0.0,0.0,0.0,0.0,0.9368465,0.93048894,0.0,0.0
1.0,3.0,2.0,9.0,0.0,0.0,0.0,0.0,0.0,0.95650256,0.9667402,0.0,0.0
2.0,1.0,15.0,8.0,1.0,1.0,1.0,0.0,0.0,0.4061371,0.6569351,1.0,1.0
1.0,0.0,4.0,24.0,0.0,0.0,0.0,0.0,0.0,0.9291225,0.8850752,0.0,0.0
0.0,1.0,5.0,18.0,0.0,0.0,0.0,0.0,0.0,0.8344368,0.96283346,0.0,0.0
0.0,0.0,7.0,7.0,0.0,0.0,0.0,0.0,0.0,0.8663537,0.95861155,0.0,0.0
7.0,23.0,98.0,97.0,1.0,0.0,0.0,0.0,0.0,0.22922604,0.27526754,0.0,1.0
1.0,2.0,3.0,13.0,0.0,0.0,0.0,0.0,0.0,0.86137694,0.97207594,0.0,0.0
1.0,1.0,0.0,3.0,0.5,0.5,0.5,0.0,0.0,0.5,0.5,1.0,0.0
1.0,3.0,7.0,24.0,0.0,0.0,0.0,0.0,0.0,0.83236355,0.9213181,0.0,0.0
0.0,0.0,4.0,8.0,0.0,0.0,0.0,0.0,0.0,0.972164,0.889454,0.0,0.0
2.0,3.0,2.0,11.0,1.0,0.0,1.0,1.0,3202.0,0.89006203,0.9548048,0.0,1.0
1.0,3.0,5.0,13.0,0.0,0.0,0.0,0.0,0.0,0.86872846,0.940949,0.0,0.0
1.0,1.0,2.0,19.0,0.0,0.0,0.0,0.0,0.0,0.92877203,0.8644602,0.0,0.0
1.0,2.0,5.0,0.0,0.5,0.5,0.5,0.0,0.0,0.5,0.5,1.0,0.0
1.0,0.0,5.0,26.0,0.0,0.0,0.0,0.0,0.0,0.92212754,0.9181286,0.0,0.0
0.0,3.0,12.0,6.0,0.0,1.0,1.0,0.0,0.0,0.3756339,0.31885964,0.0,1.0
2.0,1.0,8.0,16.0,1.0,1.0,1.0,0.0,0.0,0.7527569,0.39156234,1.0,1.0
3.0,2.0,11.0,18.0,1.0,1.0,0.0,0.0,0.0,0.7831616,0.8651483,1.0,1.0
0.0,2.0,1.0,26.0,0.0,0.0,0.0,0.0,0.0,0.86398727,0.88576883,0.0,0.0
0.0,0.0,7.0,25.0,0.0,0.0,0.0,0.0,0.0,0.9531645,0.9735478,0.0,0.0
1.0,2.0,4.0,3.0,0.5,0.5,0.5,0.0,0.0,0.5,0.5,1.0,0.0
1.0,0.0,3.0,13.0,0.0,0.0,0.0,0.0,0.0,0.8150475,0.861063,0.0,0.0
2.0,4.0,9.0,7.0,1.0,0.0,1.0,1.0,1570.0,0.9316456,0.9480706,0.0,1.0
2.0,6.0,10.0,17.0,0.0,1.0,0.0,0.0,0.0,0.7673647,0.5925485,0.0,0.0
1.0,6.0,15.0,13.0,0.0,1.0,0.0,0.0,0.0,0.8143399,0.60554016,1.0,0.0
0.0,3.0,4.0,14.0,1.0,0.0,1.0,1.0,4321.0,0.7884469,0.7618331,0.0,1.0
1.0,0.0,1.0,21.0,0.0,0.0,0.0,0.0,0.0,0.8577852,0.96716845,0.0,0.0
1.0,0.0,8.0,25.0,0.0,0.0,0.0,0.0,0.0,0.9496649,0.8829501,0.0,0.0
0.0,3.0,9.0,19.0,1.0,0.0,1.0,1.0,2063.0,0.6934708,0.89728016,0.0,1.0
1.0,1.0,2.0,1.0,0.5,0.5,0.5,0.0,0.0,0.5,0.5,1.0,0.0
5.0,35.0,65.0,112.0,1.0,0.0,0.0,0.0,0.0,0.2341178,0.21917488,0.0,1.0
0.0,3.0,1.0,9.0,0.0,0.0,0.0,0.0,0.0,0.8737837,0.85003453,0.0,0.0
1.0,2.0,1.0,29.0,0.0,0.0,0.0,0.0,0.0,0.84876806,0.9103753,0.0,0.0
1.0,2.0,3.0,27.0,0.0,0.0,0.0,0.0,0.0,0.9743737,0.94709843,0.0,0.0
1.0,0.0,4.0,17.0,0.0,0.0,0.0,0.0,0.0,0.94887245,0.88807684,0.0,0.0
0.0,1.0,4.0,3.0,0.5,0.5,0.5,0.0,0.0,0.5,0.5,1.0,0.0
0.0,2.0,0.0,2.0,0.5,0.5,0.5,0.0,0.0,0.5,0.5,1.0,0.0
0.0,1.0,5.0,17.0,0.0,0.0,0.0,0.0,0.0,0.818521,0.96104145,0.0,0.0
1.0,0.0,1.0,2.0,0.5,0.5,0.5,0.0,0.0,0.5,0.5,1.0,0.0
0.0,1.0,8.0,13.0,0.0,0.0,0.0,0.0,0.0,0.8192302,0.8840393,0.0,0.0
2.0,0.0,15.0,10.0,0.0,0.0,0.0,0.0,0.0,0.8895403,0.47270736,0.0,0.0
1.0,2.0,8.0,14.0,0.0,0.0,0.0,0.0,0.0,0.9190855,0.8860905,0.0,0.0
1.0,0.0,3.0,16.0,1.0,0.0,1.0,1.0,2991.0,0.88453406,0.9630926,0.0,1.0
1.0,1.0,5.0,28.0,0.0,0.0,0.0,0.0,0.0,0.9730796,0.9236642,0.0,0.0
0.0,2.0,0.0,0.0,0.5,0.5,0.5,0.0,0.0,0.5,0.5,1.0,0.0
1.0,3.0,8.0,23.0,0.0,0.0,0.0,0.0,0.0,0.822963,0.8513296,0.0,0.0
2.0,2.0,10.0,18.0,1.0,0.0,1.0,1.0,3273.0,0.83033687,0.84641963,0.0,1.0
0.0,0.0,8.0,7.0,0.0,0.0,0.0,0.0,0.0,0.8760468,0.9519477,0.0,0.0
8.0,27.0,72.0,146.0,1.0,0.0,1.0,0.0,0.0,0.096061125,0.2974695,0.0,1.0
1.0,0.0,7.0,15.0,0.0,0.0,0.0,0.0,0.0,0.8016118,0.86085373,0.0,0.0
0.0,2.0,5.0,23.0,0.0,0.0,0.0,0.0,0.0,0.8662184,0.85389423,0.0,0.0
0.0,2.0,6.0,6.0,0.0,0.0,0.0,0.0,0.0,0.82582754,0.864531,0.0,0.0
5.0,27.0,66.0,64.0,1.0,1.0,0.0,0.0,0.0,0.10623385,0.29376048,0.0,1.0
0.0,2.0,3.0,12.0,0.0,0.0,0.0,0.0,0.0,0.80788237,0.88563174,0.0,0.0
1.0,1.0,6.0,7.0,0.0,0.0,0.0,0.0,0.0,0.9096252,0.95142925,0.0,0.0
3.0,7.0,1.0,4.0,1.0,0.0,0.0,0.0,0.0,0.5043822,0.40354913,0.0,0.0
0.0,3.0,6.0,16.0,0.0,0.0,0.0,0.0,0.0,0.80461866,0.9404149,0.0,0.0
0.0,0.0,4.0,17.0,0.0,0.0,0.0,0.0,0.0,0.9045815,0.89556104,0.0,0.0
2.0,1.0,2.0,12.0,1.0,0.0,1.0,1.0,2481.0,0.6010031,0.98823255,0.0,1.0
1.0,3.0,8.0,6.0,0.0,0.0,0.0,0.0,0.0,0.93261415,0.92002684,0.0,0.0
0.0,3.0,1.0,9.0,0.0,0.0,0.0,0.0,0.0,0.8904124,0.93262523,0.0,0.0
1.0,4.0,7.0,14.0,1.0,1.0,0.0,0.0,0.0,0.44874337,0.33841553,0.0,1.0
0.0,0.0,1.0,19.0,0.0,0.0,0.0,0.0,0.0,0.93562746,0.96480244,0.0,0.0
0.0,0.0,3.0,3.0,0.5,0.5,0.5,0.0,0.0,0.5,0.5,1.0,0.0
2.0,0.0,5.0,10.0,1.0,0.0,1.0,1.0,2483.0,0.72252214,0.7901953,0.0,1.0
1.0,0.0,3.0,13.0,0.0,0.0,0.0,0.0,0.0,0.97262627,0.9339814,0.0,0.0
11.0,33.0,51.0,68.0,1.0,1.0,1.0,0.0,0.0,0.22855419,0.2137637,0.0,1.0
1.0,1.0,2.0,15.0,0.0,0.0,0.0,0.0,0.0,0.8410008,0.8831966,0.0,0.0
1.0,2.0,4.0,2.0,0.5,0.5,0.5,0.0,0.0,0.5,0.5,1.0,0.0
12.0,29.0,88.0,153.0,1.0,0.0,1.0,0.0,0.0,0.10390486,0.09124342,0.0,1.0
0.0,1.0,8.0,14.0,0.0,0.0,0.0,0.0,0.0,0.8241922,0.97125953,0.0,0.0
0.0,1.0,5.0,2.0,0.5,0.5,0.5,0.0,0.0,0.5,0.5,1.0,0.0
1.0,0.0,1.0,3.0,0.5,0.5,0.5,0.0,0.0,0.5,0.5,1.0,0.0
0.0,1.0,0.0,2.0,0.5,0.5,0.5,0.0,0.0,0.5,0.5,1.0,0.0
1.0,0.0,2.0,8.0,0.0,0.0,0.0,0.0,0.0,0.89752024,0.88994926,0.0,0.0
0.0,2.0,6.0,14.0,0.0,0.0,0.0,0.0,0.0,0.869735,0.95842505,0.0,0.0
3.0,4.0,13.0,15.0,1.0,0.0,0.0,0.0,0.0,0.7807555,0.38303912,1.0,1.0
12.0,33.0,88.0,170.0,1.0,1.0,1.0,0.0,0.0,0.16506897,0.20241562,0.0,1.0
1.0,3.0,7.0,11.0,0.0,0.0,0.0,0.0,0.0,0.86035395,0.86896765,0.0,0.0
1.0,1.0,7.0,6.0,0.0,0.0,0.0,0.0,0.0,0.8198079,0.9037222,0.0,0.0
1.0,3.0,2.0,25.0,0.0,0.0,0.0,0.0,0.0,0.8513687,0.8540344,0.0,0.0
0.0,1.0,8.0,25.0,0.0,0.0,0.0,0.0,0.0,0.930394,0.9137959,0.0,0.0
0.0,1.0,7.0,14.0,0.0,0.0,0.0,0.0,0.0,0.93697655,0.912931,0.0,0.0
9.0,39.0,60.0,93.0,1.0,1.0,0.0,0.0,0.0,0.091661364,0.13303883,0.0,1.0
0.0,2.0,0.0,4.0,0.5,0.5,0.5,0.0,0.0,0.5,0.5,1.0,0.0
0.0,1.0,2.0,2.0,0.5,0.5,0.5,0.0,0.0,0.5,0.5,1.0,0.0
1.0,1.0,8.0,28.0,0.0,0.0,0.0,0.0,0.0,0.8349479,0.90020263,0.0,0.0
0.0,2.0,2.0,7.0,0.0,0.0,0.0,0.0,0.0,0.8532301,0.90622085,0.0,0.0
1.0,3.0,7.0,28.0,0.0,0.0,0.0,0.0,0.0,0.81689537,0.88109803,0.0,0.0
1.0,0.0,3.0,0.0,0.5,0.5,0.5,0.0,0.0,0.5,0.5,1.0,0.0
1.0,1.0,1.0,14.0,0.0,0.0,0.0,0.0,0.0,0.91165364,0.9136021,0.0,0.0
2.0,8.0,1.0,14.0,0.0,1.0,1.0,0.0,0.0,0.7798259,0.5167069,0.0,1.0
1.0,0.0,3.0,25.0,0.0,0.0,0.0,0.0,0.0,0.8459554,0.9070111,0.0,0.0
2.0,3.0,5.0,11.0,1.0,0.0,1.0,1.0,1509.0,0.8399732,0.9244169,0.0,1.0
0.0,2.0,5.0,12.0,0.0,0.0,0.0,0.0,0.0,0.9193782,0.96461064,0.0,0.0
0.0,2.0,4.0,5.0,0.0,0.0,0.0,0.0,0.0,0.80720764,0.9814544,0.0,0.0
11.0,32.0,34.0,153.0,1.0,1.0,0.0,0.0,0.0,0.29761675,0.17355308,0.0,1.0
0.0,3.0,8.0,7.0,0.0,0.0,0.0,0.0,0.0,0.8209818,0.8683725,0.0,0.0
12.0,19.0,32.0,186.0,1.0,0.0,1.0,0.0,0.0,0.09093146,0.22606793,0.0,1.0
10.0,19.0,42.0,130.0,1.0,1.0,0.0,0.0,0.0,0.24399522,0.20077693,0.0,1.0
10.0,36.0,82.0,89.0,1.0,0.0,0.0,0.0,0.0,0.2940515,0.25269294,0.0,1.0
1.0,1.0,6.0,9.0,0.0,0.0,0.0,0.0,0.0,0.9230319,0.88209754,0.0,0.0
0.0,0.0,8.0,7.0,0.0,0.0,0.0,0.0,0.0,0.8766833,0.9191252,0.0,0.0
1.0,8.0,13.0,10.0,0.0,0.0,1.0,0.0,0.0,0.31434616,0.6249271,0.0,0.0
0.0,0.0,7.0,28.0,0.0,0.0,0.0,0.0,0.0,0.86107445,0.97063416,0.0,0.0
0.0,0.0,6.0,28.0,0.0,0.0,0.0,0.0,0.0,0.94282126,0.92889434,0.0,0.0
1.0,3.0,7.0,12.0,1.0,0.0,1.0,1.0,1604.0,0.8296203,0.701608,0.0,1.0
0.0,4.0,4.0,6.0,1.0,0.0,1.0,1.0,4725.0,0.93625766,0.7862233,0.0,1.0
0.0,0.0,1.0,13.0,1.0,0.0,1.0,1.0,3217.0,0.67696124,0.8980443,0.0,1.0
10.0,16.0,50.0,122.0,1.0,0.0,1.0,0.0,0.0,0.22053769,0.14113232,0.0,1.0
1.0,1.0,7.0,28.0,0.0,0.0,0.0,0.0,0.0,0.9046745,0.9631798,0.0,0.0
1.0,1.0,2.0,30.0,0.0,0.0,0.0,0.0,0.0,0.96554404,0.91555864,0.0,0.0
0.0,3.0,3.0,14.0,0.0,0.0,0.0,0.0,0.0,0.8363089,0.88245595,0.0,0.0
1.0,1.0,0.0,3.0,0.5,0.5,0.5,0.0,0.0,0.5,0.5,1.0,0.0
1.0,0.0,8.0,7.0,0.0,0.0,0.0,0.0,0.0,0.809853,0.97827315,0.0,0.0
2.0,1.0,3.0,9.0,1.0,0.0,0.0,0.0,0.0,0.8854646,0.35817948,0.0,0.0
2.0,1.0,15.0,15.0,0.0,0.0,1.0,0.0,0.0,0.6832836,0.4639973,0.0,0.0
1.0,1.0,4.0,30.0,0.0,0.0,0.0,0.0,0.0,0.94867915,0.8638051,0.0,0.0
1.0,2.0,3.0,21.0,0.0,0.0,0.0,0.0,0.0,0.9268335,0.96802795,0.0,0.0
0.0,3.0,5.0,22.0,0.0,0.0,0.0,0.0,0.0,0.94564724,0.95650727,0.0,0.0
1.0,3.0,2.0,23.0,0.0,0.0,0.0,0.0,0.0,0.8205572,0.9585158,0.0,0.0
1.0,7.0,11.0,11.0,0.0,0.0,1.0,0.0,0.0,0.62390214,0.55378944,0.0,0.0
1.0,1.0,5.0,24.0,0.0,0.0,0.0,0.0,0.0,0.92419493,0.87637246,0.0,0.0
2.0,4.0,4.0,18.0,1.0,0.0,1.0,1.0,1021.0,0.83849394,0.9537711,0.0,1.0
0.0,0.0,6.0,21.0,0.0,0.0,0.0,0.0,0.0,0.80928767,0.86398673,0.0,0.0
11.0,26.0,39.0,73.0,1.0,1.0,1.0,0.0,0.0,0.2236759,0.26932934,0.0,1.0
6.0,17.0,73.0,166.0,1.0,1.0,0.0,0.0,0.0,0.15036651,0.123453446,0.0,1.0
0.0,5.0,7.0,9.0,1.0,0.0,1.0,1.0,4462.0,0.89822596,0.89469177,0.0,1.0
7.0,24.0,71.0,89.0,1.0,1.0,0.0,0.0,0.0,0.24004287,0.21527015,0.0,1.0
0.0,0.0,2.0,28.0,0.0,0.0,0.0,0.0,0.0,0.95974046,0.9005193,0.0,0.0
0.0,2.0,4.0,7.0,0.0,0.0,0.0,0.0,0.0,0.91819674,0.91750264,0.0,0.0
1.0,1.0,7.0,22.0,0.0,0.0,0.0,0.0,0.0,0.95627105,0.94396424,0.0,0.0
1.0,0.0,5.0,5.0,0.0,0.0,0.0,0.0,0.0,0.89406,0.85811114,1.0,0.0
1.0,3.0,5.0,20.0,0.0,0.0,0.0,0.0,0.0,0.9786117,0.9579037,0.0,0.0
0.0,2.0,6.0,29.0,0.0,0.0,0.0,0.0,0.0,0.8269553,0.98950386,0.0,0.0
1.0,1.0,2.0,19.0,0.0,0.0,0.0,0.0,0.0,0.82123864,0.93619144,0.0,0.0
10.0,12.0,100.0,87.0,1.0,1.0,1.0,0.0,0.0,0.1861251,0.08665307,0.0,1.0
0.0,3.0,4.0,29.0,0.0,0.0,0.0,0.0,0.0,0.81315506,0.94575346,0.0,0.0
1.0,3.0,3.0,15.0,0.0,0.0,0.0,0.0,0.0,0.92316884,0.89388454,0.0,0.0
1.0,0.0,1.0,19.0,0.0,0.0,0.0,0.0,0.0,0.80839574,0.8844354,0.0,0.0
0.0,1.0,5.0,0.0,0.5,0.5,0.5,0.0,0.0,0.5,0.5,1.0,0.0
0.0,0.0,3.0,2.0,0.5,0.5,0.5,0.0,0.0,0.5,0.5,1.0,0.0
12.0,31.0,75.0,129.0,1.0,1.0,0.0,0.0,0.0,0.22822466,0.21771757,0.0,1.0
1.0,1.0,6.0,16.0,0.0,0.0,0.0,0.0,0.0,0.9190383,0.9012695,0.0,0.0
1.0,3.0,4.0,18.0,0.0,0.0,0.0,0.0,0.0,0.92612827,0.90212333,0.0,0.0
0.0,0.0,2.0,28.0,0.0,0.0,0.0,0.0,0.0,0.9397255,0.8854286,0.0,0.0
15.0,38.0,75.0,74.0,1.0,1.0,1.0,0.0,0.0,0.20615481,0.27256426,0.0,1.0
1.0,1.0,1.0,11.0,0.0,0.0,0.0,0.0,0.0,0.8132151,0.98926,0.0,0.0
1.0,1.0,1.0,20.0,0.0,0.0,0.0,0.0,0.0,0.81530714,0.8742671,0.0,0.0
3.0,4.0,11.0,10.0,0.0,0.0,0.0,0.0,0.0,0.35497156,0.89694875,1.0,1.0
0.0,0.0,4.0,13.0,0.0,0.0,0.0,0.0,0.0,0.8857771,0.9381807,0.0,0.0
0.0,1.0,8.0,7.0,0.0,0.0,0.0,0.0,0.0,0.9426805,0.95564896,0.0,0.0
1.0,1.0,5.0,16.0,0.0,0.0,0.0,0.0,0.0,0.9189334,0.8749473,0.0,0.0
0.0,0.0,0.0,0.0,0.5,0.5,0.5,0.0,0.0,0.5,0.5,1.0,0.0
1.0,1.0,7.0,14.0,0.0,0.0,0.0,0.0,0.0,0.9390527,0.89171284,0.0,0.0
0.0,1.0,8.0,25.0,0.0,0.0,0.0,0.0,0.0,0.9270943,0.97596794,0.0,0.0
3.0,6.0,2.0,3.0,0.0,1.0,1.0,0.0,0.0,0.84916234,0.4667309,0.0,1.0
1.0,3.0,6.0,8.0,0.0,0.0,0.0,0.0,0.0,0.8277236,0.88659436,0.0,0.0
11.0,19.0,53.0,67.0,1.0,1.0,1.0,0.0,0.0,0.103333935,0.27041218,0.0,1.0
1.0,0.0,4.0,28.0,0.0,0.0,0.0,0.0,0.0,0.9224715,0.94695616,0.0,0.0
1.0,1.0,1.0,20.0,0.0,0.0,0.0,0.0,0.0,0.8145301,0.85101134,0.0,0.0
0.0,0.0,4.0,2.0,0.5,0.5,0.5,0.0,0.0,0.5,0.5,1.0,0.0
0.0,0.0,8.0,27.0,0.0,0.0,0.0,0.0,0.0,0.85439426,0.9071614,0.0,0.0
1.0,1.0,8.0,6.0,0.0,0.0,0.0,0.0,0.0,0.8340056,0.85763943,0.0,0.0
0.0,0.0,5.0,28.0,0.0,0.0,0.0,0.0,0.0,0.82225573,0.9597675,0.0,0.0
0.0,0.0,3.0,18.0,0.0,0.0,0.0,0.0,0.0,0.9731138,0.9388181,0.0,0.0
5.0,13.0,49.0,165.0,1.0,1.0,0.0,0.0,0.0,0.19421616,0.07749914,0.0,1.0
15.0,39.0,76.0,77.0,1.0,0.0,1.0,0.0,0.0,0.26685262,0.21235278,0.0,1.0
12.0,37.0,73.0,62.0,1.0,0.0,0.0,0.0,0.0,0.20654488,0.25917554,0.0,1.0
0.0,3.0,4.0,16.0,0.0,0.0,0.0,0.0,0.0,0.81188995,0.8543931,0.0,0.0
2.0,2.0,1.0,10.0,1.0,0.0,1.0,1.0,2726.0,0.7664236,0.79763484,0.0,1.0
15.0,17.0,64.0,74.0,1.0,0.0,0.0,0.0,0.0,0.15294868,0.2780907,0.0,1.0
1.0,3.0,13.0,16.0,1.0,1.0,1.0,0.0,0.0,0.68098783,0.5209083,0.0,1.0
0.0,2.0,4.0,16.0,1.0,0.0,1.0,0.0,0.0,0.54383487,0.7514226,0.0,1.0
0.0,1.0,4.0,17.0,0.0,0.0,0.0,0.0,0.0,0.86357206,0.9717932,0.0,0.0
2.0,8.0,15.0,17.0,0.0,1.0,0.0,0.0,0.0,0.8123159,0.49379957,1.0,0.0
0.0,1.0,1.0,16.0,0.0,0.0,0.0,0.0,0.0,0.8695166,0.8896597,0.0,0.0
1.0,6.0,14.0,19.0,0.0,0.0,0.0,0.0,0.0,0.7655468,0.41920626,1.0,0.0
2.0,2.0,9.0,15.0,1.0,0.0,1.0,1.0,3519.0,0.9113408,0.863505,0.0,1.0
0.0,1.0,7.0,27.0,0.0,0.0,0.0,0.0,0.0,0.9375201,0.90019095,0.0,0.0
2.0,3.0,8.0,7.0,0.0,1.0,1.0,0.0,0.0,0.5479276,0.4638095,1.0,1.0
0.0,0.0,7.0,12.0,0.0,0.0,0.0,0.0,0.0,0.8552101,0.89723086,0.0,0.0
3.0,3.0,8.0,12.0,1.0,0.0,1.0,0.0,0.0,0.39162135,0.7300598,0.0,1.0
3.0,7.0,3.0,12.0,0.0,0.0,1.0,0.0,0.0,0.6407771,0.36438042,1.0,1.0
1.0,0.0,1.0,24.0,0.0,0.0,0.0,0.0,0.0,0.97560626,0.8837535,0.0,0.0
0.0,2.0,1.0,24.0,0.0,0.0,0.0,0.0,0.0,0.8717607,0.87537646,0.0,0.0
0.0,5.0,1.0,14.0,1.0,0.0,1.0,1.0,2723.0,0.8315826,0.89212006,0.0,1.0
0.0,0.0,9.0,11.0,1.0,0.0,1.0,1.0,3806.0,0.85592145,0.9556303,0.0,1.0
2.0,7.0,2.0,6.0,0.0,1.0,0.0,0.0,0.0,0.44521472,0.66576433,0.0,0.0
1.0,1.0,2.0,6.0,0.0,0.0,0.0,0.0,0.0,0.82475996,0.9198217,0.0,0.0
2.0,2.0,8.0,5.0,1.0,0.0,1.0,1.0,2231.0,0.606385,0.72951096,0.0,1.0
5.0,36.0,75.0,89.0,1.0,1.0,0.0,0.0,0.0,0.05614665,0.28401273,0.0,1.0
2.0,1.0,6.0,25.0,1.0,0.0,1.0,1.0,2420.0,0.7424506,0.8682614,0.0,1.0
0.0,1.0,2.0,9.0,0.0,0.0,0.0,0.0,0.0,0.8460743,0.8742899,0.0,0.0
1.0,1.0,5.0,26.0,0.0,0.0,0.0,0.0,0.0,0.8244458,0.9476169,0.0,0.0
0.0,3.0,1.0,19.0,0.0,0.0,0.0,0.0,0.0,0.9001134,0.982432,0.0,0.0
1.0,1.0,5.0,15.0,0.0,0.0,0.0,0.0,0.0,0.93322706,0.9896699,0.0,0.0
0.0,0.0,0.0,0.0,0.5,0.5,0.5,0.0,0.0,0.5,0.5,1.0,0.0
8.0,21.0,51.0,181.0,1.0,1.0,1.0,0.0,0.0,0.0560176,0.26095864,0.0,1.0
14.0,20.0,34.0,85.0,1.0,0.0,1.0,0.0,0.0,0.05648512,0.27004266,0.0,1.0
0.0,1.0,4.0,2.0,0.5,0.5,0.5,0.0,0.0,0.5,0.5,1.0,0.0
1.0,3.0,7.0,25.0,0.0,0.0,0.0,0.0,0.0,0.963018,0.8782787,0.0,0.0
0.0,2.0,8.0,21.0,0.0,0.0,0.0,0.0,0.0,0.8177232,0.9007193,0.0,0.0
1.0,3.0,8.0,18.0,0.0,0.0,0.0,0.0,0.0,0.85327923,0.9350158,0.0,0.0
0.0,0.0,4.0,26.0,0.0,0.0,0.0,0.0,0.0,0.82913035,0.9682931,0.0,0.0
0.0,0.0,8.0,14.0,0.0,0.0,0.0,0.0,0.0,0.9234803,0.9197243,0.0,0.0
0.0,0.0,3.0,11.0,0.0,0.0,0.0,0.0,0.0,0.8885572,0.8854975,0.0,0.0
0.0,2.0,7.0,22.0,0.0,0.0,0.0,0.0,0.0,0.85913426,0.9548716,0.0,0.0
1.0,3.0,1.0,24.0,0.0,0.0,0.0,0.0,0.0,0.9588865,0.883303,0.0,0.0
2.0,0.0,1.0,15.0,1.0,0.0,1.0,1.0,4514.0,0.6800216,0.74273443,0.0,1.0
1.0,4.0,7.0,17.0,1.0,0.0,1.0,1.0,3239.0,0.68702924,0.7768011,0.0,1.0
1.0,2.0,7.0,23.0,0.0,0.0,0.0,0.0,0.0,0.9336084,0.87163323,0.0,0.0
1.0,0.0,4.0,13.0,0.0,0.0,0.0,0.0,0.0,0.8392859,0.8865184,0.0,0.0
0.0,3.0,3.0,5.0,1.0,0.0,1.0,1.0,4029.0,0.7777704,0.8153906,0.0,1.0
1.0,0.0,5.0,28.0,0.0,0.0,0.0,0.0,0.0,0.91945875,0.8979137,0.0,0.0
0.0,1.0,1.0,8.0,0.0,0.0,0.0,0.0,0.0,0.95241517,0.9266001,0.0,0.0
1.0,0.0,2.0,15.0,0.0,0.0,0.0,0.0,0.0,0.86710316,0.8705451,0.0,0.0
2.0,4.0,9.0,23.0,1.0,0.0,1.0,1.0,4682.0,0.9366619,0.86982995,0.0,1.0
1.0,1.0,8.0,10.0,0.0,0.0,0.0,0.0,0.0,0.80989367,0.8822212,0.0,0.0
0.0,3.0,4.0,5.0,0.0,0.0,0.0,0.0,0.0,0.82030827,0.9883815,0.0,0.0
1.0,2.0,6.0,29.0,0.0,0.0,0.0,0.0,0.0,0.80840176,0.9728799,0.0,0.0
1.0,0.0,1.0,0.0,0.5,0.5,0.5,0.0,0.0,0.5,0.5,1.0,0.0
1.0,3.0,6.0,21.0,0.0,0.0,0.0,0.0,0.0,0.9261202,0.9178432,0.0,0.0
0.0,2.0,5.0,4.0,0.5,0.5,0.5,0.0,0.0,0.5,0.5,1.0,0.0
1.0,0.0,2.0,21.0,0.0,0.0,0.0,0.0,0.0,0.85296535,0.98258215,0.0,0.0
1.0,2.0,8.0,8.0,0.0,0.0,0.0,0.0,0.0,0.81014806,0.97824025,0.0,0.0
0.0,0.0,6.0,12.0,0.0,0.0,0.0,0.0,0.0,0.88617504,0.9571823,0.0,0.0
0.0,0.0,8.0,14.0,0.0,0.0,0.0,0.0,0.0,0.82969433,0.9389354,0.0,0.0
5.0,32.0,59.0,54.0,1.0,0.0,0.0,0.0,0.0,0.05450446,0.07541884,0.0,1.0
12.0,28.0,30.0,170.0,1.0,0.0,1.0,0.0,0.0,0.19968608,0.064059526,0.0,1.0
0.0,0.0,1.0,2.0,0.5,0.5,0.5,0.0,0.0,0.5,0.5,1.0,0.0
2.0,0.0,4.0,19.0,1.0,0.0,1.0,1.0,4207.0,0.844759,0.7469206,0.0,1.0
0.0,0.0,4.0,23.0,0.0,0.0,0.0,0.0,0.0,0.9622115,0.87586945,0.0,0.0
0.0,1.0,4.0,23.0,0.0,0.0,0.0,0.0,0.0,0.80982935,0.85383403,0.0,0.0
0.0,0.0,4.0,13.0,0.0,0.0,0.0,0.0,0.0,0.96540815,0.89242226,0.0,0.0
0.0,0.0,7.0,18.0,0.0,0.0,0.0,0.0,0.0,0.8864719,0.8644335,0.0,0.0
1.0,0.0,5.0,16.0,0.0,0.0,0.0,0.0,0.0,0.84837455,0.8850719,0.0,0.0
0.0,2.0,3.0,4.0,0.5,0.5,0.5,0.0,0.0,0.5,0.5,1.0,0.0
0.0,2.0,8.0,23.0,0.0,0.0,0.0,0.0,0.0,0.8570572,0.92954564,0.0,0.0
2.0,2.0,7.0,9.0,1.0,0.0,1.0,1.0,4115.0,0.72968906,0.86287886,0.0,1.0
1.0,2.0,1.0,10.0,0.0,0.0,0.0,0.0,0.0,0.943833,0.8686993,0.0,0.0
0.0,0.0,3.0,2.0,0.5,0.5,0.5,0.0,0.0,0.5,0.5,1.0,0.0
1.0,3.0,3.0,11.0,0.0,0.0,0.0,0.0,0.0,0.91744506,0.9313443,0.0,0.0
1.0,3.0,1.0,26.0,0.0,0.0,0.0,0.0,0.0,0.8809041,0.93661046,0.0,0.0
1.0,2.0,1.0,22.0,0.0,0.0,0.0,0.0,0.0,0.8481024,0.89105356,0.0,0.0
1.0,2.0,7.0,16.0,0.0,0.0,0.0,0.0,0.0,0.9729046,0.9617512,0.0,0.0
0.0,0.0,5.0,11.0,0.0,0.0,0.0,0.0,0.0,0.96092606,0.93772966,0.0,0.0
0.0,0.0,1.0,9.0,1.0,0.0,1.0,0.0,0.0,0.33128425,0.7594089,0.0,1.0
0.0,3.0,3.0,26.0,0.0,0.0,0.0,0.0,0.0,0.8820132,0.89485294,0.0,0.0
0.0,1.0,3.0,14.0,0.0,0.0,0.0,0.0,0.0,0.8093814,0.902262,0.0,0.0
2.0,3.0,8.0,12.0,1.0,0.0,1.0,1.0,1075.0,0.8369524,0.7288323,0.0,1.0
1.0,3.0,6.0,11.0,0.0,0.0,0.0,0.0,0.0,0.9131683,0.96437854,0.0,0.0
2.0,1.0,1.0,17.0,1.0,0.0,1.0,1.0,3424.0,0.94882435,0.8074735,0.0,1.0
2.0,6.0,2.0,12.0,1.0,1.0,1.0,0.0,0.0,0.40554526,0.55455774,0.0,1.0
0.0,1.0,8.0,16.0,0.0,0.0,0.0,0.0,0.0,0.9301508,0.88350415,0.0,0.0
1.0,2.0,3.0,22.0,0.0,0.0,0.0,0.0,0.0,0.8781436,0.94459015,0.0,0.0
0.0,1.0,1.0,0.0,0.5,0.5,0.5,0.0,0.0,0.5,0.5,1.0,0.0
1.0,1.0,4.0,20.0,0.0,0.0,0.0,0.0,0.0,0.979998,0.94367474,0.0,0.0
0.0,0.0,6.0,16.0,0.0,0.0,0.0,0.0,0.0,0.9493791,0.9850207,0.0,0.0
2.0,0.0,1.0,16.0,1.0,0.0,1.0,1.0,3329.0,0.6806381,0.8919941,0.0,1.0
3.0,7.0,15.0,7.0,1.0,1.0,0.0,0.0,0.0,0.38664445,0.6822559,0.0,1.0
1.0,2.0,3.0,11.0,0.0,0.0,0.0,0.0,0.0,0.90844333,0.9061942,0.0,0.0
1.0,3.0,5.0,30.0,0.0,0.0,0.0,0.0,0.0,0.80951655,0.91086656,0.0,0.0
0.0,0.0,2.0,26.0,0.0,0.0,0.0,0.0,0.0,0.9313757,0.9708871,0.0,0.0
6.0,25.0,40.0,97.0,1.0,0.0,0.0,0.0,0.0,0.25312242,0.06106993,0.0,1.0
1.0,1.0,7.0,14.0,0.0,0.0,0.0,0.0,0.0,0.84848356,0.9143765,0.0,0.0
10.0,35.0,47.0,114.0,1.0,0.0,1.0,0.0,0.0,0.2266565,0.1897562,0.0,1.0
1.0,1.0,1.0,3.0,1.0,1.0,0.0,0.0,0.0,0.7015648,0.40433416,1.0,1.0
0.0,4.0,15.0,16.0,0.0,1.0,1.0,0.0,0.0,0.51515335,0.70980704,1.0,1.0
11.0,33.0,88.0,52.0,1.0,1.0,1.0,0.0,0.0,0.15561427,0.063627824,0.0,1.0
0.0,1.0,5.0,20.0,0.0,0.0,0.0,0.0,0.0,0.83702695,0.9600019,0.0,0.0
8.0,30.0,58.0,51.0,1.0,0.0,0.0,0.0,0.0,0.10723545,0.276355,0.0,1.0
0.0,0.0,2.0,6.0,0.0,0.0,0.0,0.0,0.0,0.82146066,0.9141045,0.0,0.0
0.0,3.0,2.0,6.0,0.0,0.0,0.0,0.0,0.0,0.9107251,0.9067545,0.0,0.0
0.0,2.0,2.0,6.0,0.0,0.0,0.0,0.0,0.0,0.87516356,0.9302283,0.0,0.0
0.0,1.0,3.0,22.0,0.0,0.0,0.0,0.0,0.0,0.90971035,0.88924634,0.0,0.0
0.0,1.0,7.0,16.0,0.0,0.0,0.0,0.0,0.0,0.97871417,0.90354717,0.0,0.0
1.0,2.0,6.0,12.0,0.0,0.0,0.0,0.0,0.0,0.8945601,0.9842026,0.0,0.0
1.0,2.0,4.0,14.0,0.0,0.0,0.0,0.0,0.0,0.81588805,0.8943926,0.0,0.0
0.0,2.0,5.0,27.0,0.0,0.0,0.0,0.0,0.0,0.82114494,0.88035554,0.0,0.0
1.0,1.0,4.0,29.0,0.0,0.0,0.0,0.0,0.0,0.8368212,0.87479097,0.0,0.0
1.0,0.0,4.0,19.0,0.0,0.0,0.0,0.0,0.0,0.89761764,0.97515005,0.0,0.0
0.0,2.0,5.0,14.0,0.0,0.0,0.0,0.0,0.0,0.81856006,0.9802032,0.0,0.0
1.0,3.0,8.0,10.0,0.0,0.0,0.0,0.0,0.0,0.84549797,0.920849,0.0,0.0
0.0,3.0,1.0,11.0,1.0,0.0,1.0,0.0,0.0,0.6872441,0.78880364,1.0,1.0
8.0,16.0,53.0,90.0,1.0,1.0,0.0,0.0,0.0,0.2152774,0.15365343,0.0,1.0
1.0,1.0,1.0,21.0,0.0,0.0,0.0,0.0,0.0,0.80608827,0.9685376,0.0,0.0
1.0,0.0,3.0,1.0,0.5,0.5,0.5,0.0,0.0,0.5,0.5,1.0,0.0
9.0,38.0,81.0,80.0,1.0,1.0,1.0,0.0,0.0,0.056725446,0.09105115,0.0,1.0
1.0,2.0,5.0,21.0,0.0,0.0,0.0,0.0,0.0,0.9368013,0.8837082,0.0,0.0
1.0,1.0,3.0,16.0,0.0,0.0,0.0,0.0,0.0,0.8896098,0.8842115,0.0,0.0
7.0,30.0,85.0,132.0,1.0,0.0,0.0,0.0,0.0,0.11250511,0.15407808,0.0,1.0
1.0,3.0,1.0,11.0,1.0,0.0,1.0,1.0,1597.0,0.66659164,0.84752876,0.0,1.0
0.0,1.0,8.0,9.0,0.0,0.0,0.0,0.0,0.0,0.8322088,0.92833906,0.0,0.0
0.0,3.0,8.0,26.0,0.0,0.0,0.0,0.0,0.0,0.82447726,0.9706853,0.0,0.0
1.0,1.0,6.0,15.0,0.0,0.0,0.0,0.0,0.0,0.9258257,0.9158364,0.0,0.0
1.0,2.0,7.0,30.0,0.0,0.0,0.0,0.0,0.0,0.80229867,0.8649059,0.0,0.0
1.0,2.0,1.0,10.0,1.0,0.0,1.0,1.0,4608.0,0.7224279,0.911273,0.0,1.0
0.0,0.0,2.0,1.0,0.5,0.5,0.5,0.0,0.0,0.5,0.5,1.0,0.0
1.0,2.0,8.0,14.0,0.0,0.0,0.0,0.0,0.0,0.9119449,0.8724438,0.0,0.0
1.0,6.0,15.0,10.0,1.0,1.0,1.0,0.0,0.0,0.683536,0.5049811,1.0,1.0
1.0,3.0,3.0,29.0,0.0,0.0,0.0,0.0,0.0,0.97036433,0.922749,0.0,0.0
2.0,2.0,7.0,16.0,1.0,0.0,1.0,1.0,1365.0,0.8039544,0.8773323,0.0,1.0
0.0,1.0,7.0,16.0,0.0,0.0,0.0,0.0,0.0,0.9511933,0.8715974,0.0,0.0
1.0,3.0,5.0,6.0,0.0,0.0,0.0,0.0,0.0,0.8877494,0.91805416,0.0,0.0
0.0,0.0,8.0,8.0,0.0,0.0,0.0,0.0,0.0,0.82447195,0.94262856,0.0,0.0
0.0,2.0,1.0,15.0,0.0,1.0,0.0,0.0,0.0,0.44870794,0.5412068,0.0,0.0
0.0,3.0,2.0,12.0,1.0,0.0,1.0,1.0,3464.0,0.78499484,0.8614874,0.0,1.0
1.0,3.0,7.0,21.0,0.0,0.0,0.0,0.0,0.0,0.90010715,0.983298,0.0,0.0
1.0,2.0,4.0,19.0,0.0,0.0,0.0,0.0,0.0,0.80922127,0.9518838,0.0,0.0
1.0,1.0,8.0,28.0,0.0,0.0,0.0,0.0,0.0,0.9042139,0.9804072,0.0,0.0
0.0,2.0,4.0,2.0,0.5,0.5,0.5,0.0,0.0,0.5,0.5,1.0,0.0
0.0,0.0,5.0,19.0,0.0,0.0,0.0,0.0,0.0,0.96752226,0.96031386,0.0,0.0
10.0,17.0,83.0,104.0,1.0,1.0,0.0,0.0,0.0,0.24992774,0.18204476,0.0,1.0
2.0,3.0,1.0,8.0,1.0,0.0,1.0,1.0,4337.0,0.6781986,0.79100066,0.0,1.0
0.0,0.0,5.0,30.0,0.0,0.0,0.0,0.0,0.0,0.97417635,0.8816351,0.0,0.0
0.0,0.0,1.0,9.0,0.0,0.0,0.0,0.0,0.0,0.9178962,0.9802767,0.0,0.0
1.0,0.0,2.0,22.0,0.0,0.0,0.0,0.0,0.0,0.85398054,0.9358803,0.0,0.0
1.0,2.0,3.0,7.0,0.0,0.0,0.0,0.0,0.0,0.87951136,0.8983792,0.0,0.0
1.0,1.0,2.0,7.0,0.0,0.0,0.0,0.0,0.0,0.84823495,0.9032,0.0,0.0
0.0,2.0,6.0,27.0,0.0,0.0,0.0,0.0,0.0,0.8425345,0.94349,0.0,0.0
0.0,2.0,7.0,23.0,0.0,0.0,0.0,0.0,0.0,0.8289519,0.9153963,0.0,0.0
1.0,3.0,2.0,21.0,0.0,0.0,0.0,0.0,0.0,0.9157105,0.9407074,0.0,0.0
0.0,0.0,2.0,21.0,0.0,0.0,0.0,0.0,0.0,0.8012949,0.94163644,0.0,0.0
0.0,1.0,0.0,0.0,0.5,0.5,0.5,0.0,0.0,0.5,0.5,1.0,0.0
2.0,3.0,1.0,18.0,1.0,0.0,1.0,1.0,1851.0,0.68413645,0.8746097,0.0,1.0
1.0,0.0,1.0,16.0,0.0,0.0,0.0,0.0,0.0,0.8246436,0.92193824,0.0,0.0
7.0,25.0,71.0,198.0,1.0,1.0,1.0,0.0,0.0,0.05254273,0.10026289,0.0,1.0
0.0,3.0,6.0,9.0,0.0,0.0,0.0,0.0,0.0,0.80102986,0.8668989,0.0,0.0
1.0,0.0,2.0,10.0,0.0,0.0,0.0,0.0,0.0,0.9317201,0.97844446,0.0,0.0
2.0,6.0,7.0,19.0,1.0,0.0,1.0,0.0,0.0,0.42517304,0.46821433,0.0,1.0
2.0,1.0,9.0,10.0,1.0,0.0,1.0,0.0,0.0,0.37858889,0.8119442,1.0,1.0
8.0,14.0,100.0,146.0,1.0,0.0,1.0,0.0,0.0,0.27480367,0.25092646,0.0,1.0
1.0,2.0,3.0,20.0,0.0,0.0,0.0,0.0,0.0,0.9680996,0.8605116,0.0,0.0
14.0,18.0,46.0,118.0,1.0,0.0,1.0,0.0,0.0,0.22695069,0.2580672,0.0,1.0
0.0,2.0,6.0,21.0,0.0,0.0,0.0,0.0,0.0,0.9716998,0.91888463,0.0,0.0
0.0,2.0,1.0,18.0,0.0,0.0,0.0,0.0,0.0,0.8853754,0.9162585,0.0,0.0
1.0,1.0,4.0,12.0,0.0,0.0,0.0,0.0,0.0,0.919805,0.9226576,0.0,0.0
0.0,0.0,6.0,19.0,0.0,0.0,0.0,0.0,0.0,0.8856433,0.8938184,0.0,0.0
1.0,3.0,1.0,8.0,0.0,0.0,0.0,0.0,0.0,0.8084736,0.9320591,0.0,0.0
0.0,2.0,3.0,21.0,0.0,0.0,0.0,0.0,0.0,0.8699234,0.93349963,0.0,0.0
1.0,0.0,4.0,15.0,0.0,0.0,0.0,0.0,0.0,0.86283755,0.90563834,0.0,0.0
0.0,2.0,3.0,2.0,0.5,0.5,0.5,0.0,0.0,0.5,0.5,1.0,0.0
0.0,1.0,4.0,30.0,0.0,0.0,0.0,0.0,0.0,0.8928394,0.85643,0.0,0.0
2.0,0.0,6.0,5.0,1.0,0.0,0.0,0.0,0.0,0.7629008,0.7411122,1.0,0.0
1.0,1.0,8.0,21.0,0.0,0.0,0.0,0.0,0.0,0.93125325,0.91968375,0.0,0.0
1.0,2.0,8.0,12.0,0.0,0.0,0.0,0.0,0.0,0.896122,0.8933255,0.0,0.0
0.0,3.0,8.0,5.0,0.0,0.0,0.0,0.0,0.0,0.9651837,0.8593989,0.0,0.0
0.0,2.0,6.0,25.0,0.0,0.0,0.0,0.0,0.0,0.813553,0.9240645,0.0,0.0
1.0,1.0,6.0,6.0,0.0,0.0,0.0,0.0,0.0,0.8739736,0.9428843,0.0,0.0
15.0,19.0,41.0,168.0,1.0,0.0,1.0,0.0,0.0,0.22531529,0.09218899,0.0,1.0
0.0,2.0,5.0,22.0,0.0,0.0,0.0,0.0,0.0,0.86312324,0.89780337,0.0,0.0
10.0,16.0,100.0,135.0,1.0,0.0,0.0,0.0,0.0,0.10605208,0.24124482,0.0,1.0
2.0,1.0,7.0,22.0,1.0,0.0,1.0,1.0,4991.0,0.8686014,0.8802999,0.0,1.0
0.0,3.0,8.0,21.0,0.0,0.0,0.0,0.0,0.0,0.90779334,0.8832616,0.0,0.0
1.0,2.0,4.0,8.0,1.0,0.0,1.0,1.0,2939.0,0.6834257,0.7988326,0.0,1.0
1.0,2.0,2.0,27.0,0.0,0.0,0.0,0.0,0.0,0.95911753,0.88696533,0.0,0.0
15.0,21.0,76.0,198.0,1.0,1.0,0.0,0.0,0.0,0.20740944,0.27866662,0.0,1.0
1.0,6.0,4.0,10.0,0.0,1.0,0.0,0.0,0.0,0.6094952,0.7715848,1.0,0.0
1.0,1.0,3.0,14.0,0.0,0.0,0.0,0.0,0.0,0.96465105,0.8643915,0.0,0.0
10.0,18.0,93.0,151.0,1.0,1.0,0.0,0.0,0.0,0.11622004,0.111656874,0.0,1.0
0.0,0.0,0.0,3.0,0.5,0.5,0.5,0.0,0.0,0.5,0.5,1.0,0.0
2.0,5.0,15.0,16.0,1.0,1.0,1.0,0.0,0.0,0.6101836,0.5614652,0.0,1.0
1.0,2.0,3.0,5.0,0.0,0.0,0.0,0.0,0.0,0.9713774,0.9696442,0.0,0.0
0.0,3.0,5.0,26.0,0.0,0.0,0.0,0.0,0.0,0.8290469,0.8762327,0.0,0.0
8.0,36.0,33.0,190.0,1.0,1.0,0.0,0.0,0.0,0.15808825,0.17284721,0.0,1.0
0.0,8.0,11.0,13.0,1.0,0.0,1.0,0.0,0.0,0.4470006,0.37128153,1.0,1.0
1.0,4.0,5.0,7.0,1.0,0.0,1.0,1.0,2026.0,0.66870564,0.97734195,0.0,1.0
0.0,0.0,5.0,19.0,0.0,0.0,0.0,0.0,0.0,0.9711823,0.90906847,0.0,0.0
0.0,2.0,1.0,13.0,0.0,0.0,0.0,0.0,0.0,0.9788766,0.87336177,0.0,0.0
3.0,7.0,8.0,6.0,0.0,0.0,1.0,0.0,0.0,0.35614672,0.82090384,0.0,1.0
1.0,2.0,3.0,5.0,0.0,0.0,0.0,0.0,0.0,0.8587773,0.960343,0.0,0.0
3.0,0.0,2.0,20.0,0.0,1.0,0.0,0.0,0.0,0.41269693,0.89608204,0.0,1.0
0.0,2.0,6.0,8.0,1.0,0.0,1.0,1.0,3357.0,0.63321114,0.9357639,0.0,1.0
0.0,0.0,2.0,16.0,0.0,0.0,0.0,0.0,0.0,0.876474,0.91697127,0.0,0.0
1.0,0.0,9.0,24.0,1.0,0.0,1.0,1.0,1061.0,0.7285495,0.8628924,0.0,1.0
0.0,2.0,4.0,19.0,0.0,0.0,0.0,0.0,0.0,0.88224524,0.89982027,0.0,0.0
1.0,1.0,2.0,13.0,0.0,0.0,0.0,0.0,0.0,0.86649835,0.8559932,0.0,0.0
1.0,1.0,7.0,24.0,0.0,0.0,0.0,0.0,0.0,0.9785052,0.88160753,0.0,0.0
1.0,1.0,4.0,10.0,0.0,0.0,0.0,0.0,0.0,0.8744882,0.91670865,0.0,0.0
0.0,0.0,5.0,28.0,0.0,0.0,0.0,0.0,0.0,0.9493577,0.97810125,0.0,0.0
1.0,2.0,7.0,30.0,0.0,0.0,0.0,0.0,0.0,0.9119778,0.9310992,0.0,0.0
1.0,3.0,6.0,19.0,0.0,0.0,0.0,0.0,0.0,0.92544824,0.8544432,0.0,0.0
0.0,3.0,5.0,26.0,0.0,0.0,0.0,0.0,0.0,0.8147661,0.9365373,0.0,0.0
1.0,0.0,1.0,9.0,0.0,0.0,0.0,0.0,0.0,0.8591361,0.8912905,0.0,0.0
9.0,16.0,56.0,83.0,1.0,0.0,1.0,0.0,0.0,0.22270453,0.24600743,0.0,1.0
11.0,29.0,38.0,60.0,1.0,0.0,0.0,0.0,0.0,0.10220915,0.19568479,0.0,1.0
7.0,38.0,64.0,71.0,1.0,0.0,0.0,0.0,0.0,0.17612742,0.22587231,0.0,1.0
6.0,13.0,64.0,153.0,1.0,1.0,0.0,0.0,0.0,0.26861155,0.1298845,0.0,1.0
1.0,3.0,4.0,20.0,0.0,0.0,0.0,0.0,0.0,0.96449405,0.9209963,0.0,0.0
1.0,1.0,6.0,21.0,0.0,0.0,0.0,0.0,0.0,0.8025508,0.94302934,0.0,0.0
0.0,2.0,3.0,11.0,0.0,0.0,0.0,0.0,0.0,0.8531366,0.89063746,0.0,0.0
2.0,3.0,7.0,13.0,1.0,0.0,1.0,1.0,2414.0,0.9401485,0.8998077,0.0,1.0
1.0,1.0,2.0,9.0,0.0,0.0,0.0,0.0,0.0,0.88672924,0.88898325,0.0,0.0
1.0,0.0,8.0,18.0,0.0,0.0,0.0,0.0,0.0,0.95950466,0.9305939,0.0,0.0
1.0,3.0,3.0,13.0,0.0,0.0,0.0,0.0,0.0,0.82976085,0.9162757,0.0,0.0
1.0,3.0,2.0,19.0,0.0,0.0,0.0,0.0,0.0,0.9729332,0.970173,0.0,0.0
5.0,26.0,85.0,134.0,1.0,0.0,0.0,0.0,0.0,0.28028694,0.16695943,0.0,1.0
0.0,1.0,2.0,18.0,0.0,0.0,0.0,0.0,0.0,0.8733679,0.92596555,0.0,0.0
1.0,0.0,3.0,8.0,0.0,0.0,0.0,0.0,0.0,0.96841776,0.9600892,0.0,0.0
1.0,1.0,3.0,3.0,0.5,0.5,0.5,0.0,0.0,0.5,0.5,1.0,0.0
0.0,3.0,6.0,19.0,0.0,0.0,0.0,0.0,0.0,0.9678513,0.925474,0.0,0.0
1.0,7.0,11.0,4.0,1.0,0.0,0.0,0.0,0.0,0.8717702,0.72361445,1.0,0.0
0.0,0.0,7.0,15.0,0.0,0.0,0.0,0.0,0.0,0.8259023,0.90801245,0.0,0.0
0.0,0.0,2.0,26.0,0.0,0.0,0.0,0.0,0.0,0.9387292,0.8577536,0.0,0.0
0.0,2.0,7.0,21.0,1.0,0.0,1.0,1.0,2862.0,0.7944071,0.8322636,0.0,1.0
0.0,1.0,8.0,19.0,0.0,0.0,0.0,0.0,0.0,0.93580025,0.9563828,0.0,0.0
1.0,0.0,10.0,10.0,1.0,0.0,1.0,1.0,3241.0,0.8827101,0.97967976,0.0,1.0
0.0,2.0,5.0,7.0,0.0,0.0,0.0,0.0,0.0,0.9797851,0.9579875,0.0,0.0
0.0,2.0,5.0,1.0,0.5,0.5,0.5,0.0,0.0,0.5,0.5,1.0,0.0
1.0,2.0,7.0,30.0,0.0,0.0,0.0,0.0,0.0,0.93470734,0.8830313,0.0,0.0
0.0,0.0,4.0,18.0,0.0,0.0,0.0,0.0,0.0,0.9446351,0.96070087,0.0,0.0
1.0,2.0,8.0,19.0,0.0,0.0,0.0,0.0,0.0,0.97549665,0.92568177,0.0,0.0
1.0,1.0,8.0,26.0,0.0,0.0,0.0,0.0,0.0,0.8820412,0.9342052,0.0,0.0
3.0,3.0,14.0,5.0,1.0,0.0,1.0,0.0,0.0,0.6404304,0.77832216,0.0,1.0
0.0,0.0,4.0,22.0,0.0,0.0,0.0,0.0,0.0,0.80497867,0.90530586,0.0,0.0
13.0,18.0,76.0,187.0,1.0,0.0,0.0,0.0,0.0,0.25953725,0.14888157,0.0,1.0
0.0,2.0,6.0,6.0,0.0,0.0,0.0,0.0,0.0,0.8978161,0.93762714,0.0,0.0
0.0,2.0,0.0,1.0,0.5,0.5,0.5,0.0,0.0,0.5,0.5,1.0,0.0
1.0,0.0,4.0,15.0,0.0,0.0,0.0,0.0,0.0,0.88745505,0.89596844,0.0,0.0
0.0,3.0,5.0,26.0,0.0,0.0,0.0,0.0,0.0,0.8093148,0.8616149,0.0,0.0
8.0,35.0,94.0,177.0,1.0,0.0,1.0,0.0,0.0,0.08594519,0.10596141,0.0,1.0
0.0,7.0,14.0,5.0,0.0,0.0,1.0,0.0,0.0,0.8681092,0.39907616,1.0,0.0
0.0,1.0,5.0,25.0,0.0,0.0,0.0,0.0,0.0,0.81516474,0.9274755,0.0,0.0
1.0,7.0,2.0,20.0,1.0,0.0,1.0,0.0,0.0,0.4789509,0.8233229,1.0,1.0
11.0,15.0,44.0,124.0,1.0,0.0,1.0,0.0,0.0,0.27589148,0.17595005,0.0,1.0
1.0,2.0,8.0,15.0,0.0,0.0,0.0,0.0,0.0,0.90230227,0.9356248,0.0,0.0
0.0,2.0,6.0,23.0,0.0,0.0,0.0,0.0,0.0,0.93668705,0.88388187,0.0,0.0
11.0,16.0,87.0,97.0,1.0,1.0,0.0,0.0,0.0,0.16217372,0.1571527,0.0,1.0
3.0,6.0,8.0,15.0,1.0,1.0,0.0,0.0,0.0,0.5337011,0.37098345,0.0,1.0
1.0,2.0,6.0,23.0,0.0,0.0,0.0,0.0,0.0,0.863751,0.907438,0.0,0.0
0.0,1.0,8.0,17.0,1.0,0.0,1.0,1.0,2225.0,0.9445363,0.8911826,0.0,1.0
0.0,3.0,5.0,22.0,0.0,0.0,0.0,0.0,0.0,0.8781902,0.9844395,0.0,0.0
1.0,1.0,4.0,22.0,0.0,0.0,0.0,0.0,0.0,0.90634054,0.86264044,0.0,0.0
1.0,4.0,8.0,14.0,1.0,0.0,1.0,1.0,2168.0,0.9085897,0.8570963,0.0,1.0
11.0,16.0,33.0,185.0,1.0,0.0,1.0,0.0,0.0,0.17414233,0.24990773,0.0,1.0
0.0,0.0,3.0,24.0,0.0,0.0,0.0,0.0,0.0,0.8796226,0.90909714,0.0,0.0
1.0,2.0,1.0,24.0,0.0,0.0,0.0,0.0,0.0,0.849145,0.9406105,0.0,0.0
12.0,19.0,71.0,118.0,1.0,0.0,1.0,0.0,0.0,0.08891037,0.10793079,0.0,1.0
0.0,2.0,8.0,6.0,0.0,0.0,0.0,0.0,0.0,0.9389594,0.98587966,0.0,0.0
0.0,3.0,5.0,9.0,0.0,0.0,0.0,0.0,0.0,0.9514957,0.9063935,0.0,0.0
3.0,3.0,12.0,15.0,1.0,1.0,0.0,0.0,0.0,0.35716766,0.3352514,1.0,1.0
0.0,4.0,4.0,9.0,1.0,0.0,1.0,1.0,2005.0,0.73073083,0.712103,0.0,1.0
1.0,3.0,4.0,13.0,0.0,0.0,0.0,0.0,0.0,0.81425774,0.93754524,0.0,0.0
13.0,14.0,42.0,150.0,1.0,0.0,1.0,0.0,0.0,0.072096124,0.11121078,0.0,1.0
0.0,3.0,6.0,5.0,0.0,0.0,0.0,0.0,0.0,0.9307723,0.8516549,0.0,0.0
1.0,1.0,8.0,27.0,0.0,0.0,0.0,0.0,0.0,0.9769945,0.9465949,0.0,0.0
0.0,0.0,2.0,20.0,0.0,0.0,0.0,0.0,0.0,0.95073867,0.9718668,0.0,0.0
0.0,3.0,5.0,22.0,0.0,0.0,0.0,0.0,0.0,0.86112803,0.9190684,0.0,0.0
0.0,1.0,6.0,13.0,0.0,0.0,0.0,0.0,0.0,0.9166684,0.952372,0.0,0.0
2.0,5.0,10.0,5.0,1.0,0.0,1.0,1.0,4999.0,0.75919425,0.9238322,0.0,1.0
8.0,29.0,46.0,196.0,1.0,1.0,0.0,0.0,0.0,0.24615486,0.25187424,0.0,1.0
14.0,15.0,73.0,127.0,1.0,1.0,0.0,0.0,0.0,0.29396516,0.233088,0.0,1.0
2.0,3.0,14.0,19.0,1.0,1.0,0.0,0.0,0.0,0.536832,0.43312728,0.0,1.0
3.0,3.0,5.0,15.0,0.0,0.0,0.0,0.0,0.0,0.6837772,0.46562773,1.0,0.0
10.0,34.0,100.0,107.0,1.0,1.0,1.0,0.0,0.0,0.19356479,0.06330036,0.0,1.0
0.0,0.0,5.0,18.0,0.0,0.0,0.0,0.0,0.0,0.9563618,0.94194406,0.0,0.0
0.0,1.0,4.0,20.0,0.0,0.0,0.0,0.0,0.0,0.88648397,0.89052284,0.0,0.0
0.0,2.0,2.0,22.0,0.0,0.0,0.0,0.0,0.0,0.8628739,0.89470786,0.0,0.0
5.0,37.0,54.0,116.0,1.0,0.0,0.0,0.0,0.0,0.15159689,0.2796804,0.0,1.0
1.0,2.0,5.0,6.0,0.0,0.0,0.0,0.0,0.0,0.90020925,0.9328334,0.0,0.0
9.0,28.0,94.0,95.0,1.0,0.0,1.0,0.0,0.0,0.19667162,0.15494387,0.0,1.0
2.0,3.0,1.0,13.0,0.0,1.0,0.0,0.0,0.0,0.38255975,0.47212765,1.0,1.0
0.0,3.0,7.0,5.0,0.0,0.0,0.0,0.0,0.0,0.93002754,0.87093604,0.0,0.0
0.0,1.0,3.0,14.0,1.0,0.0,1.0,1.0,4480.0,0.6862014,0.9665496,0.0,1.0
0.0,5.0,6.0,17.0,0.0,1.0,1.0,0.0,0.0,0.80151045,0.7064058,0.0,1.0
1.0,0.0,5.0,4.0,0.5,0.5,0.5,0.0,0.0,0.5,0.5,1.0,0.0
1.0,1.0,1.0,0.0,0.5,0.5,0.5,0.0,0.0,0.5,0.5,1.0,0.0
13.0,27.0,79.0,68.0,1.0,1.0,1.0,0.0,0.0,0.27083927,0.18433537,0.0,1.0
1.0,0.0,7.0,25.0,0.0,0.0,0.0,0.0,0.0,0.8626725,0.8535414,0.0,0.0
1.0,3.0,8.0,5.0,1.0,0.0,1.0,0.0,0.0,0.7934151,0.4847766,1.0,1.0
0.0,1.0,4.0,16.0,0.0,0.0,0.0,0.0,0.0,0.82358396,0.92613316,0.0,0.0
0.0,0.0,0.0,2.0,0.5,0.5,0.5,0.0,0.0,0.5,0.5,1.0,0.0
0.0,2.0,3.0,30.0,0.0,0.0,0.0,0.0,0.0,0.85290617,0.9894829,0.0,0.0
1.0,2.0,8.0,28.0,0.0,0.0,0.0,0.0,0.0,0.97843635,0.8571801,0.0,0.0
0.0,1.0,3.0,3.0,0.5,0.5,0.5,0.0,0.0,0.5,0.5,1.0,0.0
1.0,1.0,2.0,16.0,0.0,0.0,0.0,0.0,0.0,0.9412899,0.9588907,0.0,0.0
13.0,16.0,71.0,131.0,1.0,0.0,1.0,0.0,0.0,0.29765394,0.23482984,0.0,1.0
0.0,3.0,2.0,14.0,0.0,0.0,0.0,0.0,0.0,0.8393944,0.91624486,0.0,0.0
0.0,3.0,7.0,12.0,0.0,0.0,0.0,0.0,0.0,0.97756875,0.92724454,0.0,0.0
3.0,4.0,10.0,4.0,1.0,1.0,0.0,0.0,0.0,0.86649555,0.48756066,0.0,1.0
1.0,0.0,2.0,22.0,0.0,0.0,0.0,0.0,0.0,0.8926734,0.9553914,0.0,0.0
1.0,1.0,7.0,13.0,0.0,0.0,0.0,0.0,0.0,0.80571926,0.9077613,0.0,0.0
1.0,2.0,1.0,21.0,0.0,0.0,0.0,0.0,0.0,0.9463683,0.9443646,0.0,0.0
1.0,1.0,10.0,18.0,1.0,0.0,1.0,1.0,4448.0,0.8153424,0.7082622,0.0,1.0
0.0,2.0,2.0,9.0,0.0,0.0,0.0,0.0,0.0,0.971783,0.97794074,0.0,0.0
0.0,1.0,4.0,16.0,0.0,0.0,0.0,0.0,0.0,0.80835575,0.9817424,0.0,0.0
0.0,3.0,3.0,21.0,0.0,0.0,0.0,0.0,0.0,0.95702523,0.8868616,0.0,0.0
0.0,1.0,1.0,1.0,0.5,0.5,0.5,0.0,0.0,0.5,0.5,1.0,0.0
11.0,40.0,90.0,54.0,1.0,1.0,1.0,0.0,0.0,0.061342373,0.2618537,0.0,1.0
15.0,18.0,64.0,173.0,1.0,0.0,1.0,0.0,0.0,0.14956112,0.09194151,0.0,1.0
0.0,3.0,6.0,17.0,0.0,0.0,0.0,0.0,0.0,0.8833514,0.94513774,0.0,0.0
2.0,0.0,9.0,11.0,1.0,0.0,1.0,1.0,2159.0,0.81948483,0.86469144,0.0,1.0
1.0,5.0,7.0,11.0,1.0,1.0,0.0,0.0,0.0,0.8592403,0.41988003,0.0,0.0
1.0,1.0,7.0,26.0,0.0,0.0,0.0,0.0,0.0,0.8010715,0.9630473,0.0,0.0
0.0,2.0,5.0,19.0,0.0,0.0,0.0,0.0,0.0,0.95901626,0.85485095,0.0,0.0
0.0,0.0,2.0,9.0,0.0,0.0,0.0,0.0,0.0,0.91294026,0.9608911,0.0,0.0
0.0,0.0,10.0,16.0,1.0,1.0,1.0,0.0,0.0,0.3643528,0.43823552,1.0,1.0
1.0,1.0,4.0,5.0,0.0,0.0,0.0,0.0,0.0,0.87134445,0.9402457,0.0,0.0
1.0,1.0,1.0,2.0,0.5,0.5,0.5,0.0,0.0,0.5,0.5,1.0,0.0
10.0,19.0,90.0,123.0,1.0,0.0,1.0,0.0,0.0,0.17370453,0.24547365,0.0,1.0
0.0,3.0,6.0,12.0,0.0,0.0,0.0,0.0,0.0,0.97896,0.94256437,0.0,0.0
0.0,2.0,6.0,19.0,0.0,0.0,0.0,0.0,0.0,0.9760082,0.87149405,0.0,0.0
0.0,1.0,5.0,18.0,0.0,0.0,0.0,0.0,0.0,0.8002816,0.8993943,0.0,0.0
2.0,5.0,13.0,4.0,0.0,1.0,1.0,0.0,0.0,0.71708554,0.42489076,0.0,1.0
0.0,0.0,0.0,0.0,0.5,0.5,0.5,0.0,0.0,0.5,0.5,1.0,0.0
9.0,23.0,43.0,119.0,1.0,1.0,1.0,0.0,0.0,0.28322047,0.25267985,0.0,1.0
0.0,2.0,1.0,11.0,0.0,0.0,0.0,0.0,0.0,0.8217998,0.8822879,0.0,0.0
0.0,8.0,2.0,15.0,1.0,0.0,0.0,0.0,0.0,0.88310325,0.5189853,0.0,0.0
6.0,19.0,88.0,89.0,1.0,0.0,0.0,0.0,0.0,0.27329588,0.2923201,0.0,1.0
9.0,12.0,59.0,158.0,1.0,1.0,1.0,0.0,0.0,0.2536009,0.066598415,0.0,1.0
1.0,0.0,2.0,17.0,0.0,0.0,0.0,0.0,0.0,0.86580634,0.9366787,0.0,0.0
11.0,27.0,85.0,126.0,1.0,0.0,0.0,0.0,0.0,0.13130724,0.22844204,0.0,1.0
1.0,3.0,1.0,17.0,0.0,0.0,0.0,0.0,0.0,0.8420962,0.9051602,0.0,0.0
0.0,0.0,8.0,18.0,0.0,0.0,0.0,0.0,0.0,0.9125847,0.97235674,0.0,0.0
1.0,2.0,3.0,3.0,0.5,0.5,0.5,0.0,0.0,0.5,0.5,1.0,0.0
3.0,1.0,6.0,5.0,1.0,1.0,1.0,0.0,0.0,0.48266697,0.6712839,0.0,1.0
1.0,3.0,7.0,10.0,0.0,0.0,0.0,0.0,0.0,0.9223451,0.9424941,0.0,0.0
0.0,1.0,3.0,21.0,0.0,0.0,0.0,0.0,0.0,0.8419712,0.91486216,0.0,0.0
0.0,6.0,4.0,9.0,0.0,0.0,1.0,0.0,0.0,0.35844362,0.30896506,1.0,1.0
1.0,2.0,5.0,25.0,0.0,0.0,0.0,0.0,0.0,0.8661369,0.941309,0.0,0.0
5.0,39.0,43.0,155.0,1.0,1.0,0.0,0.0,0.0,0.111460805,0.24488612,0.0,1.0
0.0,2.0,3.0,25.0,0.0,0.0,0.0,0.0,0.0,0.956323,0.91872305,0.0,0.0
1.0,1.0,1.0,14.0,0.0,0.0,0.0,0.0,0.0,0.8822748,0.9289893,0.0,0.0
6.0,21.0,33.0,152.0,1.0,0.0,1.0,0.0,0.0,0.13934839,0.13159162,0.0,1.0
1.0,3.0,8.0,9.0,0.0,0.0,0.0,0.0,0.0,0.90391487,0.9060427,0.0,0.0
0.0,4.0,6.0,24.0,1.0,0.0,1.0,1.0,2942.0,0.6701633,0.800563,0.0,1.0
0.0,3.0,8.0,16.0,0.0,0.0,0.0,0.0,0.0,0.9713068,0.8928958,0.0,0.0
9.0,23.0,88.0,53.0,1.0,1.0,1.0,0.0,0.0,0.22753929,0.2728431,0.0,1.0
2.0,3.0,4.0,20.0,1.0,0.0,1.0,1.0,3893.0,0.8739509,0.7298888,0.0,1.0
0.0,2.0,7.0,20.0,0.0,0.0,0.0,0.0,0.0,0.85461533,0.9689767,0.0,0.0
1.0,0.0,3.0,20.0,1.0,0.0,1.0,1.0,2663.0,0.73716956,0.7045112,0.0,1.0
1.0,0.0,3.0,0.0,0.5,0.5,0.5,0.0,0.0,0.5,0.5,1.0,0.0
11.0,25.0,54.0,57.0,1.0,0.0,0.0,0.0,0.0,0.20242652,0.17584032,0.0,1.0
0.0,3.0,1.0,12.0,1.0,0.0,1.0,1.0,1918.0,0.8545091,0.7380497,0.0,1.0
0.0,1.0,1.0,8.0,0.0,0.0,0.0,0.0,0.0,0.92748195,0.8571341,0.0,0.0
1.0,0.0,4.0,2.0,0.5,0.5,0.5,0.0,0.0,0.5,0.5,1.0,0.0
0.0,1.0,1.0,14.0,0.0,0.0,0.0,0.0,0.0,0.9786423,0.85324234,0.0,0.0
3.0,4.0,13.0,20.0,1.0,0.0,1.0,0.0,0.0,0.56303304,0.7641322,0.0,1.0
1.0,2.0,5.0,16.0,0.0,0.0,0.0,0.0,0.0,0.8192895,0.89896107,0.0,0.0
6.0,38.0,89.0,172.0,1.0,1.0,1.0,0.0,0.0,0.2568134,0.09120609,0.0,1.0
1.0,3.0,5.0,24.0,0.0,0.0,0.0,0.0,0.0,0.9328859,0.8998792,0.0,0.0
1.0,8.0,7.0,8.0,0.0,1.0,0.0,0.0,0.0,0.30664778,0.55017173,0.0,0.0
0.0,1.0,8.0,27.0,0.0,0.0,0.0,0.0,0.0,0.8461239,0.9016453,0.0,0.0
0.0,0.0,3.0,0.0,0.5,0.5,0.5,0.0,0.0,0.5,0.5,1.0,0.0
0.0,1.0,1.0,25.0,0.0,0.0,0.0,0.0,0.0,0.8117849,0.94384694,0.0,0.0
0.0,0.0,1.0,1.0,0.5,0.5,0.5,0.0,0.0,0.5,0.5,1.0,0.0
0.0,2.0,6.0,26.0,0.0,0.0,0.0,0.0,0.0,0.95264274,0.9507656,0.0,0.0
0.0,0.0,8.0,9.0,0.0,0.0,0.0,0.0,0.0,0.944255,0.9434609,0.0,0.0
0.0,0.0,2.0,18.0,0.0,0.0,0.0,0.0,0.0,0.91832715,0.92913175,0.0,0.0
9.0,35.0,51.0,183.0,1.0,1.0,1.0,0.0,0.0,0.12439668,0.055177342,0.0,1.0
0.0,1.0,3.0,8.0,0.0,0.0,0.0,0.0,0.0,0.9557821,0.87533796,0.0,0.0
1.0,1.0,3.0,14.0,0.0,0.0,0.0,0.0,0.0,0.9690569,0.88632005,0.0,0.0
1.0,1.0,1.0,16.0,0.0,0.0,0.0,0.0,0.0,0.86973244,0.8635928,0.0,0.0
0.0,0.0,2.0,19.0,0.0,0.0,0.0,0.0,0.0,0.9668958,0.8671758,0.0,0.0
0.0,0.0,5.0,19.0,0.0,0.0,0.0,0.0,0.0,0.94559824,0.9523508,0.0,0.0
2.0,2.0,4.0,14.0,1.0,1.0,1.0,0.0,0.0,0.6213038,0.77031446,1.0,1.0
0.0,0.0,7.0,10.0,0.0,0.0,0.0,0.0,0.0,0.86783916,0.8948704,0.0,0.0
2.0,0.0,8.0,11.0,1.0,0.0,1.0,1.0,3410.0,0.9261992,0.70471466,0.0,1.0
0.0,2.0,5.0,27.0,0.0,0.0,0.0,0.0,0.0,0.88032913,0.9894911,0.0,0.0
14.0,16.0,86.0,173.0,1.0,1.0,0.0,0.0,0.0,0.10244159,0.2510896,0.0,1.0
1.0,1.0,1.0,27.0,0.0,0.0,0.0,0.0,0.0,0.9718869,0.93057925,0.0,0.0
0.0,1.0,1.0,22.0,0.0,0.0,0.0,0.0,0.0,0.83579075,0.94098383,0.0,0.0
0.0,1.0,3.0,0.0,0.5,0.5,0.5,0.0,0.0,0.5,0.5,1.0,0.0
1.0,1.0,8.0,13.0,0.0,0.0,0.0,0.0,0.0,0.8363065,0.9887519,0.0,0.0
1.0,2.0,2.0,10.0,0.0,0.0,0.0,0.0,0.0,0.81877637,0.92740697,0.0,0.0
2.0,5.0,3.0,11.0,1.0,0.0,1.0,1.0,2289.0,0.7082655,0.9512428,0.0,1.0
2.0,3.0,12.0,10.0,0.0,1.0,1.0,0.0,0.0,0.83433425,0.48807603,0.0,1.0
0.0,2.0,5.0,26.0,0.0,0.0,0.0,0.0,0.0,0.87772804,0.9463084,0.0,0.0
1.0,1.0,4.0,20.0,0.0,0.0,0.0,0.0,0.0,0.92726046,0.9582953,0.0,0.0
1.0,2.0,7.0,11.0,0.0,0.0,0.0,0.0,0.0,0.97944427,0.8848521,0.0,0.0
0.0,1.0,8.0,10.0,0.0,0.0,0.0,0.0,0.0,0.80128074,0.8866794,0.0,0.0
0.0,3.0,7.0,10.0,0.0,0.0,0.0,0.0,0.0,0.854634,0.9837274,0.0,0.0
1.0,3.0,5.0,30.0,0.0,0.0,0.0,0.0,0.0,0.96254534,0.970619,0.0,0.0
0.0,2.0,7.0,14.0,0.0,0.0,0.0,0.0,0.0,0.82886726,0.92673945,0.0,0.0
12.0,12.0,89.0,120.0,1.0,0.0,0.0,0.0,0.0,0.29018137,0.28056836,0.0,1.0
0.0,2.0,3.0,8.0,0.0,0.0,0.0,0.0,0.0,0.88879824,0.9193058,0.0,0.0
1.0,0.0,8.0,25.0,0.0,0.0,0.0,0.0,0.0,0.9252314,0.9046823,0.0,0.0
1.0,0.0,8.0,10.0,0.0,0.0,0.0,0.0,0.0,0.93486977,0.8933302,0.0,0.0
2.0,0.0,3.0,21.0,1.0,0.0,1.0,1.0,2589.0,0.86295784,0.8870708,0.0,1.0
0.0,3.0,3.0,17.0,0.0,0.0,0.0,0.0,0.0,0.81060755,0.9467587,0.0,0.0
2.0,0.0,5.0,14.0,1.0,0.0,1.0,1.0,2923.0,0.79448456,0.93196154,0.0,1.0
0.0,3.0,4.0,27.0,0.0,0.0,0.0,0.0,0.0,0.85106546,0.9050751,0.0,0.0
0.0,3.0,6.0,14.0,0.0,0.0,0.0,0.0,0.0,0.96232176,0.8631802,0.0,0.0
0.0,2.0,8.0,9.0,0.0,0.0,0.0,0.0,0.0,0.8406969,0.96557134,0.0,0.0
1.0,2.0,8.0,7.0,0.0,0.0,0.0,0.0,0.0,0.810899,0.9264914,0.0,0.0
1.0,1.0,6.0,23.0,0.0,0.0,0.0,0.0,0.0,0.86891437,0.9306979,0.0,0.0
2.0,3.0,8.0,24.0,1.0,0.0,1.0,1.0,3179.0,0.7723649,0.85717326,0.0,1.0
0.0,0.0,5.0,21.0,0.0,0.0,0.0,0.0,0.0,0.9194937,0.9366965,0.0,0.0
1.0,7.0,15.0,10.0,1.0,1.0,0.0,0.0,0.0,0.30619216,0.37992296,1.0,1.0
1.0,1.0,3.0,21.0,0.0,0.0,0.0,0.0,0.0,0.92871463,0.91634184,0.0,0.0
1.0,3.0,3.0,19.0,0.0,0.0,0.0,0.0,0.0,0.8530895,0.8653461,0.0,0.0
1.0,3.0,5.0,6.0,0.0,0.0,0.0,0.0,0.0,0.81661373,0.9093006,0.0,0.0
1.0,3.0,7.0,7.0,0.0,0.0,0.0,0.0,0.0,0.81424016,0.8981076,0.0,0.0
1.0,2.0,3.0,3.0,0.5,0.5,0.5,0.0,0.0,0.5,0.5,1.0,0.0
1.0,0.0,8.0,12.0,0.0,0.0,0.0,0.0,0.0,0.84857297,0.96908617,0.0,0.0
0.0,0.0,4.0,4.0,0.5,0.5,0.5,0.0,0.0,0.5,0.5,1.0,0.0
0.0,0.0,4.0,13.0,0.0,0.0,0.0,0.0,0.0,0.9350333,0.87253094,0.0,0.0
0.0,1.0,3.0,21.0,0.0,0.0,0.0,0.0,0.0,0.8965846,0.9701475,0.0,0.0
0.0,3.0,1.0,24.0,0.0,0.0,0.0,0.0,0.0,0.8607383,0.885433,0.0,0.0
1.0,0.0,3.0,6.0,0.0,0.0,0.0,0.0,0.0,0.93299866,0.98489475,0.0,0.0
0.0,1.0,13.0,16.0,0.0,1.0,1.0,0.0,0.0,0.8605629,0.4839113,1.0,1.0
0.0,1.0,6.0,5.0,0.0,0.0,0.0,0.0,0.0,0.9388741,0.9820687,0.0,0.0
0.0,2.0,2.0,2.0,0.5,0.5,0.5,0.0,0.0,0.5,0.5,1.0,0.0
0.0,3.0,1.0,6.0,0.0,0.0,0.0,0.0,0.0,0.92962193,0.90014255,0.0,0.0
0.0,0.0,8.0,15.0,0.0,0.0,0.0,0.0,0.0,0.8373693,0.94576204,0.0,0.0
1.0,3.0,3.0,9.0,0.0,0.0,0.0,0.0,0.0,0.93281466,0.903979,0.0,0.0
3.0,1.0,7.0,3.0,0.0,0.0,1.0,0.0,0.0,0.34431183,0.8992265,0.0,1.0
6.0,15.0,77.0,102.0,1.0,0.0,0.0,0.0,0.0,0.090440854,0.12125887,0.0,1.0
0.0,2.0,2.0,28.0,0.0,0.0,0.0,0.0,0.0,0.94279766,0.9518306,0.0,0.0
7.0,23.0,47.0,55.0,1.0,1.0,1.0,0.0,0.0,0.089519896,0.10000775,0.0,1.0
0.0,5.0,13.0,16.0,1.0,1.0,1.0,0.0,0.0,0.439708,0.5345845,1.0,1.0
1.0,3.0,3.0,6.0,0.0,0.0,0.0,0.0,0.0,0.9500739,0.87561053,0.0,0.0
1.0,0.0,3.0,21.0,0.0,0.0,0.0,0.0,0.0,0.87954223,0.89385647,0.0,0.0
1.0,3.0,3.0,8.0,0.0,0.0,0.0,0.0,0.0,0.97872144,0.96073544,0.0,0.0
0.0,0.0,4.0,0.0,0.5,0.5,0.5,0.0,0.0,0.5,0.5,1.0,0.0
1.0,7.0,3.0,17.0,1.0,1.0,1.0,0.0,0.0,0.6949829,0.84076494,1.0,1.0
6.0,17.0,92.0,67.0,1.0,0.0,1.0,0.0,0.0,0.09184168,0.23502323,0.0,1.0
13.0,32.0,68.0,128.0,1.0,1.0,1.0,0.0,0.0,0.15081139,0.20606034,0.0,1.0
0.0,2.0,3.0,30.0,0.0,0.0,0.0,0.0,0.0,0.8718813,0.8761059,0.0,0.0
0.0,2.0,1.0,10.0,0.0,0.0,0.0,0.0,0.0,0.85758835,0.9724703,0.0,0.0
6.0,32.0,62.0,176.0,1.0,1.0,0.0,0.0,0.0,0.2761509,0.076573424,0.0,1.0
1.0,2.0,6.0,22.0,0.0,0.0,0.0,0.0,0.0,0.8660043,0.89297235,0.0,0.0
1.0,3.0,6.0,29.0,0.0,0.0,0.0,0.0,0.0,0.97242796,0.8564598,0.0,0.0
2.0,4.0,14.0,11.0,1.0,0.0,0.0,0.0,0.0,0.83596313,0.66216445,1.0,0.0
0.0,1.0,3.0,11.0,0.0,0.0,0.0,0.0,0.0,0.8024769,0.98103255,0.0,0.0
5.0,22.0,80.0,185.0,1.0,0.0,1.0,0.0,0.0,0.14347777,0.108855434,0.0,1.0
3.0,4.0,4.0,10.0,1.0,1.0,0.0,0.0,0.0,0.37876627,0.80311066,0.0,1.0
1.0,3.0,1.0,10.0,0.0,0.0,0.0,0.0,0.0,0.8688822,0.8710533,0.0,0.0
1.0,2.0,5.0,2.0,0.5,0.5,0.5,0.0,0.0,0.5,0.5,1.0,0.0
0.0,0.0,7.0,26.0,0.0,0.0,0.0,0.0,0.0,0.92664236,0.93157685,0.0,0.0
15.0,22.0,98.0,54.0,1.0,0.0,1.0,0.0,0.0,0.24988383,0.27200738,0.0,1.0
2.0,0.0,9.0,6.0,1.0,0.0,1.0,1.0,1770.0,0.93137294,0.78906476,0.0,1.0
2.0,0.0,3.0,21.0,1.0,0.0,1.0,1.0,2240.0,0.6213028,0.76600003,0.0,1.0
10.0,23.0,95.0,158.0,1.0,1.0,1.0,0.0,0.0,0.08308503,0.13655977,0.0,1.0
0.0,3.0,1.0,6.0,0.0,0.0,0.0,0.0,0.0,0.8654535,0.86776733,0.0,0.0
3.0,5.0,4.0,3.0,0.0,0.0,0.0,0.0,0.0,0.8011393,0.70141315,0.0,0.0
1.0,3.0,3.0,8.0,0.0,0.0,0.0,0.0,0.0,0.9678582,0.9766257,0.0,0.0
1.0,3.0,3.0,21.0,0.0,0.0,0.0,0.0,0.0,0.946476,0.9040559,0.0,0.0
11.0,40.0,33.0,117.0,1.0,1.0,0.0,0.0,0.0,0.09409123,0.22348043,0.0,1.0
14.0,14.0,100.0,172.0,1.0,0.0,1.0,0.0,0.0,0.23083244,0.0760153,0.0,1.0
0.0,0.0,2.0,9.0,0.0,0.0,0.0,0.0,0.0,0.9559487,0.9379138,0.0,0.0
1.0,0.0,7.0,19.0,0.0,0.0,0.0,0.0,0.0,0.8940792,0.94471264,0.0,0.0
0.0,2.0,3.0,17.0,1.0,0.0,1.0,1.0,3789.0,0.8381911,0.8297218,0.0,1.0
0.0,3.0,8.0,28.0,0.0,0.0,0.0,0.0,0.0,0.9309324,0.94880855,0.0,0.0
1.0,3.0,8.0,19.0,0.0,0.0,0.0,0.0,0.0,0.85473484,0.8684736,0.0,0.0
1.0,5.0,9.0,18.0,1.0,0.0,1.0,1.0,4311.0,0.6816786,0.77513725,0.0,1.0
0.0,1.0,3.0,5.0,0.0,0.0,0.0,0.0,0.0,0.9177416,0.93017864,0.0,0.0
1.0,3.0,2.0,24.0,0.0,0.0,0.0,0.0,0.0,0.9562464,0.95352894,0.0,0.0
2.0,5.0,5.0,18.0,1.0,0.0,1.0,1.0,4419.0,0.7688748,0.83694375,0.0,1.0
14.0,37.0,88.0,50.0,1.0,1.0,1.0,0.0,0.0,0.20033854,0.17315128,0.0,1.0
9.0,35.0,54.0,157.0,1.0,0.0,1.0,0.0,0.0,0.24811588,0.05719328,0.0,1.0
1.0,0.0,6.0,22.0,0.0,0.0,0.0,0.0,0.0,0.8373283,0.8765428,0.0,0.0
1.0,0.0,1.0,6.0,0.0,0.0,0.0,0.0,0.0,0.9763681,0.9064178,0.0,0.0
1.0,0.0,4.0,21.0,0.0,0.0,0.0,0.0,0.0,0.8744613,0.97878844,0.0,0.0
1.0,2.0,3.0,27.0,0.0,0.0,0.0,0.0,0.0,0.8840839,0.86624336,0.0,0.0
3.0,6.0,5.0,11.0,1.0,0.0,1.0,0.0,0.0,0.84929305,0.3993653,0.0,1.0
1.0,1.0,6.0,29.0,0.0,0.0,0.0,0.0,0.0,0.8161064,0.87207776,0.0,0.0
1.0,1.0,1.0,22.0,1.0,0.0,1.0,1.0,1952.0,0.7046422,0.90281427,0.0,1.0
1.0,0.0,1.0,11.0,0.0,0.0,0.0,0.0,0.0,0.8860401,0.94467115,0.0,0.0
0.0,1.0,7.0,20.0,0.0,0.0,0.0,0.0,0.0,0.84586316,0.9722795,0.0,0.0
1.0,1.0,7.0,14.0,0.0,0.0,0.0,0.0,0.0,0.8287585,0.9802773,0.0,0.0
2.0,3.0,6.0,16.0,0.0,0.0,0.0,0.0,0.0,0.35519448,0.3060298,1.0,0.0
1.0,2.0,8.0,14.0,0.0,0.0,0.0,0.0,0.0,0.81737596,0.8657314,0.0,0.0
0.0,1.0,1.0,16.0,0.0,0.0,0.0,0.0,0.0,0.8430662,0.8500402,0.0,0.0
1.0,0.0,6.0,11.0,0.0,0.0,0.0,0.0,0.0,0.965483,0.86952454,0.0,0.0
1.0,0.0,7.0,19.0,0.0,0.0,0.0,0.0,0.0,0.8285489,0.95939505,0.0,0.0
1.0,3.0,7.0,7.0,0.0,0.0,0.0,0.0,0.0,0.8787628,0.9121338,0.0,0.0
0.0,3.0,1.0,20.0,0.0,0.0,0.0,0.0,0.0,0.9600194,0.9263809,0.0,0.0
1.0,2.0,1.0,29.0,0.0,0.0,0.0,0.0,0.0,0.83848214,0.95861185,0.0,0.0
1.0,4.0,13.0,16.0,0.0,1.0,1.0,0.0,0.0,0.73059416,0.3913419,0.0,1.0
7.0,13.0,52.0,111.0,1.0,1.0,1.0,0.0,0.0,0.22778125,0.15819556,0.0,1.0
0.0,4.0,7.0,19.0,1.0,0.0,1.0,1.0,1121.0,0.74249727,0.7597205,0.0,1.0
0.0,1.0,1.0,11.0,0.0,0.0,0.0,0.0,0.0,0.81926996,0.87682635,0.0,0.0
1.0,1.0,6.0,24.0,0.0,0.0,0.0,0.0,0.0,0.96713144,0.9433335,0.0,0.0
0.0,2.0,3.0,9.0,0.0,0.0,0.0,0.0,0.0,0.97612447,0.9086547,0.0,0.0
1.0,2.0,7.0,16.0,0.0,0.0,0.0,0.0,0.0,0.8951777,0.9332868,0.0,0.0
2.0,1.0,4.0,14.0,0.0,1.0,1.0,0.0,0.0,0.77285427,0.4987903,1.0,1.0
1.0,1.0,6.0,7.0,0.0,0.0,0.0,0.0,0.0,0.9439661,0.9430303,0.0,0.0
0.0,0.0,6.0,25.0,0.0,0.0,0.0,0.0,0.0,0.9006481,0.8816441,0.0,0.0
1.0,0.0,1.0,23.0,0.0,0.0,0.0,0.0,0.0,0.8869883,0.901601,0.0,0.0
0.0,1.0,1.0,13.0,0.0,0.0,0.0,0.0,0.0,0.96867883,0.947423,0.0,0.0
1.0,0.0,8.0,20.0,0.0,0.0,0.0,0.0,0.0,0.9316832,0.9538817,0.0,0.0
0.0,2.0,7.0,16.0,0.0,0.0,0.0,0.0,0.0,0.8192616,0.98034143,0.0,0.0
2.0,2.0,3.0,9.0,1.0,0.0,1.0,1.0,4121.0,0.9202482,0.727025,0.0,1.0
1.0,3.0,3.0,14.0,0.0,0.0,0.0,0.0,0.0,0.83700585,0.8566424,0.0,0.0
1.0,2.0,7.0,17.0,0.0,0.0,0.0,0.0,0.0,0.8129282,0.9517456,0.0,0.0
1.0,0.0,3.0,23.0,0.0,0.0,0.0,0.0,0.0,0.94426227,0.9590427,0.0,0.0
2.0,3.0,9.0,10.0,1.0,1.0,1.0,0.0,0.0,0.7510356,0.40646625,0.0,1.0
0.0,1.0,3.0,10.0,0.0,0.0,0.0,0.0,0.0,0.82713974,0.9470515,0.0,0.0
0.0,2.0,7.0,9.0,0.0,0.0,0.0,0.0,0.0,0.9647673,0.9295739,0.0,0.0
0.0,7.0,6.0,8.0,0.0,0.0,1.0,0.0,0.0,0.45786804,0.8976924,1.0,1.0
0.0,2.0,2.0,7.0,0.0,0.0,0.0,0.0,0.0,0.93525314,0.8588495,0.0,0.0
0.0,3.0,8.0,5.0,0.0,0.0,0.0,0.0,0.0,0.83931524,0.92387885,0.0,0.0
0.0,2.0,6.0,24.0,0.0,0.0,0.0,0.0,0.0,0.88685954,0.8704568,0.0,0.0
0.0,0.0,5.0,14.0,0.0,0.0,0.0,0.0,0.0,0.8511853,0.92277324,0.0,0.0
1.0,2.0,2.0,18.0,0.0,0.0,0.0,0.0,0.0,0.85394067,0.98141676,0.0,0.0
1.0,0.0,8.0,17.0,0.0,0.0,0.0,0.0,0.0,0.8264229,0.93637156,0.0,0.0
0.0,1.0,4.0,29.0,0.0,0.0,0.0,0.0,0.0,0.92896146,0.9768312,0.0,0.0
1.0,0.0,4.0,3.0,0.5,0.5,0.5,0.0,0.0,0.5,0.5,1.0,0.0
1.0,2.0,3.0,9.0,0.0,0.0,0.0,0.0,0.0,0.8423528,0.9709732,0.0,0.0
0.0,0.0,6.0,23.0,0.0,0.0,0.0,0.0,0.0,0.945876,0.8830891,0.0,0.0
3.0,6.0,9.0,8.0,1.0,1.0,0.0,0.0,0.0,0.8621418,0.57356596,0.0,1.0
0.0,3.0,5.0,21.0,0.0,0.0,0.0,0.0,0.0,0.8223676,0.9278111,0.0,0.0
11.0,35.0,41.0,125.0,1.0,0.0,0.0,0.0,0.0,0.27833682,0.20636807,0.0,1.0
1.0,3.0,4.0,5.0,1.0,0.0,1.0,1.0,3100.0,0.8557279,0.8586083,0.0,1.0
1.0,3.0,5.0,6.0,0.0,0.0,0.0,0.0,0.0,0.95901567,0.8966961,0.0,0.0
3.0,4.0,8.0,3.0,0.0,0.0,0.0,0.0,0.0,0.55251896,0.63675743,1.0,0.0
1.0,0.0,5.0,24.0,0.0,0.0,0.0,0.0,0.0,0.8644826,0.861557,0.0,0.0
1.0,1.0,4.0,15.0,0.0,0.0,0.0,0.0,0.0,0.8634881,0.8874301,0.0,0.0
14.0,14.0,32.0,65.0,1.0,0.0,0.0,0.0,0.0,0.21603845,0.0834994,0.0,1.0
1.0,5.0,10.0,15.0,1.0,0.0,1.0,0.0,0.0,0.33822554,0.5318603,1.0,1.0
1.0,0.0,4.0,18.0,0.0,0.0,0.0,0.0,0.0,0.830176,0.8798767,0.0,0.0
0.0,0.0,1.0,12.0,0.0,0.0,0.0,0.0,0.0,0.92718595,0.87672746,0.0,0.0
0.0,0.0,4.0,14.0,0.0,0.0,0.0,0.0,0.0,0.8958488,0.9836432,0.0,0.0
0.0,2.0,6.0,11.0,0.0,0.0,0.0,0.0,0.0,0.816194,0.935882,0.0,0.0
1.0,2.0,2.0,0.0,0.5,0.5,0.5,0.0,0.0,0.5,0.5,1.0,0.0
12.0,39.0,85.0,109.0,1.0,1.0,0.0,0.0,0.0,0.10488261,0.21439108,0.0,1.0
0.0,1.0,8.0,19.0,0.0,0.0,0.0,0.0,0.0,0.9529984,0.97663826,0.0,0.0
1.0,0.0,6.0,26.0,0.0,0.0,0.0,0.0,0.0,0.8799751,0.93494684,0.0,0.0
0.0,0.0,3.0,11.0,0.0,0.0,0.0,0.0,0.0,0.97458625,0.91152656,0.0,0.0
0.0,1.0,1.0,16.0,0.0,0.0,0.0,0.0,0.0,0.873945,0.9132662,0.0,0.0
13.0,16.0,45.0,198.0,1.0,0.0,1.0,0.0,0.0,0.2663029,0.18429624,0.0,1.0
0.0,1.0,7.0,30.0,0.0,0.0,0.0,0.0,0.0,0.8191743,0.9883519,0.0,0.0
12.0,21.0,61.0,72.0,1.0,0.0,1.0,0.0,0.0,0.15624627,0.1378475,0.0,1.0
0.0,3.0,8.0,22.0,0.0,0.0,0.0,0.0,0.0,0.8657861,0.8857904,0.0,0.0
0.0,2.0,3.0,6.0,0.0,0.0,0.0,0.0,0.0,0.89334625,0.88269454,0.0,0.0
0.0,1.0,7.0,10.0,0.0,0.0,0.0,0.0,0.0,0.94935495,0.88540196,0.0,0.0
1.0,0.0,7.0,4.0,0.0,1.0,0.0,0.0,0.0,0.5554186,0.53659207,0.0,0.0
7.0,37.0,97.0,84.0,1.0,1.0,1.0,0.0,0.0,0.17259204,0.24864738,0.0,1.0
1.0,0.0,7.0,6.0,0.0,0.0,0.0,0.0,0.0,0.9732983,0.95626694,0.0,0.0
0.0,0.0,5.0,22.0,0.0,0.0,0.0,0.0,0.0,0.96732605,0.96316856,0.0,0.0
0.0,1.0,7.0,22.0,0.0,0.0,0.0,0.0,0.0,0.9272992,0.8514652,0.0,0.0
1.0,3.0,7.0,7.0,0.0,0.0,0.0,0.0,0.0,0.9556397,0.94028896,0.0,0.0
1.0,0.0,8.0,23.0,0.0,0.0,0.0,0.0,0.0,0.8384146,0.9425804,0.0,0.0
0.0,1.0,3.0,15.0,0.0,0.0,0.0,0.0,0.0,0.84321314,0.8729412,0.0,0.0
1.0,0.0,3.0,17.0,0.0,0.0,0.0,0.0,0.0,0.9092842,0.9603077,0.0,0.0
0.0,0.0,3.0,5.0,0.0,0.0,0.0,0.0,0.0,0.8735332,0.946512,0.0,0.0
1.0,1.0,2.0,4.0,0.5,0.5,0.5,0.0,0.0,0.5,0.5,1.0,0.0
0.0,2.0,0.0,0.0,0.5,0.5,0.5,0.0,0.0,0.5,0.5,1.0,0.0
0.0,2.0,15.0,20.0,0.0,0.0,0.0,0.0,0.0,0.6428141,0.520586,1.0,0.0
0.0,1.0,8.0,19.0,0.0,0.0,0.0,0.0,0.0,0.8841391,0.88056815,0.0,0.0
0.0,2.0,2.0,18.0,0.0,0.0,0.0,0.0,0.0,0.9191084,0.8848008,0.0,0.0
11.0,20.0,84.0,169.0,1.0,1.0,0.0,0.0,0.0,0.19720559,0.07082864,0.0,1.0
1.0,3.0,8.0,5.0,0.0,0.0,0.0,0.0,0.0,0.8389611,0.9271689,0.0,0.0
9.0,27.0,61.0,153.0,1.0,1.0,1.0,0.0,0.0,0.06824326,0.06497826,0.0,1.0
1.0,0.0,4.0,9.0,0.0,0.0,0.0,0.0,0.0,0.95163333,0.9540442,0.0,0.0
14.0,18.0,82.0,93.0,1.0,0.0,1.0,0.0,0.0,0.24985074,0.21431178,0.0,1.0
1.0,0.0,4.0,11.0,0.0,0.0,0.0,0.0,0.0,0.91916984,0.8858301,0.0,0.0
1.0,0.0,2.0,1.0,0.5,0.5,0.5,0.0,0.0,0.5,0.5,1.0,0.0
0.0,3.0,3.0,12.0,0.0,0.0,0.0,0.0,0.0,0.92193025,0.8866479,0.0,0.0
1.0,2.0,3.0,12.0,0.0,0.0,0.0,0.0,0.0,0.91745406,0.88104576,0.0,0.0
1.0,1.0,3.0,22.0,0.0,0.0,0.0,0.0,0.0,0.90998477,0.9742394,0.0,0.0
14.0,22.0,56.0,111.0,1.0,1.0,1.0,0.0,0.0,0.18965389,0.07882583,0.0,1.0
0.0,0.0,7.0,7.0,0.0,0.0,0.0,0.0,0.0,0.8019511,0.9551639,0.0,0.0
0.0,3.0,7.0,15.0,0.0,0.0,0.0,0.0,0.0,0.8811594,0.875043,0.0,0.0
0.0,2.0,3.0,3.0,0.5,0.5,0.5,0.0,0.0,0.5,0.5,1.0,0.0
10.0,13.0,67.0,64.0,1.0,1.0,0.0,0.0,0.0,0.10115997,0.104033366,0.0,1.0
1.0,3.0,2.0,21.0,0.0,0.0,0.0,0.0,0.0,0.93319315,0.8995456,0.0,0.0
5.0,33.0,84.0,70.0,1.0,1.0,0.0,0.0,0.0,0.28664464,0.055172723,0.0,1.0
0.0,3.0,1.0,27.0,0.0,0.0,0.0,0.0,0.0,0.8084198,0.98511267,0.0,0.0
1.0,7.0,5.0,17.0,1.0,0.0,0.0,0.0,0.0,0.39456922,0.7116329,0.0,0.0
14.0,17.0,86.0,95.0,1.0,0.0,1.0,0.0,0.0,0.05758542,0.05969357,0.0,1.0
1.0,3.0,1.0,21.0,0.0,0.0,0.0,0.0,0.0,0.9395957,0.9671096,0.0,0.0
0.0,3.0,4.0,10.0,1.0,0.0,1.0,1.0,4293.0,0.93528813,0.85020775,0.0,1.0
2.0,1.0,7.0,21.0,1.0,0.0,1.0,1.0,4020.0,0.6866717,0.7950756,0.0,1.0
0.0,1.0,3.0,13.0,0.0,0.0,0.0,0.0,0.0,0.87372434,0.8524429,0.0,0.0
1.0,2.0,5.0,27.0,0.0,0.0,0.0,0.0,0.0,0.85314155,0.98691225,0.0,0.0
1.0,0.0,3.0,9.0,0.0,0.0,0.0,0.0,0.0,0.8369053,0.92362034,0.0,0.0
1.0,1.0,3.0,10.0,0.0,0.0,0.0,0.0,0.0,0.84087116,0.87646455,0.0,0.0
1.0,1.0,1.0,14.0,0.0,0.0,0.0,0.0,0.0,0.8829391,0.96183735,0.0,0.0
1.0,3.0,5.0,30.0,0.0,0.0,0.0,0.0,0.0,0.8166827,0.93509984,0.0,0.0
0.0,1.0,8.0,29.0,0.0,0.0,0.0,0.0,0.0,0.93200284,0.95001334,0.0,0.0
2.0,5.0,9.0,10.0,1.0,0.0,1.0,1.0,1598.0,0.67858505,0.8720631,0.0,1.0
0.0,0.0,7.0,26.0,0.0,0.0,0.0,0.0,0.0,0.92437214,0.9621442,0.0,0.0
13.0,35.0,80.0,188.0,1.0,0.0,0.0,0.0,0.0,0.18804222,0.27540162,0.0,1.0
1.0,2.0,3.0,12.0,1.0,0.0,1.0,1.0,3442.0,0.94858813,0.9029061,0.0,1.0
1.0,0.0,8.0,6.0,0.0,0.0,0.0,0.0,0.0,0.8038833,0.8879718,0.0,0.0
1.0,1.0,7.0,23.0,0.0,0.0,0.0,0.0,0.0,0.803127,0.98257244,0.0,0.0
2.0,0.0,7.0,7.0,1.0,0.0,1.0,1.0,3261.0,0.7026124,0.88230556,0.0,1.0
1.0,0.0,5.0,27.0,0.0,0.0,0.0,0.0,0.0,0.83775896,0.91625196,0.0,0.0
0.0,3.0,5.0,13.0,0.0,0.0,0.0,0.0,0.0,0.9144237,0.8617028,0.0,0.0
11.0,29.0,99.0,153.0,1.0,1.0,1.0,0.0,0.0,0.24659619,0.19436797,0.0,1.0
1.0,0.0,8.0,28.0,0.0,0.0,0.0,0.0,0.0,0.8708561,0.9021833,0.0,0.0
1.0,0.0,2.0,25.0,0.0,0.0,0.0,0.0,0.0,0.8771503,0.9713592,0.0,0.0
14.0,21.0,33.0,127.0,1.0,0.0,0.0,0.0,0.0,0.2369609,0.12388551,0.0,1.0
1.0,3.0,10.0,14.0,1.0,0.0,1.0,1.0,1257.0,0.86756444,0.8664873,0.0,1.0
0.0,2.0,6.0,25.0,0.0,0.0,0.0,0.0,0.0,0.8413232,0.94062763,0.0,0.0
0.0,3.0,7.0,27.0,0.0,0.0,0.0,0.0,0.0,0.93716806,0.9247785,0.0,0.0
1.0,0.0,5.0,19.0,0.0,0.0,0.0,0.0,0.0,0.8446254,0.86355364,0.0,0.0
0.0,2.0,5.0,11.0,0.0,0.0,0.0,0.0,0.0,0.9552074,0.93927073,0.0,0.0
1.0,2.0,4.0,19.0,0.0,0.0,0.0,0.0,0.0,0.86628926,0.9860601,0.0,0.0
1.0,1.0,7.0,14.0,0.0,0.0,0.0,0.0,0.0,0.84225875,0.86097085,0.0,0.0
14.0,19.0,84.0,179.0,1.0,0.0,1.0,0.0,0.0,0.2782652,0.2023723,0.0,1.0
1.0,1.0,1.0,9.0,0.0,0.0,0.0,0.0,0.0,0.89327073,0.902222,0.0,0.0
15.0,29.0,90.0,171.0,1.0,0.0,0.0,0.0,0.0,0.1478462,0.17367278,0.0,1.0
2.0,0.0,7.0,25.0,1.0,0.0,1.0,1.0,2054.0,0.904509,0.8839486,0.0,1.0
1.0,1.0,6.0,5.0,0.0,0.0,0.0,0.0,0.0,0.9255872,0.89307106,0.0,0.0
0.0,1.0,3.0,25.0,1.0,0.0,1.0,1.0,2757.0,0.7819695,0.80114913,0.0,1.0
0.0,0.0,3.0,25.0,0.0,0.0,0.0,0.0,0.0,0.81376964,0.9261049,0.0,0.0
1.0,0.0,1.0,23.0,0.0,0.0,0.0,0.0,0.0,0.9149966,0.9729678,0.0,0.0
0.0,3.0,5.0,6.0,0.0,0.0,0.0,0.0,0.0,0.9694084,0.96016663,0.0,0.0
0.0,0.0,3.0,9.0,0.0,0.0,0.0,0.0,0.0,0.90377694,0.9606939,0.0,0.0
0.0,1.0,3.0,9.0,0.0,0.0,0.0,0.0,0.0,0.9306083,0.9495551,0.0,0.0
1.0,0.0,4.0,15.0,0.0,0.0,0.0,0.0,0.0,0.91205853,0.9786763,0.0,0.0
1.0,1.0,3.0,6.0,0.0,1.0,1.0,0.0,0.0,0.48841998,0.37244204,1.0,1.0
1.0,0.0,7.0,10.0,0.0,0.0,0.0,0.0,0.0,0.8667837,0.9034023,0.0,0.0
0.0,3.0,4.0,30.0,0.0,0.0,0.0,0.0,0.0,0.91937965,0.9045944,0.0,0.0
0.0,0.0,1.0,29.0,0.0,0.0,0.0,0.0,0.0,0.9065452,0.9324184,0.0,0.0
0.0,1.0,6.0,9.0,0.0,0.0,0.0,0.0,0.0,0.9402089,0.86678296,0.0,0.0
1.0,2.0,2.0,9.0,0.0,0.0,0.0,0.0,0.0,0.8157135,0.91033715,0.0,0.0
1.0,3.0,8.0,10.0,0.0,0.0,1.0,0.0,0.0,0.51472735,0.8583666,0.0,0.0
1.0,7.0,15.0,18.0,1.0,0.0,1.0,0.0,0.0,0.86684465,0.7214541,1.0,1.0
1.0,0.0,8.0,22.0,0.0,0.0,0.0,0.0,0.0,0.91561884,0.8747841,0.0,0.0
0.0,2.0,1.0,17.0,0.0,0.0,0.0,0.0,0.0,0.9158389,0.94552743,0.0,0.0
0.0,0.0,0.0,1.0,0.5,0.5,0.5,0.0,0.0,0.5,0.5,1.0,0.0
1.0,2.0,5.0,19.0,1.0,0.0,1.0,1.0,4168.0,0.8690778,0.95710474,0.0,1.0
0.0,2.0,4.0,13.0,0.0,0.0,0.0,0.0,0.0,0.9568273,0.9807621,0.0,0.0
1.0,0.0,5.0,21.0,0.0,0.0,0.0,0.0,0.0,0.89979315,0.9319285,0.0,0.0
14.0,24.0,80.0,91.0,1.0,0.0,0.0,0.0,0.0,0.17843539,0.27883464,0.0,1.0
1.0,2.0,5.0,10.0,0.0,0.0,0.0,0.0,0.0,0.9170992,0.9045807,0.0,0.0
1.0,3.0,4.0,15.0,0.0,0.0,0.0,0.0,0.0,0.8796709,0.8867718,0.0,0.0
0.0,0.0,3.0,4.0,0.5,0.5,0.5,0.0,0.0,0.5,0.5,1.0,0.0
2.0,4.0,15.0,8.0,1.0,1.0,0.0,0.0,0.0,0.8409377,0.3338569,1.0,1.0
1.0,8.0,7.0,9.0,1.0,0.0,1.0,0.0,0.0,0.3773223,0.68176407,0.0,1.0
15.0,19.0,41.0,110.0,1.0,1.0,1.0,0.0,0.0,0.22177197,0.20993342,0.0,1.0
1.0,2.0,3.0,13.0,0.0,0.0,1.0,0.0,0.0,0.7757181,0.38487658,1.0,1.0
14.0,31.0,83.0,196.0,1.0,1.0,1.0,0.0,0.0,0.25757053,0.21043733,0.0,1.0
0.0,3.0,3.0,13.0,0.0,0.0,0.0,0.0,0.0,0.8711339,0.8711874,0.0,0.0
1.0,1.0,6.0,19.0,0.0,0.0,0.0,0.0,0.0,0.9361677,0.9179579,0.0,0.0
0.0,0.0,9.0,15.0,1.0,0.0,1.0,1.0,4492.0,0.8476095,0.75867325,0.0,1.0
12.0,22.0,39.0,52.0,1.0,1.0,0.0,0.0,0.0,0.06831518,0.103288576,0.0,1.0
2.0,4.0,8.0,8.0,1.0,0.0,1.0,1.0,3425.0,0.8086264,0.7943596,0.0,1.0
1.0,0.0,6.0,27.0,0.0,0.0,0.0,0.0,0.0,0.83572364,0.8765394,0.0,0.0
1.0,0.0,8.0,7.0,0.0,0.0,0.0,0.0,0.0,0.97450083,0.8902458,0.0,0.0
3.0,5.0,5.0,16.0,0.0,0.0,1.0,0.0,0.0,0.43551564,0.3224711,1.0,1.0
7.0,16.0,95.0,60.0,1.0,0.0,0.0,0.0,0.0,0.09158534,0.28061172,0.0,1.0
1.0,2.0,2.0,3.0,0.5,0.5,0.5,0.0,0.0,0.5,0.5,1.0,0.0
13.0,24.0,84.0,80.0,1.0,0.0,0.0,0.0,0.0,0.07647133,0.13084196,0.0,1.0
1.0,0.0,1.0,14.0,0.0,0.0,0.0,0.0,0.0,0.8732233,0.86933255,0.0,0.0
2.0,3.0,14.0,19.0,0.0,1.0,1.0,0.0,0.0,0.4800878,0.4599606,1.0,1.0
0.0,2.0,1.0,17.0,0.0,0.0,0.0,0.0,0.0,0.8636555,0.92024744,0.0,0.0
14.0,13.0,95.0,95.0,1.0,1.0,0.0,0.0,0.0,0.21684931,0.25545228,0.0,1.0
0.0,5.0,2.0,21.0,1.0,0.0,1.0,1.0,2274.0,0.78348434,0.92378086,0.0,1.0
8.0,33.0,90.0,181.0,1.0,1.0,1.0,0.0,0.0,0.20752524,0.11984829,0.0,1.0
1.0,1.0,1.0,28.0,0.0,0.0,0.0,0.0,0.0,0.9511817,0.853043,0.0,0.0
1.0,1.0,3.0,17.0,0.0,0.0,0.0,0.0,0.0,0.8081466,0.90827525,0.0,0.0
8.0,36.0,40.0,89.0,1.0,0.0,1.0,0.0,0.0,0.052460883,0.051104758,0.0,1.0
0.0,5.0,2.0,22.0,1.0,0.0,1.0,1.0,2878.0,0.7158623,0.7177213,0.0,1.0
0.0,1.0,3.0,4.0,1.0,1.0,0.0,0.0,0.0,0.43145669,0.8490804,0.0,1.0
0.0,0.0,2.0,28.0,0.0,0.0,0.0,0.0,0.0,0.9775692,0.9256626,0.0,0.0
1.0,3.0,1.0,15.0,0.0,0.0,0.0,0.0,0.0,0.9670628,0.8572567,0.0,0.0
0.0,2.0,7.0,8.0,0.0,0.0,0.0,0.0,0.0,0.9111613,0.86689633,0.0,0.0
0.0,0.0,1.0,19.0,0.0,0.0,0.0,0.0,0.0,0.9438176,0.9847706,0.0,0.0
0.0,1.0,3.0,15.0,0.0,0.0,0.0,0.0,0.0,0.93613154,0.88188016,0.0,0.0
0.0,1.0,8.0,7.0,0.0,0.0,0.0,0.0,0.0,0.9787959,0.85078436,0.0,0.0
1.0,0.0,3.0,3.0,0.5,0.5,0.5,0.0,0.0,0.5,0.5,1.0,0.0
0.0,1.0,7.0,26.0,0.0,0.0,0.0,0.0,0.0,0.92951953,0.94904214,0.0,0.0
1.0,1.0,4.0,12.0,0.0,0.0,0.0,0.0,0.0,0.92372805,0.90029657,0.0,0.0
1.0,1.0,7.0,13.0,0.0,0.0,0.0,0.0,0.0,0.9391823,0.9717549,0.0,0.0
0.0,1.0,2.0,17.0,0.0,0.0,0.0,0.0,0.0,0.91989183,0.85176665,0.0,0.0
1.0,3.0,8.0,10.0,1.0,0.0,1.0,1.0,3446.0,0.9306302,0.91451156,0.0,1.0
0.0,3.0,3.0,29.0,0.0,0.0,0.0,0.0,0.0,0.93667537,0.9052101,0.0,0.0
1.0,1.0,7.0,19.0,0.0,0.0,0.0,0.0,0.0,0.8051809,0.9469375,0.0,0.0
0.0,0.0,1.0,11.0,0.0,0.0,0.0,0.0,0.0,0.9421177,0.97558784,0.0,0.0
0.0,0.0,4.0,11.0,0.0,0.0,0.0,0.0,0.0,0.9258124,0.9735458,0.0,0.0
14.0,14.0,92.0,193.0,1.0,1.0,0.0,0.0,0.0,0.1018878,0.29621714,0.0,1.0
1.0,1.0,1.0,2.0,0.5,0.5,0.5,0.0,0.0,0.5,0.5,1.0,0.0
3.0,8.0,5.0,4.0,0.0,1.0,1.0,0.0,0.0,0.30642623,0.8103406,1.0,1.0
1.0,1.0,4.0,19.0,0.0,0.0,0.0,0.0,0.0,0.9673485,0.9304869,0.0,0.0
1.0,2.0,1.0,0.0,0.5,0.5,0.5,0.0,0.0,0.5,0.5,1.0,0.0
0.0,2.0,2.0,22.0,0.0,0.0,0.0,0.0,0.0,0.8282265,0.87034756,0.0,0.0
2.0,0.0,7.0,9.0,1.0,0.0,1.0,1.0,3835.0,0.9306326,0.77606,0.0,1.0
0.0,1.0,4.0,11.0,0.0,0.0,0.0,0.0,0.0,0.8785788,0.9513788,0.0,0.0
5.0,38.0,92.0,105.0,1.0,1.0,1.0,0.0,0.0,0.07502338,0.17592512,0.0,1.0
1.0,3.0,3.0,5.0,1.0,0.0,1.0,0.0,0.0,0.6206256,0.30350825,0.0,1.0
1.0,2.0,5.0,29.0,0.0,0.0,0.0,0.0,0.0,0.8300597,0.8711887,0.0,0.0
0.0,1.0,7.0,30.0,0.0,0.0,0.0,0.0,0.0,0.9167837,0.87053883,0.0,0.0
1.0,0.0,1.0,13.0,0.0,0.0,0.0,0.0,0.0,0.9108957,0.873831,0.0,0.0
0.0,3.0,1.0,16.0,0.0,0.0,0.0,0.0,0.0,0.9247903,0.9169537,0.0,0.0
1.0,0.0,5.0,19.0,0.0,0.0,0.0,0.0,0.0,0.9437697,0.944113,0.0,0.0
1.0,4.0,5.0,7.0,1.0,0.0,1.0,1.0,3525.0,0.8495327,0.83642936,0.0,1.0
1.0,0.0,2.0,26.0,0.0,0.0,0.0,0.0,0.0,0.8599909,0.9054469,0.0,0.0
6.0,26.0,59.0,73.0,1.0,1.0,1.0,0.0,0.0,0.25224084,0.12900835,0.0,1.0
15.0,15.0,31.0,160.0,1.0,0.0,1.0,0.0,0.0,0.10281483,0.25019717,0.0,1.0
0.0,0.0,6.0,25.0,0.0,0.0,0.0,0.0,0.0,0.8196853,0.96200705,0.0,0.0
3.0,8.0,2.0,12.0,0.0,0.0,1.0,0.0,0.0,0.4319712,0.3122974,1.0,1.0
0.0,1.0,1.0,4.0,0.5,0.5,0.5,0.0,0.0,0.5,0.5,1.0,0.0
0.0,0.0,6.0,14.0,0.0,0.0,0.0,0.0,0.0,0.9220092,0.8634225,0.0,0.0
0.0,1.0,3.0,1.0,0.5,0.5,0.5,0.0,0.0,0.5,0.5,1.0,0.0
1.0,2.0,2.0,9.0,0.0,0.0,0.0,0.0,0.0,0.86710995,0.89345765,0.0,0.0
1.0,1.0,3.0,15.0,0.0,0.0,0.0,0.0,0.0,0.9614916,0.94197047,0.0,0.0
0.0,0.0,6.0,30.0,0.0,0.0,0.0,0.0,0.0,0.87727845,0.9233396,0.0,0.0
14.0,28.0,89.0,155.0,1.0,0.0,1.0,0.0,0.0,0.13615344,0.19879448,0.0,1.0
0.0,3.0,3.0,20.0,0.0,0.0,0.0,0.0,0.0,0.91035295,0.9101835,0.0,0.0
0.0,1.0,1.0,13.0,0.0,0.0,0.0,0.0,0.0,0.94386476,0.97541636,0.0,0.0
1.0,1.0,1.0,12.0,0.0,0.0,0.0,0.0,0.0,0.80432016,0.909799,0.0,0.0
0.0,1.0,4.0,11.0,1.0,0.0,1.0,1.0,2102.0,0.82805556,0.84885156,0.0,1.0
1.0,0.0,2.0,6.0,0.0,0.0,0.0,0.0,0.0,0.9650086,0.9028353,0.0,0.0
0.0,3.0,2.0,17.0,0.0,0.0,0.0,0.0,0.0,0.93153125,0.8705961,0.0,0.0
1.0,2.0,3.0,29.0,0.0,0.0,0.0,0.0,0.0,0.92324287,0.9873147,0.0,0.0
0.0,1.0,4.0,18.0,0.0,0.0,0.0,0.0,0.0,0.8069193,0.9064525,0.0,0.0
14.0,21.0,62.0,89.0,1.0,1.0,0.0,0.0,0.0,0.22933872,0.21625102,0.0,1.0
1.0,2.0,4.0,5.0,1.0,1.0,1.0,0.0,0.0,0.7893544,0.3581384,0.0,1.0
1.0,2.0,5.0,20.0,0.0,0.0,0.0,0.0,0.0,0.8474282,0.9836467,0.0,0.0
1.0,3.0,2.0,29.0,0.0,0.0,0.0,0.0,0.0,0.97022545,0.9182613,0.0,0.0
10.0,37.0,52.0,119.0,1.0,0.0,0.0,0.0,0.0,0.18745832,0.05047775,0.0,1.0
0.0,0.0,1.0,3.0,0.5,0.5,0.5,0.0,0.0,0.5,0.5,1.0,0.0
14.0,22.0,35.0,57.0,1.0,0.0,0.0,0.0,0.0,0.2871367,0.24275559,0.0,1.0
1.0,2.0,4.0,5.0,0.0,0.0,0.0,0.0,0.0,0.827264,0.9763994,0.0,0.0
1.0,3.0,5.0,10.0,0.0,0.0,0.0,0.0,0.0,0.81644666,0.9516558,0.0,0.0
1.0,3.0,1.0,15.0,0.0,0.0,0.0,0.0,0.0,0.96454024,0.89129794,0.0,0.0
0.0,5.0,3.0,13.0,1.0,0.0,1.0,1.0,3479.0,0.7594148,0.8975093,0.0,1.0
1.0,5.0,2.0,9.0,1.0,0.0,1.0,1.0,3650.0,0.7273079,0.9375566,0.0,1.0
0.0,1.0,4.0,0.0,0.5,0.5,0.5,0.0,0.0,0.5,0.5,1.0,0.0
0.0,0.0,4.0,26.0,0.0,0.0,0.0,0.0,0.0,0.8427807,0.9460761,0.0,0.0
1.0,2.0,3.0,5.0,0.0,0.0,0.0,0.0,0.0,0.9325912,0.9607075,0.0,0.0
7.0,24.0,61.0,150.0,1.0,1.0,1.0,0.0,0.0,0.2241551,0.17736006,0.0,1.0
0.0,1.0,4.0,23.0,0.0,0.0,0.0,0.0,0.0,0.8572408,0.9533347,0.0,0.0
6.0,29.0,75.0,180.0,1.0,0.0,1.0,0.0,0.0,0.13657919,0.23549691,0.0,1.0
8.0,40.0,88.0,73.0,1.0,1.0,1.0,0.0,0.0,0.22292936,0.27679062,0.0,1.0
0.0,1.0,3.0,1.0,0.5,0.5,0.5,0.0,0.0,0.5,0.5,1.0,0.0
11.0,14.0,59.0,85.0,1.0,1.0,0.0,0.0,0.0,0.06106198,0.12548448,0.0,1.0
1.0,4.0,9.0,20.0,1.0,0.0,0.0,0.0,0.0,0.44658983,0.5768937,1.0,0.0
1.0,3.0,8.0,18.0,0.0,0.0,0.0,0.0,0.0,0.81873316,0.8724438,0.0,0.0
1.0,2.0,7.0,16.0,0.0,0.0,0.0,0.0,0.0,0.89302105,0.86328894,0.0,0.0
1.0,3.0,8.0,16.0,0.0,0.0,0.0,0.0,0.0,0.92304754,0.94706476,0.0,0.0
0.0,1.0,2.0,21.0,0.0,0.0,0.0,0.0,0.0,0.9013924,0.9354447,0.0,0.0
0.0,1.0,5.0,12.0,0.0,0.0,0.0,0.0,0.0,0.9423277,0.9092188,0.0,0.0
1.0,1.0,3.0,0.0,0.5,0.5,0.5,0.0,0.0,0.5,0.5,1.0,0.0
0.0,1.0,6.0,12.0,0.0,0.0,0.0,0.0,0.0,0.90801483,0.8546006,0.0,0.0
1.0,1.0,0.0,4.0,0.5,0.5,0.5,0.0,0.0,0.5,0.5,1.0,0.0
1.0,0.0,8.0,28.0,0.0,0.0,0.0,0.0,0.0,0.92541736,0.8946473,0.0,0.0
0.0,2.0,2.0,1.0,0.5,0.5,0.5,0.0,0.0,0.5,0.5,1.0,0.0
1.0,0.0,3.0,1.0,0.5,0.5,0.5,0.0,0.0,0.5,0.5,1.0,0.0
12.0,30.0,77.0,162.0,1.0,0.0,1.0,0.0,0.0,0.2559713,0.27245823,0.0,1.0
2.0,3.0,2.0,5.0,1.0,1.0,1.0,0.0,0.0,0.41302565,0.87228775,1.0,1.0
0.0,1.0,4.0,30.0,0.0,0.0,0.0,0.0,0.0,0.9444081,0.86057824,0.0,0.0
12.0,19.0,33.0,50.0,1.0,0.0,1.0,0.0,0.0,0.12504235,0.2101388,0.0,1.0
1.0,0.0,1.0,16.0,0.0,0.0,0.0,0.0,0.0,0.9160235,0.9481859,0.0,0.0
15.0,18.0,76.0,53.0,1.0,0.0,1.0,0.0,0.0,0.2937418,0.07721327,0.0,1.0
2.0,0.0,6.0,22.0,1.0,0.0,1.0,1.0,2754.0,0.8315325,0.71999747,0.0,1.0
0.0,1.0,1.0,24.0,0.0,0.0,0.0,0.0,0.0,0.91504914,0.8644353,0.0,0.0
0.0,1.0,5.0,26.0,0.0,0.0,0.0,0.0,0.0,0.9298198,0.968159,0.0,0.0
0.0,3.0,4.0,7.0,0.0,0.0,0.0,0.0,0.0,0.9021701,0.9595213,0.0,0.0
3.0,0.0,2.0,9.0,1.0,1.0,1.0,0.0,0.0,0.86085063,0.63038653,1.0,1.0
1.0,0.0,13.0,15.0,1.0,1.0,0.0,0.0,0.0,0.6849259,0.50800765,1.0,1.0
1.0,1.0,1.0,4.0,0.5,0.5,0.5,0.0,0.0,0.5,0.5,1.0,0.0
1.0,1.0,6.0,11.0,0.0,0.0,0.0,0.0,0.0,0.97142786,0.9860442,0.0,0.0
0.0,3.0,7.0,6.0,0.0,0.0,0.0,0.0,0.0,0.82796913,0.9757097,0.0,0.0
0.0,0.0,5.0,10.0,1.0,1.0,1.0,0.0,0.0,0.5184553,0.48672056,1.0,1.0
1.0,3.0,2.0,7.0,1.0,0.0,1.0,1.0,3246.0,0.8299579,0.9069387,0.0,1.0
2.0,6.0,7.0,11.0,0.0,0.0,0.0,0.0,0.0,0.840348,0.49753734,1.0,0.0
0.0,0.0,2.0,0.0,0.5,0.5,0.5,0.0,0.0,0.5,0.5,1.0,0.0
0.0,1.0,3.0,10.0,0.0,0.0,0.0,0.0,0.0,0.84282297,0.85576123,0.0,0.0
1.0,2.0,5.0,23.0,0.0,0.0,0.0,0.0,0.0,0.8702933,0.9612053,0.0,0.0
1.0,3.0,4.0,11.0,1.0,0.0,1.0,1.0,1767.0,0.8490864,0.8808439,0.0,1.0
0.0,1.0,2.0,20.0,0.0,0.0,0.0,0.0,0.0,0.95215935,0.940287,0.0,0.0
8.0,31.0,74.0,192.0,1.0,1.0,1.0,0.0,0.0,0.18853596,0.092742294,0.0,1.0
0.0,0.0,1.0,24.0,0.0,0.0,0.0,0.0,0.0,0.809005,0.85156965,0.0,0.0
8.0,21.0,80.0,63.0,1.0,1.0,0.0,0.0,0.0,0.07566588,0.26190737,0.0,1.0
0.0,1.0,5.0,17.0,0.0,0.0,0.0,0.0,0.0,0.84776586,0.924304,0.0,0.0
1.0,1.0,0.0,2.0,0.5,0.5,0.5,0.0,0.0,0.5,0.5,1.0,0.0
1.0,4.0,8.0,22.0,1.0,0.0,1.0,1.0,2245.0,0.7839581,0.8656098,0.0,1.0
1.0,2.0,6.0,18.0,0.0,0.0,0.0,0.0,0.0,0.8702768,0.8895257,0.0,0.0
2.0,6.0,5.0,13.0,0.0,0.0,0.0,0.0,0.0,0.31810337,0.34353018,1.0,0.0
1.0,0.0,8.0,26.0,0.0,0.0,0.0,0.0,0.0,0.8973202,0.88406986,0.0,0.0
5.0,36.0,65.0,82.0,1.0,0.0,0.0,0.0,0.0,0.18699183,0.05039096,0.0,1.0
1.0,0.0,3.0,20.0,0.0,0.0,0.0,0.0,0.0,0.84864473,0.94455564,0.0,0.0
1.0,2.0,5.0,18.0,0.0,0.0,0.0,0.0,0.0,0.8096277,0.9244432,0.0,0.0
1.0,1.0,4.0,2.0,0.5,0.5,0.5,0.0,0.0,0.5,0.5,1.0,0.0
2.0,4.0,3.0,8.0,1.0,0.0,1.0,1.0,2501.0,0.8488885,0.9297169,0.0,1.0
1.0,3.0,1.0,11.0,0.0,0.0,0.0,0.0,0.0,0.8194071,0.96102774,0.0,0.0
0.0,0.0,3.0,15.0,0.0,0.0,0.0,0.0,0.0,0.9022161,0.98564833,0.0,0.0
1.0,3.0,3.0,22.0,0.0,0.0,0.0,0.0,0.0,0.9649142,0.8534626,0.0,0.0
1.0,0.0,2.0,12.0,0.0,0.0,0.0,0.0,0.0,0.91360897,0.97893006,0.0,0.0
1.0,1.0,3.0,29.0,0.0,0.0,0.0,0.0,0.0,0.82638496,0.86314744,0.0,0.0
10.0,29.0,88.0,101.0,1.0,1.0,0.0,0.0,0.0,0.097211845,0.08707095,0.0,1.0
1.0,0.0,5.0,0.0,0.5,0.5,0.5,0.0,0.0,0.5,0.5,1.0,0.0
1.0,2.0,5.0,20.0,0.0,0.0,0.0,0.0,0.0,0.82290006,0.9382473,0.0,0.0
1.0,2.0,6.0,9.0,0.0,0.0,0.0,0.0,0.0,0.92537534,0.8997671,0.0,0.0
11.0,34.0,100.0,170.0,1.0,0.0,0.0,0.0,0.0,0.22008549,0.19895361,0.0,1.0
1.0,2.0,2.0,20.0,0.0,0.0,0.0,0.0,0.0,0.8691932,0.9393305,0.0,0.0
1.0,0.0,7.0,13.0,0.0,0.0,0.0,0.0,0.0,0.89536893,0.93673193,0.0,0.0
1.0,5.0,11.0,15.0,1.0,0.0,1.0,0.0,0.0,0.82384646,0.7837621,0.0,0.0
0.0,1.0,5.0,1.0,0.5,0.5,0.5,0.0,0.0,0.5,0.5,1.0,0.0
0.0,3.0,3.0,21.0,0.0,0.0,0.0,0.0,0.0,0.86674833,0.94788563,0.0,0.0
0.0,2.0,0.0,2.0,0.5,0.5,0.5,0.0,0.0,0.5,0.5,1.0,0.0
1.0,2.0,4.0,19.0,0.0,0.0,0.0,0.0,0.0,0.9726187,0.895984,0.0,0.0
1.0,0.0,7.0,7.0,0.0,0.0,0.0,0.0,0.0,0.8775093,0.9893137,0.0,0.0
1.0,2.0,1.0,1.0,0.5,0.5,0.5,0.0,0.0,0.5,0.5,1.0,0.0
3.0,2.0,1.0,14.0,0.0,1.0,1.0,0.0,0.0,0.31009075,0.5971613,1.0,1.0
3.0,5.0,15.0,12.0,1.0,1.0,0.0,0.0,0.0,0.5081203,0.701926,0.0,1.0
1.0,1.0,2.0,24.0,0.0,0.0,0.0,0.0,0.0,0.9585525,0.9530065,0.0,0.0
1.0,1.0,6.0,20.0,0.0,0.0,0.0,0.0,0.0,0.895483,0.98360693,0.0,0.0
10.0,29.0,60.0,107.0,1.0,0.0,1.0,0.0,0.0,0.2873088,0.28734097,0.0,1.0
0.0,3.0,5.0,23.0,0.0,0.0,0.0,0.0,0.0,0.94531846,0.9063997,0.0,0.0
0.0,1.0,4.0,6.0,0.0,0.0,0.0,0.0,0.0,0.89604187,0.89085805,0.0,0.0
0.0,2.0,2.0,10.0,1.0,1.0,1.0,0.0,0.0,0.6737901,0.7174599,0.0,1.0
14.0,29.0,48.0,82.0,1.0,1.0,1.0,0.0,0.0,0.106891006,0.25095725,0.0,1.0
1.0,1.0,4.0,24.0,0.0,0.0,0.0,0.0,0.0,0.8502468,0.98181677,0.0,0.0
0.0,3.0,1.0,11.0,0.0,0.0,0.0,0.0,0.0,0.9052125,0.962906,0.0,0.0
0.0,3.0,6.0,25.0,0.0,0.0,0.0,0.0,0.0,0.89528,0.9166462,0.0,0.0
0.0,3.0,4.0,8.0,0.0,0.0,0.0,0.0,0.0,0.9594636,0.89220345,0.0,0.0
1.0,1.0,9.0,6.0,1.0,0.0,1.0,1.0,2404.0,0.9444251,0.98053026,0.0,1.0
0.0,1.0,1.0,19.0,1.0,0.0,1.0,0.0,0.0,0.7664024,0.84445846,1.0,1.0
2.0,5.0,7.0,12.0,1.0,0.0,1.0,1.0,1717.0,0.6294164,0.72742605,0.0,1.0
0.0,1.0,4.0,13.0,0.0,0.0,0.0,0.0,0.0,0.91046935,0.9261905,0.0,0.0
2.0,4.0,5.0,24.0,1.0,0.0,1.0,1.0,4076.0,0.92870706,0.943418,0.0,1.0
10.0,35.0,38.0,187.0,1.0,1.0,0.0,0.0,0.0,0.18101744,0.17438729,0.0,1.0
3.0,8.0,5.0,7.0,0.0,0.0,1.0,0.0,0.0,0.3839585,0.55331445,0.0,1.0
14.0,21.0,34.0,50.0,1.0,1.0,0.0,0.0,0.0,0.059753433,0.23782733,0.0,1.0
5.0,30.0,65.0,58.0,1.0,1.0,1.0,0.0,0.0,0.149607,0.23149313,0.0,1.0
0.0,0.0,2.0,17.0,0.0,0.0,0.0,0.0,0.0,0.87248534,0.8681303,0.0,0.0
0.0,4.0,7.0,20.0,0.0,1.0,1.0,0.0,0.0,0.552078,0.74262553,0.0,1.0
1.0,2.0,1.0,13.0,0.0,0.0,0.0,0.0,0.0,0.9569815,0.8531538,0.0,0.0
0.0,3.0,6.0,14.0,0.0,0.0,0.0,0.0,0.0,0.9322774,0.9386063,0.0,0.0
0.0,2.0,3.0,30.0,0.0,0.0,0.0,0.0,0.0,0.8441291,0.9833658,0.0,0.0
0.0,1.0,5.0,13.0,0.0,0.0,0.0,0.0,0.0,0.9600391,0.8816709,0.0,0.0
0.0,7.0,3.0,19.0,0.0,0.0,0.0,0.0,0.0,0.5202306,0.3799913,1.0,0.0
1.0,3.0,2.0,8.0,0.0,0.0,0.0,0.0,0.0,0.86035144,0.8885948,0.0,0.0
2.0,1.0,4.0,21.0,1.0,0.0,1.0,1.0,2969.0,0.82579887,0.9431078,0.0,1.0
1.0,4.0,8.0,4.0,1.0,1.0,1.0,0.0,0.0,0.7611667,0.39635527,1.0,1.0
0.0,1.0,5.0,27.0,0.0,0.0,0.0,0.0,0.0,0.85931146,0.9451873,0.0,0.0
0.0,1.0,5.0,27.0,0.0,0.0,0.0,0.0,0.0,0.81369436,0.8826811,0.0,0.0
0.0,2.0,6.0,15.0,0.0,0.0,0.0,0.0,0.0,0.9276699,0.88774586,0.0,0.0
1.0,0.0,5.0,6.0,0.0,0.0,0.0,0.0,0.0,0.96510845,0.8829324,0.0,0.0
1.0,3.0,10.0,11.0,1.0,0.0,1.0,1.0,1764.0,0.85256547,0.73505104,0.0,1.0
0.0,3.0,1.0,21.0,1.0,0.0,1.0,1.0,1501.0,0.7417319,0.7794847,0.0,1.0
7.0,24.0,87.0,69.0,1.0,0.0,0.0,0.0,0.0,0.17040439,0.10802978,0.0,1.0
1.0,0.0,0.0,0.0,0.5,0.5,0.5,0.0,0.0,0.5,0.5,1.0,0.0
1.0,1.0,1.0,2.0,0.5,0.5,0.5,0.0,0.0,0.5,0.5,1.0,0.0
2.0,1.0,1.0,10.0,1.0,1.0,1.0,0.0,0.0,0.56769913,0.43930843,0.0,1.0
11.0,20.0,73.0,63.0,1.0,0.0,0.0,0.0,0.0,0.07804138,0.1830665,0.0,1.0
0.0,2.0,3.0,19.0,0.0,0.0,0.0,0.0,0.0,0.89155024,0.968605,0.0,0.0
0.0,1.0,2.0,22.0,0.0,0.0,0.0,0.0,0.0,0.92533356,0.98997545,0.0,0.0
0.0,7.0,8.0,16.0,1.0,0.0,0.0,0.0,0.0,0.48685852,0.58169216,1.0,0.0
1.0,1.0,0.0,4.0,0.5,0.5,0.5,0.0,0.0,0.5,0.5,1.0,0.0
1.0,2.0,1.0,25.0,0.0,0.0,0.0,0.0,0.0,0.946866,0.96535045,0.0,0.0
0.0,2.0,5.0,23.0,0.0,0.0,0.0,0.0,0.0,0.88116026,0.8816981,0.0,0.0
1.0,1.0,1.0,7.0,0.0,0.0,0.0,0.0,0.0,0.96948117,0.8742258,0.0,0.0
1.0,0.0,8.0,26.0,0.0,0.0,0.0,0.0,0.0,0.94524556,0.98199487,0.0,0.0
1.0,1.0,2.0,3.0,0.5,0.5,0.5,0.0,0.0,0.5,0.5,1.0,0.0
1.0,0.0,8.0,22.0,0.0,0.0,0.0,0.0,0.0,0.96689004,0.91499573,0.0,0.0
6.0,28.0,63.0,133.0,1.0,1.0,0.0,0.0,0.0,0.14474574,0.051919583,0.0,1.0
0.0,2.0,4.0,25.0,0.0,0.0,0.0,0.0,0.0,0.8123513,0.98402,0.0,0.0
1.0,0.0,3.0,15.0,0.0,0.0,0.0,0.0,0.0,0.819379,0.9129313,0.0,0.0
1.0,0.0,4.0,11.0,0.0,0.0,0.0,0.0,0.0,0.93029326,0.88122493,0.0,0.0
1.0,2.0,1.0,19.0,0.0,0.0,0.0,0.0,0.0,0.96979827,0.9700174,0.0,0.0
5.0,16.0,63.0,94.0,1.0,1.0,1.0,0.0,0.0,0.084723204,0.22543725,0.0,1.0
0.0,1.0,11.0,20.0,1.0,0.0,0.0,0.0,0.0,0.74281466,0.43108228,0.0,0.0
1.0,3.0,4.0,30.0,0.0,0.0,0.0,0.0,0.0,0.8244946,0.97985256,0.0,0.0
3.0,5.0,7.0,13.0,1.0,0.0,0.0,0.0,0.0,0.4978822,0.7162042,1.0,1.0
9.0,17.0,100.0,117.0,1.0,0.0,1.0,0.0,0.0,0.16783634,0.20327102,0.0,1.0
1.0,4.0,2.0,25.0,1.0,0.0,1.0,1.0,3291.0,0.62980324,0.9769988,0.0,1.0
1.0,2.0,13.0,17.0,1.0,0.0,1.0,0.0,0.0,0.8307835,0.7425562,0.0,0.0
3.0,4.0,1.0,9.0,1.0,1.0,0.0,0.0,0.0,0.819479,0.4991548,0.0,1.0
0.0,1.0,2.0,21.0,0.0,0.0,0.0,0.0,0.0,0.95428824,0.95492244,0.0,0.0
0.0,2.0,1.0,21.0,0.0,0.0,0.0,0.0,0.0,0.8243154,0.97464544,0.0,0.0
1.0,2.0,8.0,17.0,0.0,0.0,0.0,0.0,0.0,0.971367,0.95327336,0.0,0.0
1.0,2.0,4.0,18.0,0.0,0.0,0.0,0.0,0.0,0.9620826,0.88904315,0.0,0.0
0.0,2.0,1.0,27.0,0.0,0.0,0.0,0.0,0.0,0.9655787,0.8927882,0.0,0.0
1.0,0.0,6.0,22.0,0.0,0.0,0.0,0.0,0.0,0.8056473,0.9720856,0.0,0.0
10.0,12.0,97.0,67.0,1.0,1.0,0.0,0.0,0.0,0.22534591,0.22291386,0.0,1.0
0.0,1.0,6.0,25.0,0.0,0.0,0.0,0.0,0.0,0.8253244,0.8691325,0.0,0.0
15.0,24.0,65.0,150.0,1.0,0.0,1.0,0.0,0.0,0.28258473,0.124542564,0.0,1.0
0.0,2.0,7.0,8.0,0.0,0.0,0.0,0.0,0.0,0.9590065,0.8585165,0.0,0.0
0.0,2.0,1.0,2.0,0.5,0.5,0.5,0.0,0.0,0.5,0.5,1.0,0.0
1.0,2.0,6.0,7.0,0.0,0.0,0.0,0.0,0.0,0.96775746,0.91764396,0.0,0.0
1.0,5.0,4.0,13.0,1.0,0.0,1.0,1.0,1652.0,0.8755811,0.73134774,0.0,1.0
1.0,3.0,6.0,7.0,0.0,0.0,0.0,0.0,0.0,0.91017395,0.9724938,0.0,0.0
0.0,3.0,2.0,20.0,0.0,0.0,0.0,0.0,0.0,0.97806114,0.9441214,0.0,0.0
0.0,0.0,2.0,6.0,0.0,0.0,0.0,0.0,0.0,0.8372995,0.96285355,0.0,0.0
0.0,0.0,6.0,7.0,0.0,0.0,0.0,0.0,0.0,0.9767107,0.9241483,0.0,0.0
2.0,4.0,10.0,22.0,1.0,0.0,1.0,1.0,3034.0,0.85036004,0.9628047,0.0,1.0
7.0,36.0,90.0,164.0,1.0,0.0,0.0,0.0,0.0,0.05475097,0.10391369,0.0,1.0
1.0,1.0,1.0,11.0,0.0,0.0,0.0,0.0,0.0,0.9292334,0.93279016,0.0,0.0
1.0,0.0,3.0,8.0,0.0,0.0,0.0,0.0,0.0,0.94153214,0.85150135,0.0,0.0
8.0,36.0,59.0,54.0,1.0,1.0,1.0,0.0,0.0,0.1824313,0.233519,0.0,1.0
1.0,1.0,2.0,25.0,0.0,0.0,0.0,0.0,0.0,0.9431471,0.951578,0.0,0.0
1.0,3.0,1.0,10.0,0.0,0.0,0.0,0.0,0.0,0.8795039,0.8871875,0.0,0.0
1.0,0.0,3.0,12.0,0.0,0.0,0.0,0.0,0.0,0.8081142,0.9704803,0.0,0.0
2.0,5.0,5.0,11.0,1.0,0.0,1.0,1.0,1950.0,0.8261581,0.841566,0.0,1.0
2.0,1.0,9.0,11.0,1.0,1.0,1.0,0.0,0.0,0.65787256,0.79110384,0.0,1.0
1.0,2.0,5.0,26.0,0.0,0.0,0.0,0.0,0.0,0.94138414,0.90213114,0.0,0.0
0.0,3.0,8.0,13.0,0.0,0.0,0.0,0.0,0.0,0.89172655,0.98214215,0.0,0.0
3.0,5.0,11.0,17.0,0.0,0.0,0.0,0.0,0.0,0.4007518,0.8398601,0.0,0.0
1.0,0.0,3.0,9.0,0.0,0.0,0.0,0.0,0.0,0.9077753,0.93704695,0.0,0.0
1.0,3.0,7.0,16.0,0.0,0.0,0.0,0.0,0.0,0.8982843,0.8642,0.0,0.0
1.0,2.0,2.0,18.0,0.0,0.0,0.0,0.0,0.0,0.91155386,0.8665752,0.0,0.0
0.0,2.0,5.0,25.0,0.0,0.0,0.0,0.0,0.0,0.8319401,0.9827823,0.0,0.0
1.0,0.0,6.0,6.0,0.0,0.0,0.0,0.0,0.0,0.8918353,0.85170317,0.0,0.0
14.0,29.0,57.0,146.0,1.0,1.0,1.0,0.0,0.0,0.29041293,0.16187495,0.0,1.0
15.0,25.0,71.0,151.0,1.0,0.0,1.0,0.0,0.0,0.20327051,0.24013287,0.0,1.0
5.0,16.0,82.0,104.0,1.0,1.0,1.0,0.0,0.0,0.05165424,0.17460476,0.0,1.0
0.0,1.0,6.0,21.0,0.0,0.0,0.0,0.0,0.0,0.9094288,0.94610125,0.0,0.0
0.0,1.0,5.0,3.0,0.5,0.5,0.5,0.0,0.0,0.5,0.5,1.0,0.0
1.0,3.0,3.0,19.0,0.0,1.0,0.0,0.0,0.0,0.3838283,0.46189785,1.0,1.0
1.0,1.0,7.0,9.0,0.0,0.0,0.0,0.0,0.0,0.96076113,0.9462025,0.0,0.0
1.0,2.0,2.0,9.0,0.0,0.0,0.0,0.0,0.0,0.8315225,0.8859363,0.0,0.0
1.0,1.0,4.0,3.0,0.5,0.5,0.5,0.0,0.0,0.5,0.5,1.0,0.0
1.0,6.0,8.0,19.0,1.0,1.0,1.0,0.0,0.0,0.47673842,0.55722195,0.0,1.0
0.0,1.0,9.0,7.0,1.0,0.0,0.0,0.0,0.0,0.56098974,0.878531,0.0,0.0
0.0,3.0,5.0,14.0,0.0,0.0,0.0,0.0,0.0,0.8440781,0.85753113,0.0,0.0
0.0,0.0,8.0,23.0,0.0,0.0,0.0,0.0,0.0,0.8488603,0.9167281,0.0,0.0
8.0,29.0,96.0,80.0,1.0,0.0,0.0,0.0,0.0,0.07494961,0.2382659,0.0,1.0
1.0,1.0,1.0,3.0,0.5,0.5,0.5,0.0,0.0,0.5,0.5,1.0,0.0
1.0,3.0,5.0,20.0,0.0,0.0,0.0,0.0,0.0,0.90008044,0.9607629,0.0,0.0
1.0,0.0,2.0,4.0,0.5,0.5,0.5,0.0,0.0,0.5,0.5,1.0,0.0
6.0,21.0,75.0,194.0,1.0,1.0,1.0,0.0,0.0,0.056696013,0.14509533,0.0,1.0
2.0,3.0,4.0,23.0,1.0,0.0,1.0,1.0,4392.0,0.8520333,0.8904868,0.0,1.0
0.0,0.0,2.0,4.0,0.5,0.5,0.5,0.0,0.0,0.5,0.5,1.0,0.0
1.0,1.0,2.0,14.0,0.0,0.0,0.0,0.0,0.0,0.80085295,0.88365424,0.0,0.0
0.0,0.0,6.0,23.0,0.0,0.0,0.0,0.0,0.0,0.88512534,0.95650065,0.0,0.0
0.0,1.0,4.0,23.0,0.0,0.0,0.0,0.0,0.0,0.87801725,0.91996837,0.0,0.0
0.0,2.0,6.0,22.0,0.0,0.0,0.0,0.0,0.0,0.96864706,0.92323697,0.0,0.0
1.0,3.0,6.0,14.0,0.0,0.0,0.0,0.0,0.0,0.8656092,0.9749071,0.0,0.0
0.0,3.0,4.0,17.0,0.0,0.0,0.0,0.0,0.0,0.93492424,0.8682333,0.0,0.0
0.0,0.0,5.0,2.0,0.5,0.5,0.5,0.0,0.0,0.5,0.5,1.0,0.0
0.0,0.0,8.0,15.0,0.0,0.0,0.0,0.0,0.0,0.96150017,0.94571507,0.0,0.0
1.0,0.0,4.0,7.0,0.0,0.0,0.0,0.0,0.0,0.8434441,0.9068999,0.0,0.0
0.0,0.0,9.0,11.0,1.0,0.0,1.0,1.0,2540.0,0.7469414,0.79885983,0.0,1.0
1.0,2.0,3.0,24.0,0.0,0.0,0.0,0.0,0.0,0.8539138,0.98571986,0.0,0.0
1.0,3.0,5.0,21.0,0.0,0.0,0.0,0.0,0.0,0.9752629,0.8519825,0.0,0.0
1.0,2.0,2.0,3.0,0.5,0.5,0.5,0.0,0.0,0.5,0.5,1.0,0.0
1.0,2.0,3.0,17.0,1.0,0.0,1.0,1.0,1190.0,0.68083084,0.9445176,0.0,1.0
10.0,26.0,42.0,87.0,1.0,1.0,1.0,0.0,0.0,0.07048679,0.06554842,0.0,1.0
0.0,0.0,2.0,2.0,0.5,0.5,0.5,0.0,0.0,0.5,0.5,1.0,0.0
0.0,7.0,8.0,14.0,1.0,0.0,1.0,0.0,0.0,0.6808992,0.36379686,1.0,1.0
0.0,0.0,4.0,3.0,0.5,0.5,0.5,0.0,0.0,0.5,0.5,1.0,0.0
1.0,3.0,1.0,8.0,0.0,0.0,0.0,0.0,0.0,0.97542775,0.95005554,0.0,0.0
1.0,0.0,1.0,7.0,0.0,0.0,0.0,0.0,0.0,0.85650283,0.8917171,0.0,0.0
2.0,1.0,10.0,11.0,1.0,0.0,1.0,1.0,3148.0,0.89098704,0.7842162,0.0,1.0
1.0,1.0,8.0,29.0,0.0,0.0,0.0,0.0,0.0,0.91276354,0.8791352,0.0,0.0
1.0,2.0,3.0,14.0,0.0,0.0,0.0,0.0,0.0,0.95285875,0.9371619,0.0,0.0
0.0,2.0,4.0,15.0,0.0,0.0,0.0,0.0,0.0,0.85898113,0.9754117,0.0,0.0
1.0,0.0,1.0,4.0,0.5,0.5,0.5,0.0,0.0,0.5,0.5,1.0,0.0
1.0,5.0,5.0,8.0,1.0,0.0,0.0,0.0,0.0,0.5634052,0.6699674,1.0,0.0
1.0,0.0,1.0,24.0,0.0,0.0,0.0,0.0,0.0,0.83560896,0.86354184,0.0,0.0
0.0,5.0,7.0,20.0,0.0,0.0,0.0,0.0,0.0,0.5843148,0.5186972,0.0,0.0
2.0,4.0,3.0,9.0,1.0,1.0,1.0,0.0,0.0,0.67108476,0.7548844,1.0,1.0
2.0,3.0,10.0,6.0,1.0,0.0,0.0,0.0,0.0,0.8186813,0.36711434,1.0,0.0
1.0,1.0,4.0,19.0,0.0,0.0,0.0,0.0,0.0,0.87647957,0.9355328,0.0,0.0
0.0,3.0,4.0,17.0,0.0,0.0,0.0,0.0,0.0,0.89614946,0.8602194,0.0,0.0
0.0,0.0,7.0,21.0,0.0,0.0,0.0,0.0,0.0,0.86512905,0.9007637,0.0,0.0
1.0,0.0,3.0,14.0,0.0,0.0,0.0,0.0,0.0,0.8951869,0.8762544,0.0,0.0
0.0,2.0,3.0,15.0,1.0,0.0,1.0,1.0,2896.0,0.8318988,0.9741553,0.0,1.0
0.0,0.0,1.0,5.0,0.0,0.0,0.0,0.0,0.0,0.9533598,0.9428697,0.0,0.0
0.0,1.0,2.0,25.0,0.0,0.0,0.0,0.0,0.0,0.8069303,0.9458218,0.0,0.0
0.0,3.0,2.0,30.0,0.0,0.0,0.0,0.0,0.0,0.8580073,0.8804964,0.0,0.0
1.0,2.0,2.0,0.0,0.5,0.5,0.5,0.0,0.0,0.5,0.5,1.0,0.0
11.0,30.0,91.0,112.0,1.0,1.0,1.0,0.0,0.0,0.22039866,0.27413097,0.0,1.0
1.0,3.0,8.0,11.0,0.0,0.0,0.0,0.0,0.0,0.9154112,0.89939,0.0,0.0
0.0,1.0,2.0,24.0,1.0,0.0,1.0,1.0,4566.0,0.73389053,0.898109,0.0,1.0
1.0,2.0,5.0,1.0,0.5,0.5,0.5,0.0,0.0,0.5,0.5,1.0,0.0
0.0,3.0,8.0,21.0,0.0,0.0,0.0,0.0,0.0,0.8648223,0.9199454,0.0,0.0
12.0,31.0,75.0,54.0,1.0,0.0,0.0,0.0,0.0,0.06612863,0.11695267,0.0,1.0
15.0,20.0,98.0,52.0,1.0,0.0,0.0,0.0,0.0,0.08694918,0.2646065,0.0,1.0
1.0,2.0,5.0,25.0,0.0,0.0,0.0,0.0,0.0,0.80641073,0.86563563,0.0,0.0
1.0,1.0,8.0,9.0,0.0,0.0,0.0,0.0,0.0,0.82645774,0.9407149,0.0,0.0
1.0,1.0,7.0,18.0,1.0,0.0,1.0,0.0,0.0,0.76749855,0.66681504,0.0,0.0
2.0,5.0,9.0,19.0,1.0,0.0,1.0,1.0,2502.0,0.87743354,0.84917575,0.0,1.0
1.0,1.0,5.0,5.0,0.0,0.0,0.0,0.0,0.0,0.89672995,0.98702675,0.0,0.0
1.0,2.0,4.0,2.0,0.5,0.5,0.5,0.0,0.0,0.5,0.5,1.0,0.0
1.0,2.0,1.0,5.0,0.0,0.0,1.0,0.0,0.0,0.69475603,0.884985,0.0,0.0
0.0,3.0,2.0,16.0,0.0,0.0,0.0,0.0,0.0,0.95612633,0.98483634,0.0,0.0
1.0,0.0,5.0,12.0,0.0,0.0,0.0,0.0,0.0,0.94317245,0.8930295,0.0,0.0
1.0,3.0,6.0,6.0,0.0,0.0,0.0,0.0,0.0,0.96004987,0.9460943,0.0,0.0
1.0,3.0,4.0,11.0,0.0,0.0,0.0,0.0,0.0,0.84910387,0.8778914,0.0,0.0
1.0,3.0,5.0,5.0,0.0,0.0,0.0,0.0,0.0,0.9330296,0.88569534,0.0,0.0
1.0,2.0,3.0,2.0,0.5,0.5,0.5,0.0,0.0,0.5,0.5,1.0,0.0
1.0,0.0,1.0,20.0,0.0,0.0,0.0,0.0,0.0,0.8668154,0.89415836,0.0,0.0
1.0,1.0,2.0,28.0,0.0,0.0,0.0,0.0,0.0,0.8584446,0.9175546,0.0,0.0
0.0,1.0,3.0,1.0,0.5,0.5,0.5,0.0,0.0,0.5,0.5,1.0,0.0
12.0,25.0,93.0,70.0,1.0,0.0,1.0,0.0,0.0,0.16153681,0.22108883,0.0,1.0
2.0,1.0,9.0,20.0,1.0,0.0,1.0,1.0,3317.0,0.7835692,0.8403705,0.0,1.0
0.0,1.0,4.0,12.0,1.0,0.0,1.0,1.0,2114.0,0.94022197,0.7624788,0.0,1.0
2.0,4.0,9.0,5.0,1.0,0.0,1.0,1.0,2929.0,0.6015712,0.7940126,0.0,1.0
0.0,1.0,1.0,17.0,0.0,0.0,0.0,0.0,0.0,0.9407448,0.9002757,0.0,0.0
5.0,28.0,49.0,155.0,1.0,0.0,0.0,0.0,0.0,0.20187388,0.16801721,0.0,1.0
1.0,2.0,2.0,30.0,0.0,0.0,0.0,0.0,0.0,0.8879045,0.94672096,0.0,0.0
1.0,3.0,3.0,10.0,0.0,0.0,0.0,0.0,0.0,0.85016274,0.96230376,0.0,0.0
1.0,1.0,2.0,29.0,0.0,0.0,0.0,0.0,0.0,0.8209695,0.8536288,0.0,0.0
1.0,2.0,6.0,23.0,0.0,0.0,0.0,0.0,0.0,0.94288725,0.9477661,0.0,0.0
0.0,2.0,6.0,10.0,0.0,0.0,0.0,0.0,0.0,0.9119295,0.96625286,0.0,0.0
0.0,0.0,7.0,18.0,1.0,0.0,0.0,0.0,0.0,0.76528776,0.5263299,1.0,0.0
1.0,2.0,4.0,25.0,0.0,0.0,0.0,0.0,0.0,0.93259406,0.88816607,0.0,0.0
1.0,3.0,3.0,17.0,0.0,0.0,0.0,0.0,0.0,0.8278559,0.9299706,0.0,0.0
15.0,37.0,34.0,106.0,1.0,1.0,1.0,0.0,0.0,0.27842632,0.21923463,0.0,1.0
1.0,1.0,8.0,11.0,0.0,0.0,0.0,0.0,0.0,0.81265944,0.89281386,0.0,0.0
15.0,24.0,74.0,104.0,1.0,1.0,0.0,0.0,0.0,0.09035408,0.18352233,0.0,1.0
2.0,3.0,15.0,17.0,0.0,1.0,1.0,0.0,0.0,0.3016458,0.32356653,0.0,1.0
1.0,2.0,8.0,10.0,0.0,0.0,0.0,0.0,0.0,0.8303375,0.96951056,0.0,0.0
2.0,1.0,13.0,20.0,1.0,0.0,1.0,0.0,0.0,0.7949086,0.596829,1.0,1.0
0.0,1.0,4.0,19.0,0.0,0.0,0.0,0.0,0.0,0.95655483,0.86591303,0.0,0.0
1.0,3.0,8.0,17.0,1.0,0.0,1.0,1.0,2388.0,0.94080323,0.84389895,0.0,1.0
0.0,0.0,5.0,8.0,0.0,0.0,0.0,0.0,0.0,0.89566463,0.9457571,0.0,0.0
5.0,14.0,50.0,90.0,1.0,0.0,0.0,0.0,0.0,0.14638893,0.07395005,0.0,1.0
3.0,6.0,12.0,13.0,0.0,1.0,0.0,0.0,0.0,0.6367158,0.71924525,1.0,1.0
1.0,3.0,8.0,29.0,0.0,0.0,0.0,0.0,0.0,0.87138814,0.88328356,0.0,0.0
0.0,0.0,5.0,29.0,0.0,0.0,0.0,0.0,0.0,0.91024846,0.97566324,0.0,0.0
3.0,7.0,11.0,4.0,0.0,1.0,1.0,0.0,0.0,0.52708733,0.8035123,1.0,1.0
1.0,2.0,2.0,3.0,0.5,0.5,0.5,0.0,0.0,0.5,0.5,1.0,0.0
0.0,2.0,1.0,19.0,0.0,0.0,0.0,0.0,0.0,0.9113259,0.9568004,0.0,0.0
3.0,4.0,4.0,7.0,1.0,1.0,1.0,0.0,0.0,0.47761083,0.88350296,1.0,1.0
1.0,3.0,1.0,5.0,0.0,0.0,0.0,0.0,0.0,0.89579827,0.9075874,0.0,0.0
0.0,1.0,5.0,17.0,0.0,0.0,0.0,0.0,0.0,0.846315,0.88190854,0.0,0.0
1.0,3.0,7.0,8.0,0.0,0.0,0.0,0.0,0.0,0.96074605,0.9788272,0.0,0.0
0.0,2.0,3.0,14.0,0.0,0.0,0.0,0.0,0.0,0.89204454,0.86577725,0.0,0.0
0.0,1.0,5.0,0.0,0.5,0.5,0.5,0.0,0.0,0.5,0.5,1.0,0.0
0.0,0.0,6.0,22.0,0.0,0.0,0.0,0.0,0.0,0.8505953,0.9254276,0.0,0.0
0.0,3.0,3.0,13.0,0.0,0.0,0.0,0.0,0.0,0.85686606,0.89835966,0.0,0.0
1.0,1.0,5.0,21.0,1.0,0.0,1.0,1.0,4331.0,0.6072513,0.8463078,0.0,1.0
3.0,1.0,5.0,10.0,0.0,1.0,0.0,0.0,0.0,0.6525965,0.64535505,1.0,1.0
0.0,2.0,4.0,23.0,0.0,0.0,0.0,0.0,0.0,0.8582789,0.8743945,0.0,0.0
0.0,0.0,1.0,19.0,0.0,0.0,0.0,0.0,0.0,0.917052,0.87498695,0.0,0.0
10.0,25.0,76.0,77.0,1.0,0.0,1.0,0.0,0.0,0.21289398,0.11340818,0.0,1.0
0.0,1.0,7.0,10.0,0.0,0.0,0.0,0.0,0.0,0.9090532,0.8924341,0.0,0.0
0.0,0.0,3.0,18.0,0.0,0.0,0.0,0.0,0.0,0.9404552,0.85251564,0.0,0.0
0.0,0.0,1.0,5.0,0.0,0.0,0.0,0.0,0.0,0.8626104,0.87753916,0.0,0.0
0.0,2.0,7.0,22.0,0.0,0.0,0.0,0.0,0.0,0.8268114,0.9322656,0.0,0.0
2.0,3.0,6.0,23.0,1.0,0.0,1.0,1.0,4525.0,0.6651238,0.74958766,0.0,1.0
1.0,2.0,5.0,3.0,0.5,0.5,0.5,0.0,0.0,0.5,0.5,1.0,0.0
1.0,0.0,3.0,0.0,0.5,0.5,0.5,0.0,0.0,0.5,0.5,1.0,0.0
1.0,3.0,5.0,12.0,0.0,0.0,0.0,0.0,0.0,0.8376979,0.85658693,0.0,0.0
1.0,1.0,3.0,26.0,0.0,0.0,0.0,0.0,0.0,0.8117955,0.9475302,0.0,0.0
0.0,4.0,8.0,5.0,0.0,0.0,1.0,0.0,0.0,0.54151946,0.71284956,1.0,1.0
2.0,5.0,2.0,7.0,1.0,0.0,1.0,1.0,1467.0,0.84717935,0.883881,0.0,1.0
2.0,5.0,13.0,3.0,1.0,1.0,1.0,0.0,0.0,0.62661386,0.31644782,0.0,1.0
1.0,0.0,6.0,20.0,0.0,0.0,0.0,0.0,0.0,0.9560191,0.9244185,0.0,0.0
1.0,3.0,8.0,8.0,0.0,0.0,0.0,0.0,0.0,0.944507,0.9511379,0.0,0.0
0.0,2.0,2.0,10.0,0.0,0.0,0.0,0.0,0.0,0.9123273,0.8672223,0.0,0.0
1.0,1.0,5.0,4.0,0.5,0.5,0.5,0.0,0.0,0.5,0.5,1.0,0.0
1.0,0.0,1.0,9.0,0.0,0.0,0.0,0.0,0.0,0.8283338,0.93649733,0.0,0.0
0.0,1.0,6.0,6.0,0.0,0.0,0.0,0.0,0.0,0.8939463,0.89031285,0.0,0.0
0.0,2.0,4.0,30.0,0.0,0.0,0.0,0.0,0.0,0.8358434,0.85341954,0.0,0.0
14.0,21.0,30.0,175.0,1.0,0.0,1.0,0.0,0.0,0.11153002,0.12377596,0.0,1.0
2.0,2.0,5.0,20.0,1.0,0.0,1.0,0.0,0.0,0.3950708,0.37817162,0.0,1.0
0.0,0.0,4.0,3.0,0.5,0.5,0.5,0.0,0.0,0.5,0.5,1.0,0.0
1.0,0.0,6.0,22.0,0.0,0.0,0.0,0.0,0.0,0.95039755,0.88393265,0.0,0.0
0.0,1.0,3.0,20.0,0.0,0.0,0.0,0.0,0.0,0.8275734,0.9546829,0.0,0.0
0.0,1.0,5.0,3.0,0.5,0.5,0.5,0.0,0.0,0.5,0.5,1.0,0.0
1.0,2.0,2.0,27.0,0.0,0.0,0.0,0.0,0.0,0.9522606,0.96916324,0.0,0.0
2.0,6.0,10.0,11.0,1.0,1.0,1.0,0.0,0.0,0.78138983,0.45320636,1.0,1.0
1.0,2.0,3.0,26.0,0.0,0.0,0.0,0.0,0.0,0.8001728,0.9612457,0.0,0.0
1.0,2.0,7.0,6.0,0.0,0.0,0.0,0.0,0.0,0.95675284,0.871109,0.0,0.0
2.0,5.0,10.0,22.0,1.0,0.0,1.0,1.0,2629.0,0.7521545,0.9156424,0.0,1.0
2.0,3.0,14.0,11.0,1.0,0.0,1.0,0.0,0.0,0.60486674,0.6713818,0.0,1.0
0.0,0.0,3.0,14.0,0.0,0.0,0.0,0.0,0.0,0.91756433,0.98334575,0.0,0.0
1.0,3.0,4.0,9.0,0.0,0.0,0.0,0.0,0.0,0.8860823,0.8594637,0.0,0.0
0.0,1.0,4.0,8.0,0.0,0.0,0.0,0.0,0.0,0.8953732,0.90897995,0.0,0.0
0.0,1.0,6.0,27.0,0.0,0.0,0.0,0.0,0.0,0.82077295,0.8993133,0.0,0.0
1.0,0.0,1.0,1.0,0.5,0.5,0.5,0.0,0.0,0.5,0.5,1.0,0.0
2.0,0.0,2.0,19.0,1.0,0.0,1.0,1.0,2517.0,0.92768675,0.8289275,0.0,1.0
0.0,3.0,6.0,24.0,0.0,0.0,0.0,0.0,0.0,0.8683802,0.9707078,0.0,0.0
1.0,2.0,1.0,27.0,0.0,0.0,0.0,0.0,0.0,0.884546,0.8531131,0.0,0.0
9.0,40.0,53.0,53.0,1.0,0.0,0.0,0.0,0.0,0.24822973,0.11142097,0.0,1.0
0.0,0.0,4.0,22.0,0.0,0.0,0.0,0.0,0.0,0.8117055,0.88614815,0.0,0.0
1.0,0.0,5.0,11.0,0.0,0.0,0.0,0.0,0.0,0.92956316,0.86954033,0.0,0.0
1.0,2.0,8.0,6.0,0.0,0.0,0.0,0.0,0.0,0.8939216,0.9386785,0.0,0.0
5.0,22.0,42.0,189.0,1.0,1.0,0.0,0.0,0.0,0.2137763,0.2343634,0.0,1.0
7.0,21.0,79.0,184.0,1.0,1.0,0.0,0.0,0.0,0.12648885,0.28746814,0.0,1.0
0.0,2.0,1.0,8.0,0.0,0.0,0.0,0.0,0.0,0.85436904,0.8867816,0.0,0.0
0.0,1.0,7.0,16.0,0.0,0.0,0.0,0.0,0.0,0.85747683,0.9093365,0.0,0.0
0.0,2.0,2.0,6.0,0.0,0.0,0.0,0.0,0.0,0.88790596,0.85071266,0.0,0.0
0.0,0.0,7.0,23.0,0.0,0.0,0.0,0.0,0.0,0.92616713,0.94594944,0.0,0.0
0.0,1.0,2.0,1.0,0.5,0.5,0.5,0.0,0.0,0.5,0.5,1.0,0.0
0.0,1.0,2.0,0.0,0.5,0.5,0.5,0.0,0.0,0.5,0.5,1.0,0.0
12.0,31.0,78.0,165.0,1.0,0.0,1.0,0.0,0.0,0.15307097,0.21742272,0.0,1.0
0.0,3.0,9.0,18.0,1.0,0.0,0.0,0.0,0.0,0.7739004,0.66388285,0.0,0.0
1.0,2.0,1.0,13.0,0.0,0.0,0.0,0.0,0.0,0.8836325,0.9626215,0.0,0.0
8.0,33.0,43.0,101.0,1.0,0.0,1.0,0.0,0.0,0.23490986,0.0815361,0.0,1.0
0.0,4.0,7.0,23.0,1.0,0.0,1.0,1.0,2046.0,0.7570223,0.9206481,0.0,1.0
1.0,0.0,3.0,19.0,0.0,0.0,0.0,0.0,0.0,0.95946354,0.86528903,0.0,0.0
1.0,2.0,7.0,21.0,1.0,0.0,1.0,1.0,2195.0,0.6921916,0.98313475,0.0,1.0
0.0,2.0,5.0,25.0,0.0,0.0,0.0,0.0,0.0,0.8122648,0.88945836,0.0,0.0
0.0,5.0,7.0,9.0,1.0,0.0,1.0,1.0,4115.0,0.9456932,0.8028858,0.0,1.0
1.0,1.0,2.0,3.0,0.5,0.5,0.5,0.0,0.0,0.5,0.5,1.0,0.0
3.0,3.0,10.0,12.0,1.0,1.0,0.0,0.0,0.0,0.49398884,0.4667827,0.0,1.0
7.0,31.0,77.0,58.0,1.0,0.0,1.0,0.0,0.0,0.19194146,0.2744425,0.0,1.0
13.0,28.0,61.0,83.0,1.0,0.0,0.0,0.0,0.0,0.2530802,0.23818724,0.0,1.0
0.0,0.0,1.0,3.0,0.5,0.5,0.5,0.0,0.0,0.5,0.5,1.0,0.0
0.0,5.0,2.0,15.0,1.0,0.0,1.0,1.0,2668.0,0.9137789,0.84603775,0.0,1.0
0.0,0.0,4.0,14.0,1.0,0.0,1.0,1.0,3395.0,0.94636,0.8930457,0.0,1.0
1.0,2.0,7.0,16.0,0.0,0.0,0.0,0.0,0.0,0.926012,0.8753209,0.0,0.0
0.0,1.0,4.0,7.0,0.0,0.0,0.0,0.0,0.0,0.87410533,0.9230476,0.0,0.0
1.0,0.0,0.0,1.0,0.5,0.5,0.5,0.0,0.0,0.5,0.5,1.0,0.0
1.0,1.0,1.0,16.0,0.0,0.0,0.0,0.0,0.0,0.8006868,0.862268,0.0,0.0
1.0,0.0,4.0,3.0,0.5,0.5,0.5,0.0,0.0,0.5,0.5,1.0,0.0
0.0,4.0,2.0,19.0,1.0,1.0,0.0,0.0,0.0,0.42087996,0.60051614,0.0,1.0
1.0,2.0,5.0,2.0,0.5,0.5,0.5,0.0,0.0,0.5,0.5,1.0,0.0
1.0,0.0,1.0,4.0,0.5,0.5,0.5,0.0,0.0,0.5,0.5,1.0,0.0
0.0,0.0,8.0,7.0,0.0,0.0,0.0,0.0,0.0,0.8493827,0.8567979,0.0,0.0
1.0,0.0,8.0,6.0,0.0,0.0,0.0,0.0,0.0,0.8899991,0.89920956,0.0,0.0
0.0,3.0,6.0,17.0,0.0,0.0,0.0,0.0,0.0,0.94154626,0.8749808,0.0,0.0
1.0,3.0,8.0,6.0,0.0,0.0,0.0,0.0,0.0,0.8917755,0.9401422,0.0,0.0
1.0,1.0,1.0,7.0,0.0,0.0,0.0,0.0,0.0,0.9610922,0.9099948,0.0,0.0
2.0,5.0,3.0,23.0,1.0,0.0,1.0,1.0,4948.0,0.6581449,0.77329636,0.0,1.0
2.0,0.0,5.0,5.0,1.0,0.0,1.0,1.0,2583.0,0.6173779,0.9476082,0.0,1.0
1.0,7.0,7.0,5.0,1.0,1.0,1.0,0.0,0.0,0.8799445,0.30985096,1.0,1.0
0.0,3.0,6.0,23.0,0.0,0.0,0.0,0.0,0.0,0.83006865,0.9388726,0.0,0.0
10.0,14.0,76.0,151.0,1.0,0.0,0.0,0.0,0.0,0.19114277,0.23229663,0.0,1.0
0.0,1.0,1.0,23.0,0.0,0.0,0.0,0.0,0.0,0.97416717,0.9210764,0.0,0.0
0.0,2.0,1.0,1.0,0.5,0.5,0.5,0.0,0.0,0.5,0.5,1.0,0.0
1.0,2.0,6.0,9.0,0.0,0.0,0.0,0.0,0.0,0.87577754,0.9816247,0.0,0.0
1.0,0.0,3.0,14.0,0.0,0.0,0.0,0.0,0.0,0.93071765,0.91569364,0.0,0.0
0.0,0.0,6.0,10.0,0.0,0.0,0.0,0.0,0.0,0.83721006,0.97769135,0.0,0.0
1.0,0.0,7.0,17.0,0.0,0.0,0.0,0.0,0.0,0.97198135,0.8707816,0.0,0.0
0.0,3.0,4.0,11.0,0.0,0.0,0.0,0.0,0.0,0.8797217,0.9504072,0.0,0.0
3.0,7.0,5.0,18.0,1.0,1.0,1.0,0.0,0.0,0.69003797,0.8645694,1.0,1.0
0.0,3.0,4.0,8.0,0.0,0.0,0.0,0.0,0.0,0.8375433,0.9694442,0.0,0.0
1.0,2.0,2.0,16.0,0.0,0.0,0.0,0.0,0.0,0.84317577,0.850294,0.0,0.0
0.0,2.0,4.0,23.0,0.0,0.0,0.0,0.0,0.0,0.92461395,0.8672785,0.0,0.0
0.0,0.0,4.0,2.0,0.5,0.5,0.5,0.0,0.0,0.5,0.5,1.0,0.0
1.0,0.0,7.0,30.0,0.0,0.0,0.0,0.0,0.0,0.8635579,0.9480461,0.0,0.0
0.0,2.0,8.0,8.0,0.0,0.0,0.0,0.0,0.0,0.825377,0.9045149,0.0,0.0
2.0,2.0,3.0,12.0,0.0,1.0,0.0,0.0,0.0,0.4034348,0.35980725,0.0,0.0
7.0,23.0,33.0,173.0,1.0,0.0,1.0,0.0,0.0,0.15399386,0.29043198,0.0,1.0
1.0,3.0,8.0,18.0,0.0,0.0,0.0,0.0,0.0,0.816103,0.8856896,0.0,0.0
7.0,17.0,75.0,153.0,1.0,0.0,1.0,0.0,0.0,0.09576012,0.27210698,0.0,1.0
1.0,0.0,8.0,15.0,0.0,0.0,0.0,0.0,0.0,0.92188615,0.92361486,0.0,0.0
1.0,3.0,2.0,13.0,0.0,0.0,0.0,0.0,0.0,0.8067231,0.9548632,0.0,0.0
0.0,2.0,6.0,24.0,0.0,0.0,0.0,0.0,0.0,0.8746777,0.8720476,0.0,0.0
7.0,34.0,80.0,146.0,1.0,1.0,1.0,0.0,0.0,0.18346664,0.24092984,0.0,1.0
1.0,3.0,8.0,19.0,0.0,0.0,0.0,0.0,0.0,0.9714273,0.9148924,0.0,0.0
0.0,1.0,6.0,14.0,0.0,0.0,0.0,0.0,0.0,0.8512164,0.9598705,0.0,0.0
1.0,0.0,6.0,12.0,0.0,0.0,0.0,0.0,0.0,0.95901144,0.9428668,0.0,0.0
1.0,0.0,8.0,26.0,0.0,0.0,0.0,0.0,0.0,0.9600142,0.9870631,0.0,0.0
0.0,3.0,7.0,19.0,0.0,0.0,0.0,0.0,0.0,0.94312966,0.9731913,0.0,0.0
0.0,3.0,2.0,11.0,1.0,0.0,1.0,1.0,4527.0,0.93944377,0.89192694,0.0,1.0
0.0,0.0,7.0,20.0,0.0,0.0,0.0,0.0,0.0,0.91919357,0.8865063,0.0,0.0
1.0,1.0,15.0,18.0,0.0,1.0,0.0,0.0,0.0,0.44279754,0.8894278,0.0,0.0
1.0,1.0,7.0,20.0,0.0,0.0,0.0,0.0,0.0,0.8316975,0.8547985,0.0,0.0
1.0,1.0,8.0,8.0,0.0,0.0,0.0,0.0,0.0,0.86128104,0.96395934,0.0,0.0
6.0,37.0,100.0,147.0,1.0,1.0,1.0,0.0,0.0,0.15173124,0.06820104,0.0,1.0
13.0,28.0,80.0,189.0,1.0,0.0,1.0,0.0,0.0,0.1300791,0.16197614,0.0,1.0
1.0,1.0,1.0,5.0,0.0,0.0,0.0,0.0,0.0,0.9158118,0.8719698,0.0,0.0
14.0,29.0,63.0,192.0,1.0,0.0,1.0,0.0,0.0,0.05069077,0.22561282,0.0,1.0
0.0,3.0,3.0,22.0,1.0,0.0,1.0,1.0,4802.0,0.8839744,0.8569287,0.0,1.0
1.0,0.0,6.0,28.0,0.0,0.0,0.0,0.0,0.0,0.8480737,0.9708994,0.0,0.0
1.0,3.0,5.0,11.0,0.0,0.0,0.0,0.0,0.0,0.8767742,0.9654256,0.0,0.0
1.0,1.0,3.0,0.0,0.5,0.5,0.5,0.0,0.0,0.5,0.5,1.0,0.0
1.0,0.0,1.0,11.0,0.0,0.0,0.0,0.0,0.0,0.8929855,0.93048763,0.0,0.0
0.0,1.0,4.0,23.0,0.0,0.0,0.0,0.0,0.0,0.8463068,0.9033408,0.0,0.0
14.0,19.0,58.0,150.0,1.0,1.0,0.0,0.0,0.0,0.2446091,0.20401564,0.0,1.0
11.0,29.0,48.0,54.0,1.0,1.0,0.0,0.0,0.0,0.14221503,0.13577336,0.0,1.0
0.0,0.0,4.0,24.0,0.0,0.0,0.0,0.0,0.0,0.8191272,0.8931128,0.0,0.0
2.0,6.0,3.0,16.0,1.0,1.0,1.0,0.0,0.0,0.3073145,0.5069521,1.0,1.0
7.0,13.0,85.0,146.0,1.0,0.0,1.0,0.0,0.0,0.21581133,0.20587559,0.0,1.0
1.0,3.0,5.0,19.0,0.0,0.0,0.0,0.0,0.0,0.8197982,0.96771127,0.0,0.0
8.0,38.0,34.0,163.0,1.0,0.0,0.0,0.0,0.0,0.28289434,0.0684711,0.0,1.0
1.0,0.0,2.0,7.0,0.0,0.0,0.0,0.0,0.0,0.9652635,0.9356625,0.0,0.0
0.0,6.0,15.0,9.0,1.0,0.0,1.0,0.0,0.0,0.30101478,0.8553451,0.0,1.0
11.0,27.0,82.0,176.0,1.0,0.0,1.0,0.0,0.0,0.11963547,0.25042754,0.0,1.0
1.0,1.0,3.0,3.0,0.5,0.5,0.5,0.0,0.0,0.5,0.5,1.0,0.0
1.0,1.0,3.0,15.0,0.0,0.0,0.0,0.0,0.0,0.8926062,0.97046536,0.0,0.0
2.0,2.0,1.0,8.0,1.0,0.0,1.0,1.0,3780.0,0.7162307,0.8353607,0.0,1.0
1.0,2.0,8.0,16.0,0.0,0.0,0.0,0.0,0.0,0.91191906,0.8898898,0.0,0.0
8.0,32.0,73.0,127.0,1.0,1.0,1.0,0.0,0.0,0.09119773,0.29362157,0.0,1.0
0.0,0.0,4.0,20.0,0.0,0.0,0.0,0.0,0.0,0.8960535,0.886659,0.0,0.0
0.0,0.0,2.0,21.0,0.0,0.0,0.0,0.0,0.0,0.858809,0.9278781,0.0,0.0
0.0,1.0,3.0,2.0,0.5,0.5,0.5,0.0,0.0,0.5,0.5,1.0,0.0
1.0,3.0,6.0,12.0,0.0,0.0,0.0,0.0,0.0,0.9513188,0.9810357,0.0,0.0
11.0,25.0,56.0,106.0,1.0,1.0,0.0,0.0,0.0,0.20700103,0.21424824,0.0,1.0
2.0,8.0,8.0,7.0,1.0,1.0,1.0,0.0,0.0,0.66370326,0.60635424,0.0,1.0
14.0,21.0,44.0,164.0,1.0,0.0,0.0,0.0,0.0,0.22787172,0.27776772,0.0,1.0
0.0,0.0,7.0,20.0,0.0,0.0,0.0,0.0,0.0,0.9383333,0.98269045,0.0,0.0
1.0,3.0,4.0,15.0,0.0,0.0,0.0,0.0,0.0,0.9091988,0.8937616,0.0,0.0
1.0,2.0,2.0,23.0,0.0,0.0,0.0,0.0,0.0,0.92179203,0.9031572,0.0,0.0
11.0,17.0,49.0,195.0,1.0,0.0,0.0,0.0,0.0,0.2847215,0.15494989,0.0,1.0
1.0,1.0,3.0,27.0,0.0,0.0,0.0,0.0,0.0,0.95402294,0.87354416,0.0,0.0
1.0,0.0,2.0,23.0,1.0,0.0,1.0,1.0,2750.0,0.93585485,0.7807581,0.0,1.0
0.0,1.0,1.0,27.0,0.0,0.0,0.0,0.0,0.0,0.87048733,0.94148225,0.0,0.0
5.0,35.0,79.0,62.0,1.0,0.0,0.0,0.0,0.0,0.053580433,0.20865767,0.0,1.0
13.0,27.0,37.0,83.0,1.0,1.0,0.0,0.0,0.0,0.1179205,0.082443975,0.0,1.0
1.0,3.0,2.0,24.0,0.0,0.0,0.0,0.0,0.0,0.8232971,0.8894656,0.0,0.0
0.0,3.0,4.0,10.0,0.0,0.0,0.0,0.0,0.0,0.9459436,0.94891334,0.0,0.0
1.0,2.0,5.0,16.0,0.0,0.0,0.0,0.0,0.0,0.9746488,0.9224753,0.0,0.0
1.0,0.0,6.0,17.0,0.0,0.0,0.0,0.0,0.0,0.93384045,0.9132251,0.0,0.0
6.0,19.0,86.0,114.0,1.0,0.0,1.0,0.0,0.0,0.19906533,0.053435195,0.0,1.0
3.0,6.0,12.0,15.0,1.0,1.0,0.0,0.0,0.0,0.8135554,0.46563718,0.0,1.0
10.0,30.0,53.0,109.0,1.0,1.0,0.0,0.0,0.0,0.25402868,0.2278997,0.0,1.0
0.0,2.0,2.0,19.0,0.0,0.0,0.0,0.0,0.0,0.9723763,0.9731573,0.0,0.0
0.0,1.0,5.0,20.0,0.0,0.0,0.0,0.0,0.0,0.93915784,0.9105838,0.0,0.0
1.0,2.0,1.0,25.0,0.0,0.0,0.0,0.0,0.0,0.86096716,0.92599475,0.0,0.0
0.0,0.0,5.0,27.0,0.0,0.0,0.0,0.0,0.0,0.8648893,0.8917683,0.0,0.0
2.0,2.0,1.0,5.0,1.0,0.0,1.0,1.0,4410.0,0.9357279,0.838741,0.0,1.0
1.0,3.0,8.0,4.0,0.0,1.0,1.0,0.0,0.0,0.79435325,0.82375264,1.0,1.0
1.0,0.0,1.0,10.0,0.0,0.0,0.0,0.0,0.0,0.888636,0.96505743,0.0,0.0
2.0,2.0,4.0,9.0,0.0,0.0,0.0,0.0,0.0,0.51689625,0.8737444,0.0,0.0
1.0,0.0,3.0,21.0,0.0,0.0,0.0,0.0,0.0,0.86400163,0.9272154,0.0,0.0
0.0,2.0,0.0,2.0,0.5,0.5,0.5,0.0,0.0,0.5,0.5,1.0,0.0
0.0,0.0,4.0,3.0,0.5,0.5,0.5,0.0,0.0,0.5,0.5,1.0,0.0
7.0,26.0,51.0,191.0,1.0,1.0,1.0,0.0,0.0,0.29430762,0.19702803,0.0,1.0
1.0,3.0,6.0,29.0,0.0,0.0,0.0,0.0,0.0,0.85043305,0.95824295,0.0,0.0
1.0,1.0,1.0,19.0,0.0,0.0,0.0,0.0,0.0,0.84826106,0.9165251,0.0,0.0
1.0,2.0,1.0,9.0,0.0,0.0,0.0,0.0,0.0,0.8214543,0.907509,0.0,0.0
1.0,0.0,3.0,29.0,0.0,0.0,0.0,0.0,0.0,0.82182294,0.93180805,0.0,0.0
1.0,2.0,4.0,7.0,1.0,0.0,1.0,1.0,1793.0,0.92222655,0.8095557,0.0,1.0
2.0,3.0,6.0,25.0,1.0,0.0,1.0,1.0,1965.0,0.71264327,0.90557176,0.0,1.0
0.0,0.0,1.0,27.0,0.0,0.0,0.0,0.0,0.0,0.9317215,0.98299074,0.0,0.0
3.0,5.0,9.0,4.0,0.0,1.0,1.0,0.0,0.0,0.8574183,0.5566542,1.0,1.0
1.0,2.0,2.0,1.0,0.5,0.5,0.5,0.0,0.0,0.5,0.5,1.0,0.0
6.0,17.0,57.0,167.0,1.0,0.0,1.0,0.0,0.0,0.07023174,0.0775323,0.0,1.0
2.0,2.0,7.0,9.0,1.0,0.0,1.0,1.0,4059.0,0.60222787,0.8062253,0.0,1.0
0.0,3.0,3.0,26.0,0.0,0.0,0.0,0.0,0.0,0.9401036,0.9574229,0.0,0.0
0.0,0.0,2.0,24.0,0.0,0.0,0.0,0.0,0.0,0.8294089,0.9031761,0.0,0.0
1.0,1.0,7.0,14.0,0.0,0.0,0.0,0.0,0.0,0.9023364,0.9271392,0.0,0.0
0.0,0.0,4.0,22.0,0.0,0.0,0.0,0.0,0.0,0.9183561,0.87366825,0.0,0.0
0.0,0.0,3.0,4.0,0.5,0.5,0.5,0.0,0.0,0.5,0.5,1.0,0.0
1.0,1.0,7.0,14.0,0.0,0.0,0.0,0.0,0.0,0.8158773,0.891111,0.0,0.0
1.0,1.0,10.0,24.0,1.0,0.0,1.0,1.0,1352.0,0.65027374,0.78793705,0.0,1.0
1.0,0.0,7.0,10.0,1.0,1.0,0.0,0.0,0.0,0.70421314,0.4364067,0.0,0.0
0.0,3.0,1.0,15.0,1.0,0.0,1.0,1.0,2171.0,0.8171549,0.79400367,0.0,1.0
5.0,40.0,65.0,64.0,1.0,1.0,1.0,0.0,0.0,0.24171054,0.29990143,0.0,1.0
13.0,31.0,59.0,110.0,1.0,1.0,0.0,0.0,0.0,0.16815996,0.0756319,0.0,1.0
0.0,4.0,7.0,8.0,1.0,0.0,1.0,1.0,3292.0,0.6139145,0.7587097,0.0,1.0
1.0,2.0,7.0,24.0,0.0,0.0,0.0,0.0,0.0,0.89550024,0.91352016,0.0,0.0
1.0,1.0,7.0,15.0,0.0,0.0,0.0,0.0,0.0,0.8447395,0.98662096,0.0,0.0
0.0,1.0,5.0,1.0,0.5,0.5,0.5,0.0,0.0,0.5,0.5,1.0,0.0
0.0,1.0,3.0,12.0,0.0,0.0,0.0,0.0,0.0,0.96344024,0.9211782,0.0,0.0
12.0,16.0,79.0,179.0,1.0,0.0,0.0,0.0,0.0,0.07629531,0.13396288,0.0,1.0
0.0,3.0,4.0,24.0,0.0,0.0,0.0,0.0,0.0,0.8279455,0.9358468,0.0,0.0
2.0,3.0,2.0,13.0,1.0,0.0,1.0,0.0,0.0,0.73360914,0.37386495,0.0,1.0
0.0,1.0,0.0,3.0,0.5,0.5,0.5,0.0,0.0,0.5,0.5,1.0,0.0
1.0,0.0,8.0,29.0,0.0,0.0,0.0,0.0,0.0,0.9174017,0.9080917,0.0,0.0
0.0,2.0,7.0,12.0,0.0,0.0,0.0,0.0,0.0,0.97465384,0.94952327,0.0,0.0
14.0,22.0,56.0,65.0,1.0,0.0,0.0,0.0,0.0,0.28601366,0.06179962,0.0,1.0
1.0,3.0,4.0,6.0,0.0,0.0,0.0,0.0,0.0,0.8091192,0.9789903,0.0,0.0
0.0,1.0,9.0,14.0,1.0,0.0,1.0,1.0,3411.0,0.8874701,0.8419894,0.0,1.0
0.0,8.0,13.0,16.0,0.0,1.0,1.0,0.0,0.0,0.8451026,0.47841188,1.0,1.0
10.0,39.0,47.0,64.0,1.0,0.0,0.0,0.0,0.0,0.11068171,0.17410325,0.0,1.0
0.0,0.0,2.0,22.0,0.0,0.0,0.0,0.0,0.0,0.92113537,0.96687,0.0,0.0
1.0,2.0,8.0,6.0,0.0,0.0,0.0,0.0,0.0,0.86507577,0.8851998,0.0,0.0
1.0,1.0,3.0,13.0,0.0,0.0,0.0,0.0,0.0,0.86848104,0.8928186,0.0,0.0
6.0,34.0,100.0,149.0,1.0,1.0,1.0,0.0,0.0,0.18234813,0.12084838,0.0,1.0
0.0,1.0,7.0,19.0,0.0,0.0,0.0,0.0,0.0,0.9204471,0.89885134,0.0,0.0
0.0,0.0,7.0,11.0,0.0,0.0,0.0,0.0,0.0,0.8963955,0.8965242,0.0,0.0
0.0,3.0,2.0,19.0,0.0,0.0,0.0,0.0,0.0,0.8564694,0.98076785,0.0,0.0
0.0,2.0,4.0,14.0,0.0,0.0,0.0,0.0,0.0,0.8821167,0.9017497,0.0,0.0
0.0,0.0,0.0,3.0,0.5,0.5,0.5,0.0,0.0,0.5,0.5,1.0,0.0
0.0,1.0,5.0,18.0,0.0,0.0,0.0,0.0,0.0,0.92214954,0.85824794,0.0,0.0
9.0,34.0,32.0,189.0,1.0,1.0,0.0,0.0,0.0,0.19397815,0.23414269,0.0,1.0
1.0,0.0,4.0,5.0,0.0,0.0,0.0,0.0,0.0,0.8018394,0.97780246,0.0,0.0
1.0,0.0,5.0,29.0,0.0,0.0,0.0,0.0,0.0,0.9475156,0.85735327,0.0,0.0
1.0,0.0,3.0,0.0,0.5,0.5,0.5,0.0,0.0,0.5,0.5,1.0,0.0
0.0,3.0,6.0,29.0,0.0,0.0,0.0,0.0,0.0,0.8852385,0.8969089,0.0,0.0
0.0,1.0,4.0,4.0,0.5,0.5,0.5,0.0,0.0,0.5,0.5,1.0,0.0
0.0,0.0,4.0,13.0,0.0,0.0,0.0,0.0,0.0,0.89623195,0.9245785,0.0,0.0
1.0,0.0,4.0,17.0,0.0,0.0,0.0,0.0,0.0,0.9435627,0.8969081,0.0,0.0
1.0,1.0,8.0,17.0,0.0,0.0,0.0,0.0,0.0,0.9254018,0.8571609,0.0,0.0
1.0,0.0,10.0,21.0,1.0,0.0,1.0,1.0,4777.0,0.86377805,0.8457125,0.0,1.0
0.0,1.0,9.0,15.0,1.0,1.0,1.0,0.0,0.0,0.3264533,0.7172711,0.0,1.0
1.0,0.0,2.0,5.0,0.0,0.0,0.0,0.0,0.0,0.93742025,0.9402275,0.0,0.0
13.0,18.0,37.0,100.0,1.0,0.0,1.0,0.0,0.0,0.29804462,0.070661955,0.0,1.0
1.0,2.0,5.0,13.0,0.0,0.0,0.0,0.0,0.0,0.95610696,0.8848631,0.0,0.0
2.0,4.0,3.0,25.0,1.0,0.0,1.0,1.0,3940.0,0.9020159,0.719627,0.0,1.0
10.0,32.0,33.0,166.0,1.0,1.0,0.0,0.0,0.0,0.077001646,0.053072147,0.0,1.0
1.0,0.0,2.0,17.0,1.0,0.0,1.0,1.0,4968.0,0.67777896,0.97601706,0.0,1.0
1.0,3.0,2.0,15.0,0.0,0.0,0.0,0.0,0.0,0.8035181,0.9464644,0.0,0.0
1.0,1.0,2.0,3.0,0.5,0.5,0.5,0.0,0.0,0.5,0.5,1.0,0.0
1.0,2.0,2.0,27.0,0.0,0.0,0.0,0.0,0.0,0.9046568,0.8851635,0.0,0.0
0.0,1.0,1.0,7.0,0.0,0.0,0.0,0.0,0.0,0.81668884,0.9837394,0.0,0.0
0.0,2.0,1.0,28.0,0.0,0.0,0.0,0.0,0.0,0.9082417,0.9605832,0.0,0.0
6.0,30.0,89.0,72.0,1.0,0.0,0.0,0.0,0.0,0.095625244,0.071604416,0.0,1.0
3.0,2.0,1.0,20.0,1.0,1.0,1.0,0.0,0.0,0.64095557,0.80036604,0.0,1.0
1.0,1.0,3.0,29.0,0.0,0.0,0.0,0.0,0.0,0.93995446,0.9528245,0.0,0.0
5.0,25.0,71.0,172.0,1.0,0.0,1.0,0.0,0.0,0.0919322,0.058394305,0.0,1.0
1.0,3.0,1.0,27.0,0.0,0.0,0.0,0.0,0.0,0.9072508,0.8501536,0.0,0.0
7.0,14.0,46.0,66.0,1.0,0.0,1.0,0.0,0.0,0.28339085,0.26386973,0.0,1.0
0.0,1.0,2.0,15.0,0.0,0.0,0.0,0.0,0.0,0.9006579,0.97904736,0.0,0.0
1.0,2.0,7.0,11.0,0.0,0.0,0.0,0.0,0.0,0.9408029,0.9138496,0.0,0.0
10.0,37.0,85.0,77.0,1.0,0.0,0.0,0.0,0.0,0.11468459,0.17766906,0.0,1.0
0.0,2.0,8.0,8.0,0.0,0.0,0.0,0.0,0.0,0.9479808,0.906099,0.0,0.0
0.0,0.0,1.0,3.0,0.5,0.5,0.5,0.0,0.0,0.5,0.5,1.0,0.0
14.0,36.0,47.0,101.0,1.0,0.0,1.0,0.0,0.0,0.122365795,0.1726464,0.0,1.0
1.0,2.0,4.0,19.0,0.0,0.0,0.0,0.0,0.0,0.93737394,0.98954636,0.0,0.0
0.0,1.0,8.0,24.0,0.0,0.0,0.0,0.0,0.0,0.94767755,0.9069051,0.0,0.0
0.0,5.0,1.0,25.0,1.0,0.0,1.0,1.0,2367.0,0.79059345,0.98287404,0.0,1.0
0.0,0.0,8.0,20.0,0.0,0.0,0.0,0.0,0.0,0.9144892,0.9748849,0.0,0.0
0.0,1.0,3.0,15.0,0.0,0.0,0.0,0.0,0.0,0.82511175,0.9813398,0.0,0.0
3.0,5.0,5.0,16.0,0.0,0.0,1.0,0.0,0.0,0.42683432,0.7943817,1.0,1.0
7.0,30.0,95.0,132.0,1.0,1.0,1.0,0.0,0.0,0.20413311,0.2199134,0.0,1.0
1.0,3.0,3.0,27.0,0.0,0.0,0.0,0.0,0.0,0.9111026,0.86269045,0.0,0.0
0.0,0.0,2.0,5.0,0.0,0.0,0.0,0.0,0.0,0.827544,0.9731859,0.0,0.0
1.0,3.0,2.0,10.0,0.0,0.0,0.0,0.0,0.0,0.9426431,0.92699516,0.0,0.0
0.0,3.0,6.0,22.0,0.0,0.0,0.0,0.0,0.0,0.8473412,0.8593546,0.0,0.0
1.0,1.0,4.0,30.0,0.0,0.0,0.0,0.0,0.0,0.9615069,0.9817342,0.0,0.0
0.0,1.0,1.0,4.0,0.5,0.5,0.5,0.0,0.0,0.5,0.5,1.0,0.0
3.0,3.0,14.0,7.0,1.0,1.0,0.0,0.0,0.0,0.35221645,0.6338185,1.0,1.0
0.0,1.0,2.0,20.0,0.0,0.0,0.0,0.0,0.0,0.8044382,0.9208126,0.0,0.0
1.0,1.0,8.0,10.0,0.0,0.0,0.0,0.0,0.0,0.8055269,0.97146535,0.0,0.0
0.0,3.0,5.0,26.0,0.0,0.0,0.0,0.0,0.0,0.89371485,0.93730485,0.0,0.0
0.0,3.0,1.0,10.0,0.0,0.0,0.0,0.0,0.0,0.9291009,0.8851364,0.0,0.0
1.0,2.0,8.0,17.0,0.0,0.0,0.0,0.0,0.0,0.85334945,0.92686623,0.0,0.0
8.0,27.0,78.0,168.0,1.0,0.0,0.0,0.0,0.0,0.14689347,0.12958917,0.0,1.0
0.0,3.0,1.0,11.0,0.0,0.0,0.0,0.0,0.0,0.8414321,0.93553495,0.0,0.0
1.0,0.0,5.0,25.0,0.0,0.0,0.0,0.0,0.0,0.9605844,0.89492327,0.0,0.0
12.0,14.0,72.0,107.0,1.0,0.0,1.0,0.0,0.0,0.14425258,0.22936068,0.0,1.0
9.0,32.0,33.0,58.0,1.0,1.0,1.0,0.0,0.0,0.11522028,0.13363531,0.0,1.0
1.0,2.0,2.0,4.0,0.5,0.5,0.5,0.0,0.0,0.5,0.5,1.0,0.0
0.0,2.0,5.0,15.0,0.0,0.0,0.0,0.0,0.0,0.89022475,0.95629215,0.0,0.0
11.0,38.0,100.0,59.0,1.0,1.0,0.0,0.0,0.0,0.12862928,0.13081844,0.0,1.0
15.0,33.0,80.0,96.0,1.0,1.0,0.0,0.0,0.0,0.27119187,0.2815568,0.0,1.0
11.0,30.0,55.0,124.0,1.0,1.0,0.0,0.0,0.0,0.16301441,0.19264635,0.0,1.0
2.0,0.0,8.0,7.0,0.0,0.0,0.0,0.0,0.0,0.5029822,0.54099053,0.0,0.0
2.0,5.0,10.0,9.0,1.0,1.0,0.0,0.0,0.0,0.81528175,0.60467374,0.0,0.0
0.0,1.0,3.0,19.0,0.0,0.0,0.0,0.0,0.0,0.83105415,0.85678554,0.0,0.0
1.0,3.0,10.0,14.0,1.0,1.0,0.0,0.0,0.0,0.69416195,0.5934728,0.0,0.0
0.0,0.0,8.0,17.0,0.0,0.0,0.0,0.0,0.0,0.96193725,0.92753196,0.0,0.0
0.0,3.0,3.0,13.0,0.0,1.0,0.0,0.0,0.0,0.48583063,0.57026154,1.0,1.0
0.0,2.0,8.0,19.0,0.0,0.0,0.0,0.0,0.0,0.9522379,0.88951606,0.0,0.0
1.0,0.0,6.0,16.0,0.0,0.0,0.0,0.0,0.0,0.90867066,0.962998,0.0,0.0
0.0,1.0,6.0,20.0,0.0,0.0,0.0,0.0,0.0,0.8826779,0.9777784,0.0,0.0
0.0,2.0,3.0,9.0,0.0,0.0,0.0,0.0,0.0,0.819162,0.86739343,0.0,0.0
0.0,1.0,4.0,11.0,0.0,0.0,0.0,0.0,0.0,0.9506558,0.88492864,0.0,0.0
1.0,1.0,9.0,5.0,1.0,0.0,1.0,1.0,4987.0,0.8538723,0.9680273,0.0,1.0
1.0,0.0,5.0,23.0,0.0,0.0,0.0,0.0,0.0,0.96688133,0.9145616,0.0,0.0
2.0,5.0,14.0,14.0,1.0,0.0,1.0,0.0,0.0,0.7191226,0.8542838,1.0,1.0
1.0,2.0,6.0,23.0,0.0,0.0,0.0,0.0,0.0,0.93642807,0.9395102,0.0,0.0
3.0,7.0,7.0,8.0,1.0,0.0,1.0,0.0,0.0,0.8484271,0.44985914,0.0,1.0
9.0,13.0,39.0,121.0,1.0,0.0,0.0,0.0,0.0,0.2821916,0.12862118,0.0,1.0
0.0,3.0,6.0,25.0,0.0,0.0,0.0,0.0,0.0,0.8673367,0.8799595,0.0,0.0
14.0,27.0,89.0,75.0,1.0,0.0,1.0,0.0,0.0,0.24750403,0.068263635,0.0,1.0
1.0,2.0,8.0,7.0,0.0,0.0,0.0,0.0,0.0,0.833222,0.9061999,0.0,0.0
0.0,0.0,2.0,23.0,1.0,0.0,1.0,1.0,1016.0,0.63739,0.83832335,0.0,1.0
1.0,1.0,7.0,23.0,0.0,0.0,0.0,0.0,0.0,0.9514138,0.8769512,0.0,0.0
0.0,1.0,5.0,27.0,0.0,0.0,0.0,0.0,0.0,0.8257191,0.91121405,0.0,0.0
0.0,0.0,9.0,9.0,1.0,0.0,1.0,1.0,1840.0,0.8535997,0.83321685,0.0,1.0
0.0,7.0,10.0,19.0,0.0,0.0,1.0,0.0,0.0,0.7783619,0.4096108,0.0,0.0
10.0,37.0,78.0,171.0,1.0,0.0,0.0,0.0,0.0,0.17619097,0.16523404,0.0,1.0
0.0,0.0,13.0,19.0,0.0,1.0,1.0,0.0,0.0,0.3253711,0.46985382,0.0,1.0
1.0,3.0,2.0,25.0,0.0,0.0,0.0,0.0,0.0,0.85590976,0.870128,0.0,0.0
1.0,3.0,2.0,5.0,0.0,0.0,0.0,0.0,0.0,0.89859337,0.9644962,0.0,0.0
0.0,5.0,7.0,22.0,1.0,0.0,1.0,1.0,3030.0,0.6164094,0.7998803,0.0,1.0
1.0,2.0,4.0,14.0,0.0,0.0,0.0,0.0,0.0,0.9577265,0.98799735,0.0,0.0
1.0,4.0,2.0,18.0,0.0,0.0,1.0,0.0,0.0,0.4697506,0.51872224,0.0,0.0
13.0,39.0,84.0,112.0,1.0,1.0,0.0,0.0,0.0,0.25921372,0.14070518,0.0,1.0
0.0,2.0,6.0,15.0,1.0,0.0,1.0,1.0,4657.0,0.78905326,0.74012846,0.0,1.0
1.0,1.0,5.0,4.0,0.5,0.5,0.5,0.0,0.0,0.5,0.5,1.0,0.0
0.0,2.0,7.0,8.0,0.0,0.0,0.0,0.0,0.0,0.870511,0.8518465,0.0,0.0
1.0,0.0,3.0,2.0,0.5,0.5,0.5,0.0,0.0,0.5,0.5,1.0,0.0
0.0,0.0,3.0,19.0,0.0,0.0,0.0,0.0,0.0,0.86239475,0.88393885,0.0,0.0
1.0,3.0,4.0,11.0,0.0,0.0,0.0,0.0,0.0,0.9387771,0.9326304,0.0,0.0
0.0,1.0,2.0,30.0,0.0,0.0,0.0,0.0,0.0,0.85867614,0.8944328,0.0,0.0
0.0,2.0,4.0,26.0,0.0,0.0,0.0,0.0,0.0,0.87043357,0.86962926,0.0,0.0
0.0,2.0,1.0,22.0,0.0,0.0,0.0,0.0,0.0,0.94376004,0.9544208,0.0,0.0
1.0,2.0,4.0,22.0,0.0,0.0,0.0,0.0,0.0,0.85465515,0.8747628,0.0,0.0
0.0,3.0,1.0,8.0,0.0,0.0,0.0,0.0,0.0,0.9794391,0.97466767,0.0,0.0
0.0,0.0,6.0,26.0,0.0,0.0,0.0,0.0,0.0,0.8633444,0.93753237,0.0,0.0
0.0,1.0,2.0,26.0,0.0,0.0,0.0,0.0,0.0,0.939191,0.9180341,0.0,0.0
8.0,20.0,66.0,159.0,1.0,1.0,1.0,0.0,0.0,0.20612523,0.1508171,0.0,1.0
0.0,0.0,8.0,9.0,0.0,0.0,0.0,0.0,0.0,0.8420308,0.9103453,0.0,0.0
1.0,1.0,4.0,11.0,0.0,0.0,0.0,0.0,0.0,0.8545273,0.9093997,0.0,0.0
1.0,1.0,5.0,19.0,0.0,0.0,0.0,0.0,0.0,0.8538618,0.8923424,0.0,0.0
0.0,0.0,4.0,15.0,0.0,0.0,0.0,0.0,0.0,0.95620066,0.90874505,0.0,0.0
1.0,0.0,3.0,30.0,0.0,0.0,0.0,0.0,0.0,0.8047795,0.9658528,0.0,0.0
0.0,3.0,4.0,6.0,0.0,0.0,0.0,0.0,0.0,0.84588736,0.95006615,0.0,0.0
1.0,2.0,4.0,6.0,0.0,0.0,0.0,0.0,0.0,0.8016481,0.98046815,0.0,0.0
0.0,1.0,7.0,15.0,0.0,0.0,0.0,0.0,0.0,0.90361804,0.96947604,0.0,0.0
0.0,0.0,8.0,9.0,0.0,0.0,0.0,0.0,0.0,0.8510583,0.91467327,0.0,0.0
5.0,38.0,64.0,197.0,1.0,0.0,1.0,0.0,0.0,0.19637264,0.17638022,0.0,1.0
2.0,2.0,9.0,17.0,1.0,0.0,1.0,1.0,4513.0,0.7153493,0.8917637,0.0,1.0
9.0,15.0,94.0,178.0,1.0,1.0,0.0,0.0,0.0,0.15456621,0.22720051,0.0,1.0
0.0,3.0,1.0,16.0,0.0,0.0,0.0,0.0,0.0,0.84132296,0.8802277,0.0,0.0
0.0,0.0,5.0,1.0,0.5,0.5,0.5,0.0,0.0,0.5,0.5,1.0,0.0
13.0,23.0,75.0,169.0,1.0,0.0,0.0,0.0,0.0,0.09242911,0.114223294,0.0,1.0
3.0,3.0,4.0,9.0,0.0,1.0,0.0,0.0,0.0,0.5588691,0.5023879,0.0,1.0
0.0,1.0,3.0,10.0,0.0,0.0,0.0,0.0,0.0,0.8146583,0.9255479,0.0,0.0
1.0,1.0,2.0,10.0,0.0,0.0,0.0,0.0,0.0,0.8856565,0.9360647,0.0,0.0
0.0,4.0,7.0,16.0,1.0,0.0,1.0,1.0,2302.0,0.8098422,0.98332465,0.0,1.0
1.0,0.0,3.0,11.0,0.0,0.0,0.0,0.0,0.0,0.8125084,0.98481923,0.0,0.0
1.0,2.0,4.0,12.0,0.0,0.0,0.0,0.0,0.0,0.9057012,0.85597795,0.0,0.0
1.0,2.0,4.0,29.0,0.0,0.0,0.0,0.0,0.0,0.8423969,0.87557805,0.0,0.0
1.0,0.0,4.0,7.0,0.0,0.0,0.0,0.0,0.0,0.93009025,0.9309885,0.0,0.0
1.0,0.0,2.0,26.0,0.0,0.0,0.0,0.0,0.0,0.8100422,0.85730845,0.0,0.0
1.0,1.0,5.0,23.0,0.0,0.0,0.0,0.0,0.0,0.92341745,0.96865076,0.0,0.0
3.0,7.0,3.0,13.0,1.0,0.0,0.0,0.0,0.0,0.8633644,0.40848002,0.0,0.0
1.0,0.0,5.0,10.0,0.0,0.0,0.0,0.0,0.0,0.8692651,0.98063755,0.0,0.0
2.0,5.0,6.0,5.0,1.0,0.0,1.0,1.0,3267.0,0.9061684,0.74099845,0.0,1.0
0.0,2.0,1.0,15.0,0.0,0.0,0.0,0.0,0.0,0.896306,0.8515097,0.0,0.0
0.0,2.0,6.0,16.0,1.0,0.0,1.0,1.0,4043.0,0.8725829,0.85337,0.0,1.0
12.0,35.0,40.0,139.0,1.0,1.0,0.0,0.0,0.0,0.11876906,0.16083811,0.0,1.0
1.0,1.0,5.0,19.0,0.0,0.0,0.0,0.0,0.0,0.8955634,0.8876467,0.0,0.0
1.0,3.0,7.0,23.0,0.0,0.0,0.0,0.0,0.0,0.82056177,0.89927787,0.0,0.0
1.0,1.0,2.0,14.0,0.0,0.0,0.0,0.0,0.0,0.900606,0.94008905,0.0,0.0
0.0,0.0,4.0,4.0,0.5,0.5,0.5,0.0,0.0,0.5,0.5,1.0,0.0
1.0,1.0,5.0,30.0,0.0,0.0,0.0,0.0,0.0,0.88036335,0.87645215,0.0,0.0
0.0,0.0,3.0,7.0,0.0,0.0,0.0,0.0,0.0,0.9207262,0.87690705,0.0,0.0
3.0,5.0,9.0,5.0,1.0,0.0,1.0,0.0,0.0,0.68261725,0.7162599,1.0,1.0
0.0,3.0,8.0,10.0,0.0,0.0,0.0,0.0,0.0,0.9760055,0.93176466,0.0,0.0
0.0,2.0,2.0,22.0,0.0,0.0,0.0,0.0,0.0,0.8959331,0.9507217,0.0,0.0
3.0,7.0,8.0,6.0,0.0,1.0,0.0,0.0,0.0,0.49142367,0.7159764,1.0,1.0
1.0,1.0,1.0,24.0,0.0,0.0,0.0,0.0,0.0,0.822121,0.9242881,0.0,0.0
0.0,2.0,4.0,2.0,0.5,0.5,0.5,0.0,0.0,0.5,0.5,1.0,0.0
0.0,0.0,8.0,13.0,0.0,0.0,0.0,0.0,0.0,0.96146566,0.8528326,0.0,0.0
1.0,1.0,8.0,15.0,0.0,0.0,0.0,0.0,0.0,0.8654016,0.85759854,0.0,0.0
13.0,21.0,99.0,54.0,1.0,0.0,0.0,0.0,0.0,0.27304414,0.059447035,0.0,1.0
1.0,2.0,5.0,25.0,0.0,0.0,0.0,0.0,0.0,0.8251409,0.85121864,0.0,0.0
1.0,0.0,3.0,18.0,0.0,0.0,0.0,0.0,0.0,0.8083699,0.9027851,0.0,0.0
